scope,regime,policy,pin_frac,budget_gib,slots,initial_records,initial_state_gib,repopulation_charged,requests,hits,misses,evictions,hit_rate,prefill_misses,decode_misses,prefill_hits,decode_hits,miss_frac,ssd_MiB_per_token,wall_s_at_0.29GiBps,wall_s_at_0.33GiBps,wall_s_at_0.37GiBps,wall_s_at_3.0GiBps,wall_s_at_5.0GiBps,wall_s_at_7.0GiBps,wall_s_at_12.0GiBps
full,A,lru,,8,642,0,0.0,0,5099,2056,3043,2401,0.403216,1229,1814,0,2056,0.596784,2424.9,130.651,114.815,102.402,12.63,7.578,5.413,3.157
full,A,engine_priority_lru,,8,642,0,0.0,0,5099,710,4389,3747,0.139243,1229,3160,0,710,0.860757,3497.5,188.442,165.601,147.698,18.216,10.93,7.807,4.554
full,A,arc,,8,642,0,0.0,0,5099,1596,3503,2861,0.313003,1229,2274,0,1596,0.686997,2791.5,150.402,132.171,117.882,14.539,8.723,6.231,3.635
full,A,lfu,,8,642,0,0.0,0,5099,1980,3119,2477,0.388311,1229,1890,0,1980,0.611689,2485.5,133.915,117.682,104.96,12.945,7.767,5.548,3.236
full,A,freq_x_recency,,8,642,0,0.0,0,5099,2066,3033,2391,0.405177,1229,1804,0,2066,0.594823,2416.9,130.222,114.438,102.066,12.588,7.553,5.395,3.147
full,A,layer_lru,,8,642,0,0.0,0,5099,1910,3189,2587,0.374583,1229,1960,0,1910,0.625417,2541.2,136.92,120.324,107.316,13.236,7.941,5.672,3.309
full,A,cost_aware,,8,642,0,0.0,0,5099,2056,3043,2401,0.403216,1229,1814,0,2056,0.596784,2424.9,130.651,114.815,102.402,12.63,7.578,5.413,3.157
full,A,belady_cold,,8,642,0,0.0,0,5099,2735,2364,1722,0.53638,1229,1135,0,2735,0.46362,1883.8,101.499,89.196,79.553,9.812,5.887,4.205,2.453
full,B,freq_lru_warmup,0.5,8,642,0,0.0,321,5099,1577,3843,3201,0.309276,1229,2614,0,1577,0.753677,3062.4,164.999,145.0,129.324,15.95,9.57,6.836,3.987
full,B,freq_lru_warmup_s4,0.5,8,642,0,0.0,0,5099,1876,3223,2581,0.367915,1229,1994,0,1876,0.632085,2568.3,138.38,121.606,108.46,13.377,8.026,5.733,3.344
full,C,static_freq_prewarm,,8,642,642,7.994,0,5099,3084,2015,0,0.604824,821,1194,408,2676,0.395176,1605.7,86.514,76.028,67.808,8.363,5.018,3.584,2.091
full,C,static_layer_freq_prewarm,,8,642,602,7.496,0,5099,2987,2112,0,0.585801,859,1253,370,2617,0.414199,1683.0,90.679,79.688,71.073,8.766,5.259,3.757,2.191
full,C,freq_lru_prewarm,0.25,8,642,160,1.992,0,5099,2270,2829,2347,0.445185,1119,1710,110,2160,0.554815,2254.4,121.463,106.741,95.201,11.741,7.045,5.032,2.935
full,C,freq_lru_prewarm,0.5,8,642,321,3.997,0,5099,2574,2525,2204,0.504805,1042,1483,187,2387,0.495195,2012.1,108.411,95.27,84.971,10.48,6.288,4.491,2.62
full,C,freq_lru_prewarm,0.75,8,642,481,5.989,0,5099,2864,2235,2074,0.561679,954,1281,275,2589,0.438321,1781.0,95.96,84.328,75.212,9.276,5.566,3.975,2.319
full,C,freq_lru_prewarm,0.9,8,642,577,7.184,0,5099,2961,2138,2073,0.580702,886,1252,343,2618,0.419298,1703.7,91.795,80.669,71.948,8.874,5.324,3.803,2.218
full,C,freq_lru_prewarm,0.99,8,642,635,7.906,0,5099,3070,2029,2022,0.602079,828,1201,401,2669,0.397921,1616.9,87.115,76.556,68.28,8.421,5.053,3.609,2.105
full,C,lru_prewarm_topN,,8,642,642,7.994,0,5099,2211,2888,2888,0.433614,1074,1814,155,2056,0.566386,2301.4,123.996,108.967,97.186,11.986,7.192,5.137,2.997
full,C,belady_same_state_prewarm,,8,642,642,7.994,0,5099,3296,1803,1803,0.646401,821,982,408,2888,0.353599,1436.8,77.412,68.029,60.674,7.483,4.49,3.207,1.871
full,C,belady_pin_same_state,0.25,8,642,160,1.992,0,5099,2895,2204,1722,0.567758,1119,1085,110,2785,0.432242,1756.3,94.629,83.159,74.169,9.147,5.488,3.92,2.287
full,C,belady_pin_same_state,0.5,8,642,321,3.997,0,5099,3056,2043,1722,0.599333,1042,1001,187,2869,0.400667,1628.0,87.716,77.084,68.751,8.479,5.088,3.634,2.12
full,C,belady_pin_same_state,0.75,8,642,481,5.989,0,5099,3163,1936,1775,0.620318,954,982,275,2888,0.379682,1542.8,83.122,73.047,65.15,8.035,4.821,3.444,2.009
full,C,belady_pin_same_state,0.9,8,642,577,7.184,0,5099,3197,1902,1837,0.626986,886,1016,343,2854,0.373014,1515.7,81.663,71.764,64.006,7.894,4.736,3.383,1.974
full,C,belady_pin_same_state,0.99,8,642,635,7.906,0,5099,3129,1970,1963,0.61365,828,1142,401,2728,0.38635,1569.8,84.582,74.33,66.294,8.176,4.906,3.504,2.044
full,A,lru,,12,963,0,0.0,0,5099,2376,2723,1760,0.465974,1229,1494,0,2376,0.534026,2169.9,116.912,102.741,91.634,11.302,6.781,4.844,2.825
full,A,engine_priority_lru,,12,963,0,0.0,0,5099,1174,3925,2962,0.230241,1229,2696,0,1174,0.769759,3127.7,168.52,148.093,132.083,16.29,9.774,6.982,4.073
full,A,arc,,12,963,0,0.0,0,5099,2188,2911,1948,0.429104,1229,1682,0,2188,0.570896,2319.7,124.984,109.834,97.96,12.082,7.249,5.178,3.02
full,A,lfu,,12,963,0,0.0,0,5099,2374,2725,1762,0.465581,1229,1496,0,2374,0.534419,2171.5,116.998,102.816,91.701,11.31,6.786,4.847,2.827
full,A,freq_x_recency,,12,963,0,0.0,0,5099,2381,2718,1755,0.466954,1229,1489,0,2381,0.533046,2165.9,116.698,102.552,91.466,11.281,6.768,4.835,2.82
full,A,layer_lru,,12,963,0,0.0,0,5099,2352,2747,1801,0.461267,1229,1518,0,2352,0.538733,2189.0,117.943,103.647,92.442,11.401,6.841,4.886,2.85
full,A,cost_aware,,12,963,0,0.0,0,5099,2376,2723,1760,0.465974,1229,1494,0,2376,0.534026,2169.9,116.912,102.741,91.634,11.302,6.781,4.844,2.825
full,A,belady_cold,,12,963,0,0.0,0,5099,2735,2364,1401,0.53638,1229,1135,0,2735,0.46362,1883.8,101.499,89.196,79.553,9.812,5.887,4.205,2.453
full,B,freq_lru_warmup,0.5,12,963,0,0.0,266,5099,2086,3279,2316,0.4091,1229,2050,0,2086,0.643067,2613.0,140.784,123.719,110.344,13.609,8.165,5.832,3.402
full,B,freq_lru_warmup_s4,0.5,12,963,0,0.0,92,5099,2371,2820,1857,0.464993,1229,1591,0,2371,0.55305,2247.2,121.077,106.401,94.898,11.704,7.022,5.016,2.926
full,C,static_freq_prewarm,,12,963,963,11.99,0,5099,3698,1401,0,0.72524,716,685,513,3185,0.27476,1116.4,60.152,52.861,47.146,5.815,3.489,2.492,1.454
full,C,static_layer_freq_prewarm,,12,963,946,11.779,0,5099,3615,1484,0,0.708963,671,813,558,3057,0.291037,1182.6,63.716,55.993,49.939,6.159,3.696,2.64,1.54
full,C,freq_lru_prewarm,0.25,12,963,240,2.988,0,5099,2675,2424,1701,0.524613,1076,1348,153,2522,0.475387,1931.6,104.075,91.46,81.572,10.061,6.036,4.312,2.515
full,C,freq_lru_prewarm,0.5,12,963,481,5.989,0,5099,3016,2083,1601,0.591489,954,1129,275,2741,0.408511,1659.9,89.434,78.593,70.097,8.645,5.187,3.705,2.161
full,C,freq_lru_prewarm,0.75,12,963,722,8.99,0,5099,3372,1727,1486,0.661306,744,983,485,2887,0.338694,1376.2,74.149,65.161,58.117,7.168,4.301,3.072,1.792
full,C,freq_lru_prewarm,0.9,12,963,866,10.783,0,5099,3580,1519,1422,0.702098,744,775,485,3095,0.297902,1210.5,65.218,57.313,51.117,6.304,3.783,2.702,1.576
full,C,freq_lru_prewarm,0.99,12,963,953,11.866,0,5099,3688,1411,1401,0.723279,726,685,503,3185,0.276721,1124.4,60.581,53.238,47.483,5.856,3.514,2.51,1.464
full,C,lru_prewarm_topN,,12,963,963,11.99,0,5099,2718,2381,2381,0.533046,887,1494,342,2376,0.466954,1897.4,102.228,89.837,80.125,9.882,5.929,4.235,2.471
full,C,belady_same_state_prewarm,,12,963,963,11.99,0,5099,3698,1401,1401,0.72524,716,685,513,3185,0.27476,1116.4,60.152,52.861,47.146,5.815,3.489,2.492,1.454
full,C,belady_pin_same_state,0.25,12,963,240,2.988,0,5099,2975,2124,1401,0.583448,1076,1048,153,2822,0.416552,1692.6,91.194,80.14,71.476,8.815,5.289,3.778,2.204
full,C,belady_pin_same_state,0.5,12,963,481,5.989,0,5099,3216,1883,1401,0.630712,954,929,275,2941,0.369288,1500.5,80.847,71.047,63.366,7.815,4.689,3.349,1.954
full,C,belady_pin_same_state,0.75,12,963,722,8.99,0,5099,3457,1642,1401,0.677976,744,898,485,2972,0.322024,1308.5,70.499,61.954,55.256,6.815,4.089,2.921,1.704
full,C,belady_pin_same_state,0.9,12,963,866,10.783,0,5099,3601,1498,1401,0.706217,744,754,485,3116,0.293783,1193.7,64.317,56.521,50.41,6.217,3.73,2.665,1.554
full,C,belady_pin_same_state,0.99,12,963,953,11.866,0,5099,3688,1411,1401,0.723279,726,685,503,3185,0.276721,1124.4,60.581,53.238,47.483,5.856,3.514,2.51,1.464
full,A,lru,,16,1285,0,0.0,0,5099,2592,2507,1222,0.508335,1229,1278,0,2592,0.491665,1997.8,107.638,94.591,84.365,10.405,6.243,4.459,2.601
full,A,engine_priority_lru,,16,1285,0,0.0,0,5099,1738,3361,2076,0.340851,1229,2132,0,1738,0.659149,2678.3,144.305,126.813,113.104,13.949,8.37,5.978,3.487
full,A,arc,,16,1285,0,0.0,0,5099,2572,2527,1242,0.504413,1229,1298,0,2572,0.495587,2013.7,108.497,95.346,85.038,10.488,6.293,4.495,2.622
full,A,lfu,,16,1285,0,0.0,0,5099,2592,2507,1222,0.508335,1229,1278,0,2592,0.491665,1997.8,107.638,94.591,84.365,10.405,6.243,4.459,2.601
full,A,freq_x_recency,,16,1285,0,0.0,0,5099,2593,2506,1221,0.508531,1229,1277,0,2593,0.491469,1997.0,107.595,94.553,84.331,10.401,6.241,4.458,2.6
full,A,layer_lru,,16,1285,0,0.0,0,5099,2561,2538,1291,0.502255,1229,1309,0,2561,0.497745,2022.5,108.969,95.761,85.408,10.534,6.32,4.514,2.633
full,A,cost_aware,,16,1285,0,0.0,0,5099,2592,2507,1222,0.508335,1229,1278,0,2592,0.491665,1997.8,107.638,94.591,84.365,10.405,6.243,4.459,2.601
full,A,belady_cold,,16,1285,0,0.0,0,5099,2735,2364,1079,0.53638,1229,1135,0,2735,0.46362,1883.8,101.499,89.196,79.553,9.812,5.887,4.205,2.453
full,B,freq_lru_warmup,0.5,16,1285,0,0.0,0,5099,2517,2582,1297,0.493626,1229,1353,0,2517,0.506374,2057.5,110.858,97.421,86.889,10.716,6.43,4.593,2.679
full,B,freq_lru_warmup_s4,0.5,16,1285,0,0.0,180,5099,2572,2707,1422,0.504413,1229,1478,0,2572,0.530888,2157.1,116.225,102.137,91.095,11.235,6.741,4.815,2.809
full,C,static_freq_prewarm,,16,1285,1285,16.0,0,5099,4020,1079,0,0.78839,394,685,835,3185,0.21161,859.8,46.327,40.712,36.31,4.478,2.687,1.919,1.12
full,C,static_layer_freq_prewarm,,16,1285,1247,15.527,0,5099,3979,1120,0,0.780349,430,690,799,3180,0.219651,892.5,48.087,42.259,37.69,4.648,2.789,1.992,1.162
full,C,freq_lru_prewarm,0.25,16,1285,321,3.997,0,5099,2923,2176,1212,0.57325,1042,1134,187,2736,0.42675,1734.0,93.427,82.102,73.226,9.031,5.419,3.871,2.258
full,C,freq_lru_prewarm,0.5,16,1285,642,7.994,0,5099,3346,1753,1110,0.656207,821,932,408,2938,0.343793,1396.9,75.265,66.142,58.992,7.276,4.365,3.118,1.819
full,C,freq_lru_prewarm,0.75,16,1285,963,11.99,0,5099,3698,1401,1079,0.72524,716,685,513,3185,0.27476,1116.4,60.152,52.861,47.146,5.815,3.489,2.492,1.454
full,C,freq_lru_prewarm,0.9,16,1285,1156,14.394,0,5099,3891,1208,1079,0.763091,523,685,706,3185,0.236909,962.6,51.866,45.579,40.651,5.014,3.008,2.149,1.253
full,C,freq_lru_prewarm,0.99,16,1285,1272,15.838,0,5099,4007,1092,1079,0.78584,407,685,822,3185,0.21416,870.2,46.885,41.202,36.748,4.532,2.719,1.942,1.133
full,C,lru_prewarm_topN,,16,1285,1285,16.0,0,5099,3381,1718,1718,0.663071,446,1272,783,2598,0.336929,1369.0,73.762,64.822,57.814,7.13,4.278,3.056,1.783
full,C,belady_same_state_prewarm,,16,1285,1285,16.0,0,5099,4020,1079,1079,0.78839,394,685,835,3185,0.21161,859.8,46.327,40.712,36.31,4.478,2.687,1.919,1.12
full,C,belady_pin_same_state,0.25,16,1285,321,3.997,0,5099,3056,2043,1079,0.599333,1042,1001,187,2869,0.400667,1628.0,87.716,77.084,68.751,8.479,5.088,3.634,2.12
full,C,belady_pin_same_state,0.5,16,1285,642,7.994,0,5099,3377,1722,1079,0.662287,821,901,408,2969,0.337713,1372.2,73.934,64.972,57.948,7.147,4.288,3.063,1.787
full,C,belady_pin_same_state,0.75,16,1285,963,11.99,0,5099,3698,1401,1079,0.72524,716,685,513,3185,0.27476,1116.4,60.152,52.861,47.146,5.815,3.489,2.492,1.454
full,C,belady_pin_same_state,0.9,16,1285,1156,14.394,0,5099,3891,1208,1079,0.763091,523,685,706,3185,0.236909,962.6,51.866,45.579,40.651,5.014,3.008,2.149,1.253
full,C,belady_pin_same_state,0.99,16,1285,1272,15.838,0,5099,4007,1092,1079,0.78584,407,685,822,3185,0.21416,870.2,46.885,41.202,36.748,4.532,2.719,1.942,1.133
full,A,lru,,20,1606,0,0.0,0,5099,2668,2431,825,0.52324,1229,1202,0,2668,0.47676,1937.2,104.375,91.724,81.808,10.09,6.054,4.324,2.522
full,A,engine_priority_lru,,20,1606,0,0.0,0,5099,2227,2872,1266,0.436752,1229,1643,0,2227,0.563248,2288.6,123.31,108.363,96.648,11.92,7.152,5.109,2.98
full,A,arc,,20,1606,0,0.0,0,5099,2663,2436,830,0.522259,1229,1207,0,2663,0.477741,1941.2,104.59,91.912,81.976,10.11,6.066,4.333,2.528
full,A,lfu,,20,1606,0,0.0,0,5099,2668,2431,825,0.52324,1229,1202,0,2668,0.47676,1937.2,104.375,91.724,81.808,10.09,6.054,4.324,2.522
full,A,freq_x_recency,,20,1606,0,0.0,0,5099,2668,2431,825,0.52324,1229,1202,0,2668,0.47676,1937.2,104.375,91.724,81.808,10.09,6.054,4.324,2.522
full,A,layer_lru,,20,1606,0,0.0,0,5099,2641,2458,868,0.517945,1229,1229,0,2641,0.482055,1958.7,105.534,92.742,82.716,10.202,6.121,4.372,2.55
full,A,cost_aware,,20,1606,0,0.0,0,5099,2668,2431,825,0.52324,1229,1202,0,2668,0.47676,1937.2,104.375,91.724,81.808,10.09,6.054,4.324,2.522
full,A,belady_cold,,20,1606,0,0.0,0,5099,2735,2364,758,0.53638,1229,1135,0,2735,0.46362,1883.8,101.499,89.196,79.553,9.812,5.887,4.205,2.453
full,B,freq_lru_warmup,0.5,20,1606,0,0.0,0,5099,2655,2444,838,0.52069,1229,1215,0,2655,0.47931,1947.6,104.933,92.214,82.245,10.144,6.086,4.347,2.536
full,B,freq_lru_warmup_s4,0.5,20,1606,0,0.0,0,5099,2676,2423,817,0.524809,1229,1194,0,2676,0.475191,1930.8,104.032,91.422,81.538,10.056,6.034,4.31,2.514
full,C,static_freq_prewarm,,20,1606,1606,19.997,0,5099,4341,758,0,0.851343,73,685,1156,3185,0.148657,604.0,32.545,28.6,25.508,3.146,1.888,1.348,0.786
full,C,static_layer_freq_prewarm,,20,1606,1590,19.797,0,5099,4325,774,0,0.848206,137,637,1092,3233,0.151794,616.8,33.232,29.204,26.047,3.212,1.927,1.377,0.803
full,C,freq_lru_prewarm,0.25,20,1606,401,4.993,0,5099,3082,2017,812,0.604432,969,1048,260,2822,0.395568,1607.3,86.6,76.103,67.876,8.371,5.023,3.588,2.093
full,C,freq_lru_prewarm,0.5,20,1606,803,9.998,0,5099,3538,1561,758,0.693862,744,817,485,3053,0.306138,1243.9,67.022,58.898,52.53,6.479,3.887,2.777,1.62
full,C,freq_lru_prewarm,0.75,20,1606,1204,14.991,0,5099,3939,1160,758,0.772504,475,685,754,3185,0.227496,924.4,49.805,43.768,39.036,4.814,2.889,2.063,1.204
full,C,freq_lru_prewarm,0.9,20,1606,1445,17.992,0,5099,4180,919,758,0.819769,234,685,995,3185,0.180231,732.3,39.457,34.675,30.926,3.814,2.289,1.635,0.954
full,C,freq_lru_prewarm,0.99,20,1606,1589,19.785,0,5099,4324,775,758,0.848009,90,685,1139,3185,0.151991,617.6,33.275,29.241,26.08,3.217,1.93,1.379,0.804
full,C,lru_prewarm_topN,,20,1606,1606,19.997,0,5099,3978,1121,1121,0.780153,73,1048,1156,2822,0.219847,893.3,48.13,42.296,37.724,4.653,2.792,1.994,1.163
full,C,belady_same_state_prewarm,,20,1606,1606,19.997,0,5099,4341,758,758,0.851343,73,685,1156,3185,0.148657,604.0,32.545,28.6,25.508,3.146,1.888,1.348,0.786
full,C,belady_pin_same_state,0.25,20,1606,401,4.993,0,5099,3136,1963,758,0.615023,969,994,260,2876,0.384977,1564.3,84.282,74.066,66.059,8.147,4.888,3.492,2.037
full,C,belady_pin_same_state,0.5,20,1606,803,9.998,0,5099,3538,1561,758,0.693862,744,817,485,3053,0.306138,1243.9,67.022,58.898,52.53,6.479,3.887,2.777,1.62
full,C,belady_pin_same_state,0.75,20,1606,1204,14.991,0,5099,3939,1160,758,0.772504,475,685,754,3185,0.227496,924.4,49.805,43.768,39.036,4.814,2.889,2.063,1.204
full,C,belady_pin_same_state,0.9,20,1606,1445,17.992,0,5099,4180,919,758,0.819769,234,685,995,3185,0.180231,732.3,39.457,34.675,30.926,3.814,2.289,1.635,0.954
full,C,belady_pin_same_state,0.99,20,1606,1589,19.785,0,5099,4324,775,758,0.848009,90,685,1139,3185,0.151991,617.6,33.275,29.241,26.08,3.217,1.93,1.379,0.804
full,A,lru,,24,1927,0,0.0,0,5099,2707,2392,465,0.530888,1229,1163,0,2707,0.469112,1906.1,102.701,90.252,80.495,9.928,5.957,4.255,2.482
full,A,engine_priority_lru,,24,1927,0,0.0,0,5099,2596,2503,576,0.509119,1229,1274,0,2596,0.490881,1994.6,107.466,94.44,84.23,10.388,6.233,4.452,2.597
full,A,arc,,24,1927,0,0.0,0,5099,2707,2392,465,0.530888,1229,1163,0,2707,0.469112,1906.1,102.701,90.252,80.495,9.928,5.957,4.255,2.482
full,A,lfu,,24,1927,0,0.0,0,5099,2707,2392,465,0.530888,1229,1163,0,2707,0.469112,1906.1,102.701,90.252,80.495,9.928,5.957,4.255,2.482
full,A,freq_x_recency,,24,1927,0,0.0,0,5099,2707,2392,465,0.530888,1229,1163,0,2707,0.469112,1906.1,102.701,90.252,80.495,9.928,5.957,4.255,2.482
full,A,layer_lru,,24,1927,0,0.0,0,5099,2679,2420,540,0.525397,1229,1191,0,2679,0.474603,1928.4,103.903,91.309,81.437,10.044,6.026,4.305,2.511
full,A,cost_aware,,24,1927,0,0.0,0,5099,2707,2392,465,0.530888,1229,1163,0,2707,0.469112,1906.1,102.701,90.252,80.495,9.928,5.957,4.255,2.482
full,A,belady_cold,,24,1927,0,0.0,0,5099,2735,2364,437,0.53638,1229,1135,0,2735,0.46362,1883.8,101.499,89.196,79.553,9.812,5.887,4.205,2.453
full,B,freq_lru_warmup,0.5,24,1927,0,0.0,0,5099,2706,2393,466,0.530692,1229,1164,0,2706,0.469308,1906.9,102.744,90.29,80.529,9.932,5.959,4.257,2.483
full,B,freq_lru_warmup_s4,0.5,24,1927,0,0.0,0,5099,2724,2375,448,0.534222,1229,1146,0,2724,0.465778,1892.6,101.971,89.611,79.923,9.857,5.914,4.225,2.464
full,C,static_freq_prewarm,,24,1927,1927,23.993,0,5099,4662,437,0,0.914297,0,437,1229,3433,0.085703,348.2,18.763,16.488,14.706,1.814,1.088,0.777,0.453
full,C,static_layer_freq_prewarm,,24,1927,1880,23.408,0,5099,4615,484,0,0.905079,24,460,1205,3410,0.094921,385.7,20.781,18.262,16.287,2.009,1.205,0.861,0.502
full,C,freq_lru_prewarm,0.25,24,1927,481,5.989,0,5099,3191,1908,462,0.625809,954,954,275,2916,0.374191,1520.4,81.92,71.99,64.208,7.919,4.751,3.394,1.98
full,C,freq_lru_prewarm,0.5,24,1927,963,11.99,0,5099,3698,1401,437,0.72524,716,685,513,3185,0.27476,1116.4,60.152,52.861,47.146,5.815,3.489,2.492,1.454
full,C,freq_lru_prewarm,0.75,24,1927,1445,17.992,0,5099,4180,919,437,0.819769,234,685,995,3185,0.180231,732.3,39.457,34.675,30.926,3.814,2.289,1.635,0.954
full,C,freq_lru_prewarm,0.9,24,1927,1734,21.59,0,5099,4469,630,437,0.876446,0,630,1229,3240,0.123554,502.0,27.049,23.77,21.201,2.615,1.569,1.121,0.654
full,C,freq_lru_prewarm,0.99,24,1927,1907,23.744,0,5099,4642,457,437,0.910375,0,457,1229,3413,0.089625,364.2,19.621,17.243,15.379,1.897,1.138,0.813,0.474
full,C,lru_prewarm_topN,,24,1927,1927,23.993,0,5099,4535,564,564,0.88939,0,564,1229,3306,0.11061,449.4,24.215,21.28,18.98,2.341,1.404,1.003,0.585
full,C,belady_same_state_prewarm,,24,1927,1927,23.993,0,5099,4662,437,437,0.914297,0,437,1229,3433,0.085703,348.2,18.763,16.488,14.706,1.814,1.088,0.777,0.453
full,C,belady_pin_same_state,0.25,24,1927,481,5.989,0,5099,3216,1883,437,0.630712,954,929,275,2941,0.369288,1500.5,80.847,71.047,63.366,7.815,4.689,3.349,1.954
full,C,belady_pin_same_state,0.5,24,1927,963,11.99,0,5099,3698,1401,437,0.72524,716,685,513,3185,0.27476,1116.4,60.152,52.861,47.146,5.815,3.489,2.492,1.454
full,C,belady_pin_same_state,0.75,24,1927,1445,17.992,0,5099,4180,919,437,0.819769,234,685,995,3185,0.180231,732.3,39.457,34.675,30.926,3.814,2.289,1.635,0.954
full,C,belady_pin_same_state,0.9,24,1927,1734,21.59,0,5099,4469,630,437,0.876446,0,630,1229,3240,0.123554,502.0,27.049,23.77,21.201,2.615,1.569,1.121,0.654
full,C,belady_pin_same_state,0.99,24,1927,1907,23.744,0,5099,4642,457,437,0.910375,0,457,1229,3413,0.089625,364.2,19.621,17.243,15.379,1.897,1.138,0.813,0.474
full,A,lru,,32,2570,0,0.0,0,5099,2735,2364,0,0.53638,1229,1135,0,2735,0.46362,1883.8,101.499,89.196,79.553,9.812,5.887,4.205,2.453
full,A,engine_priority_lru,,32,2570,0,0.0,0,5099,2735,2364,0,0.53638,1229,1135,0,2735,0.46362,1883.8,101.499,89.196,79.553,9.812,5.887,4.205,2.453
full,A,arc,,32,2570,0,0.0,0,5099,2735,2364,0,0.53638,1229,1135,0,2735,0.46362,1883.8,101.499,89.196,79.553,9.812,5.887,4.205,2.453
full,A,lfu,,32,2570,0,0.0,0,5099,2735,2364,0,0.53638,1229,1135,0,2735,0.46362,1883.8,101.499,89.196,79.553,9.812,5.887,4.205,2.453
full,A,freq_x_recency,,32,2570,0,0.0,0,5099,2735,2364,0,0.53638,1229,1135,0,2735,0.46362,1883.8,101.499,89.196,79.553,9.812,5.887,4.205,2.453
full,A,layer_lru,,32,2570,0,0.0,0,5099,2723,2376,151,0.534026,1229,1147,0,2723,0.465974,1893.4,102.014,89.648,79.957,9.861,5.917,4.226,2.465
full,A,cost_aware,,32,2570,0,0.0,0,5099,2735,2364,0,0.53638,1229,1135,0,2735,0.46362,1883.8,101.499,89.196,79.553,9.812,5.887,4.205,2.453
full,A,belady_cold,,32,2570,0,0.0,0,5099,2735,2364,0,0.53638,1229,1135,0,2735,0.46362,1883.8,101.499,89.196,79.553,9.812,5.887,4.205,2.453
full,B,freq_lru_warmup,0.5,32,2570,0,0.0,0,5099,2735,2364,0,0.53638,1229,1135,0,2735,0.46362,1883.8,101.499,89.196,79.553,9.812,5.887,4.205,2.453
full,B,freq_lru_warmup_s4,0.5,32,2570,0,0.0,0,5099,2735,2364,0,0.53638,1229,1135,0,2735,0.46362,1883.8,101.499,89.196,79.553,9.812,5.887,4.205,2.453
full,C,static_freq_prewarm,,32,2570,2364,29.435,0,5099,5099,0,0,1.0,0,0,1229,3870,0.0,0.0,0.0,0.0,0.0,0.0,0.0,0.0,0.0
full,C,static_layer_freq_prewarm,,32,2570,2225,27.704,0,5099,4960,139,0,0.97274,0,139,1229,3731,0.02726,110.8,5.968,5.245,4.678,0.577,0.346,0.247,0.144
full,C,freq_lru_prewarm,0.25,32,2570,642,7.994,0,5099,3377,1722,0,0.662287,821,901,408,2969,0.337713,1372.2,73.934,64.972,57.948,7.147,4.288,3.063,1.787
full,C,freq_lru_prewarm,0.5,32,2570,1285,16.0,0,5099,4020,1079,0,0.78839,394,685,835,3185,0.21161,859.8,46.327,40.712,36.31,4.478,2.687,1.919,1.12
full,C,freq_lru_prewarm,0.75,32,2570,1927,23.993,0,5099,4662,437,0,0.914297,0,437,1229,3433,0.085703,348.2,18.763,16.488,14.706,1.814,1.088,0.777,0.453
full,C,freq_lru_prewarm,0.9,32,2570,2313,28.8,0,5099,5048,51,0,0.989998,0,51,1229,3819,0.010002,40.6,2.19,1.924,1.716,0.212,0.127,0.091,0.053
full,C,freq_lru_prewarm,0.99,32,2570,2364,29.435,0,5099,5099,0,0,1.0,0,0,1229,3870,0.0,0.0,0.0,0.0,0.0,0.0,0.0,0.0,0.0
full,C,lru_prewarm_topN,,32,2570,2364,29.435,0,5099,5099,0,0,1.0,0,0,1229,3870,0.0,0.0,0.0,0.0,0.0,0.0,0.0,0.0,0.0
full,C,belady_same_state_prewarm,,32,2570,2364,29.435,0,5099,5099,0,0,1.0,0,0,1229,3870,0.0,0.0,0.0,0.0,0.0,0.0,0.0,0.0,0.0
full,C,belady_pin_same_state,0.25,32,2570,642,7.994,0,5099,3377,1722,0,0.662287,821,901,408,2969,0.337713,1372.2,73.934,64.972,57.948,7.147,4.288,3.063,1.787
full,C,belady_pin_same_state,0.5,32,2570,1285,16.0,0,5099,4020,1079,0,0.78839,394,685,835,3185,0.21161,859.8,46.327,40.712,36.31,4.478,2.687,1.919,1.12
full,C,belady_pin_same_state,0.75,32,2570,1927,23.993,0,5099,4662,437,0,0.914297,0,437,1229,3433,0.085703,348.2,18.763,16.488,14.706,1.814,1.088,0.777,0.453
full,C,belady_pin_same_state,0.9,32,2570,2313,28.8,0,5099,5048,51,0,0.989998,0,51,1229,3819,0.010002,40.6,2.19,1.924,1.716,0.212,0.127,0.091,0.053
full,C,belady_pin_same_state,0.99,32,2570,2364,29.435,0,5099,5099,0,0,1.0,0,0,1229,3870,0.0,0.0,0.0,0.0,0.0,0.0,0.0,0.0,0.0
full,A,lru,,48,3855,0,0.0,0,5099,2735,2364,0,0.53638,1229,1135,0,2735,0.46362,1883.8,101.499,89.196,79.553,9.812,5.887,4.205,2.453
full,A,engine_priority_lru,,48,3855,0,0.0,0,5099,2735,2364,0,0.53638,1229,1135,0,2735,0.46362,1883.8,101.499,89.196,79.553,9.812,5.887,4.205,2.453
full,A,arc,,48,3855,0,0.0,0,5099,2735,2364,0,0.53638,1229,1135,0,2735,0.46362,1883.8,101.499,89.196,79.553,9.812,5.887,4.205,2.453
full,A,lfu,,48,3855,0,0.0,0,5099,2735,2364,0,0.53638,1229,1135,0,2735,0.46362,1883.8,101.499,89.196,79.553,9.812,5.887,4.205,2.453
full,A,freq_x_recency,,48,3855,0,0.0,0,5099,2735,2364,0,0.53638,1229,1135,0,2735,0.46362,1883.8,101.499,89.196,79.553,9.812,5.887,4.205,2.453
full,A,layer_lru,,48,3855,0,0.0,0,5099,2735,2364,28,0.53638,1229,1135,0,2735,0.46362,1883.8,101.499,89.196,79.553,9.812,5.887,4.205,2.453
full,A,cost_aware,,48,3855,0,0.0,0,5099,2735,2364,0,0.53638,1229,1135,0,2735,0.46362,1883.8,101.499,89.196,79.553,9.812,5.887,4.205,2.453
full,A,belady_cold,,48,3855,0,0.0,0,5099,2735,2364,0,0.53638,1229,1135,0,2735,0.46362,1883.8,101.499,89.196,79.553,9.812,5.887,4.205,2.453
full,B,freq_lru_warmup,0.5,48,3855,0,0.0,0,5099,2735,2364,0,0.53638,1229,1135,0,2735,0.46362,1883.8,101.499,89.196,79.553,9.812,5.887,4.205,2.453
full,B,freq_lru_warmup_s4,0.5,48,3855,0,0.0,0,5099,2735,2364,0,0.53638,1229,1135,0,2735,0.46362,1883.8,101.499,89.196,79.553,9.812,5.887,4.205,2.453
full,C,static_freq_prewarm,,48,3855,2364,29.435,0,5099,5099,0,0,1.0,0,0,1229,3870,0.0,0.0,0.0,0.0,0.0,0.0,0.0,0.0,0.0
full,C,static_layer_freq_prewarm,,48,3855,2336,29.086,0,5099,5071,28,0,0.994509,0,28,1229,3842,0.005491,22.3,1.202,1.056,0.942,0.116,0.07,0.05,0.029
full,C,freq_lru_prewarm,0.25,48,3855,963,11.99,0,5099,3698,1401,0,0.72524,716,685,513,3185,0.27476,1116.4,60.152,52.861,47.146,5.815,3.489,2.492,1.454
full,C,freq_lru_prewarm,0.5,48,3855,1927,23.993,0,5099,4662,437,0,0.914297,0,437,1229,3433,0.085703,348.2,18.763,16.488,14.706,1.814,1.088,0.777,0.453
full,C,freq_lru_prewarm,0.75,48,3855,2364,29.435,0,5099,5099,0,0,1.0,0,0,1229,3870,0.0,0.0,0.0,0.0,0.0,0.0,0.0,0.0,0.0
full,C,freq_lru_prewarm,0.9,48,3855,2364,29.435,0,5099,5099,0,0,1.0,0,0,1229,3870,0.0,0.0,0.0,0.0,0.0,0.0,0.0,0.0,0.0
full,C,freq_lru_prewarm,0.99,48,3855,2364,29.435,0,5099,5099,0,0,1.0,0,0,1229,3870,0.0,0.0,0.0,0.0,0.0,0.0,0.0,0.0,0.0
full,C,lru_prewarm_topN,,48,3855,2364,29.435,0,5099,5099,0,0,1.0,0,0,1229,3870,0.0,0.0,0.0,0.0,0.0,0.0,0.0,0.0,0.0
full,C,belady_same_state_prewarm,,48,3855,2364,29.435,0,5099,5099,0,0,1.0,0,0,1229,3870,0.0,0.0,0.0,0.0,0.0,0.0,0.0,0.0,0.0
full,C,belady_pin_same_state,0.25,48,3855,963,11.99,0,5099,3698,1401,0,0.72524,716,685,513,3185,0.27476,1116.4,60.152,52.861,47.146,5.815,3.489,2.492,1.454
full,C,belady_pin_same_state,0.5,48,3855,1927,23.993,0,5099,4662,437,0,0.914297,0,437,1229,3433,0.085703,348.2,18.763,16.488,14.706,1.814,1.088,0.777,0.453
full,C,belady_pin_same_state,0.75,48,3855,2364,29.435,0,5099,5099,0,0,1.0,0,0,1229,3870,0.0,0.0,0.0,0.0,0.0,0.0,0.0,0.0,0.0
full,C,belady_pin_same_state,0.9,48,3855,2364,29.435,0,5099,5099,0,0,1.0,0,0,1229,3870,0.0,0.0,0.0,0.0,0.0,0.0,0.0,0.0,0.0
full,C,belady_pin_same_state,0.99,48,3855,2364,29.435,0,5099,5099,0,0,1.0,0,0,1229,3870,0.0,0.0,0.0,0.0,0.0,0.0,0.0,0.0,0.0
full,A,lru,,64,5140,0,0.0,0,5099,2735,2364,0,0.53638,1229,1135,0,2735,0.46362,1883.8,101.499,89.196,79.553,9.812,5.887,4.205,2.453
full,A,engine_priority_lru,,64,5140,0,0.0,0,5099,2735,2364,0,0.53638,1229,1135,0,2735,0.46362,1883.8,101.499,89.196,79.553,9.812,5.887,4.205,2.453
full,A,arc,,64,5140,0,0.0,0,5099,2735,2364,0,0.53638,1229,1135,0,2735,0.46362,1883.8,101.499,89.196,79.553,9.812,5.887,4.205,2.453
full,A,lfu,,64,5140,0,0.0,0,5099,2735,2364,0,0.53638,1229,1135,0,2735,0.46362,1883.8,101.499,89.196,79.553,9.812,5.887,4.205,2.453
full,A,freq_x_recency,,64,5140,0,0.0,0,5099,2735,2364,0,0.53638,1229,1135,0,2735,0.46362,1883.8,101.499,89.196,79.553,9.812,5.887,4.205,2.453
full,A,layer_lru,,64,5140,0,0.0,0,5099,2735,2364,0,0.53638,1229,1135,0,2735,0.46362,1883.8,101.499,89.196,79.553,9.812,5.887,4.205,2.453
full,A,cost_aware,,64,5140,0,0.0,0,5099,2735,2364,0,0.53638,1229,1135,0,2735,0.46362,1883.8,101.499,89.196,79.553,9.812,5.887,4.205,2.453
full,A,belady_cold,,64,5140,0,0.0,0,5099,2735,2364,0,0.53638,1229,1135,0,2735,0.46362,1883.8,101.499,89.196,79.553,9.812,5.887,4.205,2.453
full,B,freq_lru_warmup,0.5,64,5140,0,0.0,0,5099,2735,2364,0,0.53638,1229,1135,0,2735,0.46362,1883.8,101.499,89.196,79.553,9.812,5.887,4.205,2.453
full,B,freq_lru_warmup_s4,0.5,64,5140,0,0.0,0,5099,2735,2364,0,0.53638,1229,1135,0,2735,0.46362,1883.8,101.499,89.196,79.553,9.812,5.887,4.205,2.453
full,C,static_freq_prewarm,,64,5140,2364,29.435,0,5099,5099,0,0,1.0,0,0,1229,3870,0.0,0.0,0.0,0.0,0.0,0.0,0.0,0.0,0.0
full,C,static_layer_freq_prewarm,,64,5140,2364,29.435,0,5099,5099,0,0,1.0,0,0,1229,3870,0.0,0.0,0.0,0.0,0.0,0.0,0.0,0.0,0.0
full,C,freq_lru_prewarm,0.25,64,5140,1285,16.0,0,5099,4020,1079,0,0.78839,394,685,835,3185,0.21161,859.8,46.327,40.712,36.31,4.478,2.687,1.919,1.12
full,C,freq_lru_prewarm,0.5,64,5140,2364,29.435,0,5099,5099,0,0,1.0,0,0,1229,3870,0.0,0.0,0.0,0.0,0.0,0.0,0.0,0.0,0.0
full,C,freq_lru_prewarm,0.75,64,5140,2364,29.435,0,5099,5099,0,0,1.0,0,0,1229,3870,0.0,0.0,0.0,0.0,0.0,0.0,0.0,0.0,0.0
full,C,freq_lru_prewarm,0.9,64,5140,2364,29.435,0,5099,5099,0,0,1.0,0,0,1229,3870,0.0,0.0,0.0,0.0,0.0,0.0,0.0,0.0,0.0
full,C,freq_lru_prewarm,0.99,64,5140,2364,29.435,0,5099,5099,0,0,1.0,0,0,1229,3870,0.0,0.0,0.0,0.0,0.0,0.0,0.0,0.0,0.0
full,C,lru_prewarm_topN,,64,5140,2364,29.435,0,5099,5099,0,0,1.0,0,0,1229,3870,0.0,0.0,0.0,0.0,0.0,0.0,0.0,0.0,0.0
full,C,belady_same_state_prewarm,,64,5140,2364,29.435,0,5099,5099,0,0,1.0,0,0,1229,3870,0.0,0.0,0.0,0.0,0.0,0.0,0.0,0.0,0.0
full,C,belady_pin_same_state,0.25,64,5140,1285,16.0,0,5099,4020,1079,0,0.78839,394,685,835,3185,0.21161,859.8,46.327,40.712,36.31,4.478,2.687,1.919,1.12
full,C,belady_pin_same_state,0.5,64,5140,2364,29.435,0,5099,5099,0,0,1.0,0,0,1229,3870,0.0,0.0,0.0,0.0,0.0,0.0,0.0,0.0,0.0
full,C,belady_pin_same_state,0.75,64,5140,2364,29.435,0,5099,5099,0,0,1.0,0,0,1229,3870,0.0,0.0,0.0,0.0,0.0,0.0,0.0,0.0,0.0
full,C,belady_pin_same_state,0.9,64,5140,2364,29.435,0,5099,5099,0,0,1.0,0,0,1229,3870,0.0,0.0,0.0,0.0,0.0,0.0,0.0,0.0,0.0
full,C,belady_pin_same_state,0.99,64,5140,2364,29.435,0,5099,5099,0,0,1.0,0,0,1229,3870,0.0,0.0,0.0,0.0,0.0,0.0,0.0,0.0,0.0
full,A,lru,,96,7710,0,0.0,0,5099,2735,2364,0,0.53638,1229,1135,0,2735,0.46362,1883.8,101.499,89.196,79.553,9.812,5.887,4.205,2.453
full,A,engine_priority_lru,,96,7710,0,0.0,0,5099,2735,2364,0,0.53638,1229,1135,0,2735,0.46362,1883.8,101.499,89.196,79.553,9.812,5.887,4.205,2.453
full,A,arc,,96,7710,0,0.0,0,5099,2735,2364,0,0.53638,1229,1135,0,2735,0.46362,1883.8,101.499,89.196,79.553,9.812,5.887,4.205,2.453
full,A,lfu,,96,7710,0,0.0,0,5099,2735,2364,0,0.53638,1229,1135,0,2735,0.46362,1883.8,101.499,89.196,79.553,9.812,5.887,4.205,2.453
full,A,freq_x_recency,,96,7710,0,0.0,0,5099,2735,2364,0,0.53638,1229,1135,0,2735,0.46362,1883.8,101.499,89.196,79.553,9.812,5.887,4.205,2.453
full,A,layer_lru,,96,7710,0,0.0,0,5099,2735,2364,0,0.53638,1229,1135,0,2735,0.46362,1883.8,101.499,89.196,79.553,9.812,5.887,4.205,2.453
full,A,cost_aware,,96,7710,0,0.0,0,5099,2735,2364,0,0.53638,1229,1135,0,2735,0.46362,1883.8,101.499,89.196,79.553,9.812,5.887,4.205,2.453
full,A,belady_cold,,96,7710,0,0.0,0,5099,2735,2364,0,0.53638,1229,1135,0,2735,0.46362,1883.8,101.499,89.196,79.553,9.812,5.887,4.205,2.453
full,B,freq_lru_warmup,0.5,96,7710,0,0.0,0,5099,2735,2364,0,0.53638,1229,1135,0,2735,0.46362,1883.8,101.499,89.196,79.553,9.812,5.887,4.205,2.453
full,B,freq_lru_warmup_s4,0.5,96,7710,0,0.0,0,5099,2735,2364,0,0.53638,1229,1135,0,2735,0.46362,1883.8,101.499,89.196,79.553,9.812,5.887,4.205,2.453
full,C,static_freq_prewarm,,96,7710,2364,29.435,0,5099,5099,0,0,1.0,0,0,1229,3870,0.0,0.0,0.0,0.0,0.0,0.0,0.0,0.0,0.0
full,C,static_layer_freq_prewarm,,96,7710,2364,29.435,0,5099,5099,0,0,1.0,0,0,1229,3870,0.0,0.0,0.0,0.0,0.0,0.0,0.0,0.0,0.0
full,C,freq_lru_prewarm,0.25,96,7710,1927,23.993,0,5099,4662,437,0,0.914297,0,437,1229,3433,0.085703,348.2,18.763,16.488,14.706,1.814,1.088,0.777,0.453
full,C,freq_lru_prewarm,0.5,96,7710,2364,29.435,0,5099,5099,0,0,1.0,0,0,1229,3870,0.0,0.0,0.0,0.0,0.0,0.0,0.0,0.0,0.0
full,C,freq_lru_prewarm,0.75,96,7710,2364,29.435,0,5099,5099,0,0,1.0,0,0,1229,3870,0.0,0.0,0.0,0.0,0.0,0.0,0.0,0.0,0.0
full,C,freq_lru_prewarm,0.9,96,7710,2364,29.435,0,5099,5099,0,0,1.0,0,0,1229,3870,0.0,0.0,0.0,0.0,0.0,0.0,0.0,0.0,0.0
full,C,freq_lru_prewarm,0.99,96,7710,2364,29.435,0,5099,5099,0,0,1.0,0,0,1229,3870,0.0,0.0,0.0,0.0,0.0,0.0,0.0,0.0,0.0
full,C,lru_prewarm_topN,,96,7710,2364,29.435,0,5099,5099,0,0,1.0,0,0,1229,3870,0.0,0.0,0.0,0.0,0.0,0.0,0.0,0.0,0.0
full,C,belady_same_state_prewarm,,96,7710,2364,29.435,0,5099,5099,0,0,1.0,0,0,1229,3870,0.0,0.0,0.0,0.0,0.0,0.0,0.0,0.0,0.0
full,C,belady_pin_same_state,0.25,96,7710,1927,23.993,0,5099,4662,437,0,0.914297,0,437,1229,3433,0.085703,348.2,18.763,16.488,14.706,1.814,1.088,0.777,0.453
full,C,belady_pin_same_state,0.5,96,7710,2364,29.435,0,5099,5099,0,0,1.0,0,0,1229,3870,0.0,0.0,0.0,0.0,0.0,0.0,0.0,0.0,0.0
full,C,belady_pin_same_state,0.75,96,7710,2364,29.435,0,5099,5099,0,0,1.0,0,0,1229,3870,0.0,0.0,0.0,0.0,0.0,0.0,0.0,0.0,0.0
full,C,belady_pin_same_state,0.9,96,7710,2364,29.435,0,5099,5099,0,0,1.0,0,0,1229,3870,0.0,0.0,0.0,0.0,0.0,0.0,0.0,0.0,0.0
full,C,belady_pin_same_state,0.99,96,7710,2364,29.435,0,5099,5099,0,0,1.0,0,0,1229,3870,0.0,0.0,0.0,0.0,0.0,0.0,0.0,0.0,0.0
full,A,lru,,128,10280,0,0.0,0,5099,2735,2364,0,0.53638,1229,1135,0,2735,0.46362,1883.8,101.499,89.196,79.553,9.812,5.887,4.205,2.453
full,A,engine_priority_lru,,128,10280,0,0.0,0,5099,2735,2364,0,0.53638,1229,1135,0,2735,0.46362,1883.8,101.499,89.196,79.553,9.812,5.887,4.205,2.453
full,A,arc,,128,10280,0,0.0,0,5099,2735,2364,0,0.53638,1229,1135,0,2735,0.46362,1883.8,101.499,89.196,79.553,9.812,5.887,4.205,2.453
full,A,lfu,,128,10280,0,0.0,0,5099,2735,2364,0,0.53638,1229,1135,0,2735,0.46362,1883.8,101.499,89.196,79.553,9.812,5.887,4.205,2.453
full,A,freq_x_recency,,128,10280,0,0.0,0,5099,2735,2364,0,0.53638,1229,1135,0,2735,0.46362,1883.8,101.499,89.196,79.553,9.812,5.887,4.205,2.453
full,A,layer_lru,,128,10280,0,0.0,0,5099,2735,2364,0,0.53638,1229,1135,0,2735,0.46362,1883.8,101.499,89.196,79.553,9.812,5.887,4.205,2.453
full,A,cost_aware,,128,10280,0,0.0,0,5099,2735,2364,0,0.53638,1229,1135,0,2735,0.46362,1883.8,101.499,89.196,79.553,9.812,5.887,4.205,2.453
full,A,belady_cold,,128,10280,0,0.0,0,5099,2735,2364,0,0.53638,1229,1135,0,2735,0.46362,1883.8,101.499,89.196,79.553,9.812,5.887,4.205,2.453
full,B,freq_lru_warmup,0.5,128,10280,0,0.0,0,5099,2735,2364,0,0.53638,1229,1135,0,2735,0.46362,1883.8,101.499,89.196,79.553,9.812,5.887,4.205,2.453
full,B,freq_lru_warmup_s4,0.5,128,10280,0,0.0,0,5099,2735,2364,0,0.53638,1229,1135,0,2735,0.46362,1883.8,101.499,89.196,79.553,9.812,5.887,4.205,2.453
full,C,static_freq_prewarm,,128,10280,2364,29.435,0,5099,5099,0,0,1.0,0,0,1229,3870,0.0,0.0,0.0,0.0,0.0,0.0,0.0,0.0,0.0
full,C,static_layer_freq_prewarm,,128,10280,2364,29.435,0,5099,5099,0,0,1.0,0,0,1229,3870,0.0,0.0,0.0,0.0,0.0,0.0,0.0,0.0,0.0
full,C,freq_lru_prewarm,0.25,128,10280,2364,29.435,0,5099,5099,0,0,1.0,0,0,1229,3870,0.0,0.0,0.0,0.0,0.0,0.0,0.0,0.0,0.0
full,C,freq_lru_prewarm,0.5,128,10280,2364,29.435,0,5099,5099,0,0,1.0,0,0,1229,3870,0.0,0.0,0.0,0.0,0.0,0.0,0.0,0.0,0.0
full,C,freq_lru_prewarm,0.75,128,10280,2364,29.435,0,5099,5099,0,0,1.0,0,0,1229,3870,0.0,0.0,0.0,0.0,0.0,0.0,0.0,0.0,0.0
full,C,freq_lru_prewarm,0.9,128,10280,2364,29.435,0,5099,5099,0,0,1.0,0,0,1229,3870,0.0,0.0,0.0,0.0,0.0,0.0,0.0,0.0,0.0
full,C,freq_lru_prewarm,0.99,128,10280,2364,29.435,0,5099,5099,0,0,1.0,0,0,1229,3870,0.0,0.0,0.0,0.0,0.0,0.0,0.0,0.0,0.0
full,C,lru_prewarm_topN,,128,10280,2364,29.435,0,5099,5099,0,0,1.0,0,0,1229,3870,0.0,0.0,0.0,0.0,0.0,0.0,0.0,0.0,0.0
full,C,belady_same_state_prewarm,,128,10280,2364,29.435,0,5099,5099,0,0,1.0,0,0,1229,3870,0.0,0.0,0.0,0.0,0.0,0.0,0.0,0.0,0.0
full,C,belady_pin_same_state,0.25,128,10280,2364,29.435,0,5099,5099,0,0,1.0,0,0,1229,3870,0.0,0.0,0.0,0.0,0.0,0.0,0.0,0.0,0.0
full,C,belady_pin_same_state,0.5,128,10280,2364,29.435,0,5099,5099,0,0,1.0,0,0,1229,3870,0.0,0.0,0.0,0.0,0.0,0.0,0.0,0.0,0.0
full,C,belady_pin_same_state,0.75,128,10280,2364,29.435,0,5099,5099,0,0,1.0,0,0,1229,3870,0.0,0.0,0.0,0.0,0.0,0.0,0.0,0.0,0.0
full,C,belady_pin_same_state,0.9,128,10280,2364,29.435,0,5099,5099,0,0,1.0,0,0,1229,3870,0.0,0.0,0.0,0.0,0.0,0.0,0.0,0.0,0.0
full,C,belady_pin_same_state,0.99,128,10280,2364,29.435,0,5099,5099,0,0,1.0,0,0,1229,3870,0.0,0.0,0.0,0.0,0.0,0.0,0.0,0.0,0.0
gpu0,A,lru,,1,80,0,0.0,0,2613,0,2613,2533,0.0,633,1980,0,0,1.0,2082.2,112.189,98.591,87.932,10.845,6.507,4.648,2.711
gpu0,A,engine_priority_lru,,1,80,0,0.0,0,2613,108,2505,2425,0.041332,633,1872,0,108,0.958668,1996.2,107.552,94.516,84.298,10.397,6.238,4.456,2.599
gpu0,A,arc,,1,80,0,0.0,0,2613,0,2613,2533,0.0,633,1980,0,0,1.0,2082.2,112.189,98.591,87.932,10.845,6.507,4.648,2.711
gpu0,A,lfu,,1,80,0,0.0,0,2613,374,2239,2159,0.143131,633,1606,0,374,0.856869,1784.2,96.132,84.479,75.346,9.293,5.576,3.983,2.323
gpu0,A,freq_x_recency,,1,80,0,0.0,0,2613,334,2279,2199,0.127822,633,1646,0,334,0.872178,1816.1,97.849,85.989,76.692,9.459,5.675,4.054,2.365
gpu0,A,layer_lru,,1,80,0,0.0,0,2613,0,2613,2591,0.0,633,1980,0,0,1.0,2082.2,112.189,98.591,87.932,10.845,6.507,4.648,2.711
gpu0,A,cost_aware,,1,80,0,0.0,0,2613,0,2613,2533,0.0,633,1980,0,0,1.0,2082.2,112.189,98.591,87.932,10.845,6.507,4.648,2.711
gpu0,A,belady_cold,,1,80,0,0.0,0,2613,762,1851,1771,0.291619,633,1218,0,762,0.708381,1475.0,79.473,69.84,62.29,7.682,4.609,3.292,1.921
gpu0,B,freq_lru_warmup,0.5,1,80,0,0.0,40,2613,19,2634,2554,0.007271,633,2001,0,19,1.008037,2099.0,113.091,99.383,88.639,10.932,6.559,4.685,2.733
gpu0,B,freq_lru_warmup_s4,0.5,1,80,0,0.0,28,2613,202,2439,2359,0.077306,633,1806,0,202,0.93341,1943.6,104.719,92.025,82.077,10.123,6.074,4.338,2.531
gpu0,C,static_freq_prewarm,,1,80,80,0.996,0,2613,675,1938,0,0.258324,576,1362,57,618,0.741676,1544.3,83.208,73.122,65.217,8.043,4.826,3.447,2.011
gpu0,C,static_layer_freq_prewarm,,1,80,22,0.274,0,2613,218,2395,0,0.083429,617,1778,16,202,0.916571,1908.5,102.83,90.365,80.596,9.94,5.964,4.26,2.485
gpu0,C,freq_lru_prewarm,0.25,1,80,20,0.249,0,2613,223,2390,2330,0.085343,618,1772,15,208,0.914657,1904.5,102.615,90.177,80.428,9.919,5.952,4.251,2.48
gpu0,C,freq_lru_prewarm,0.5,1,80,40,0.498,0,2613,395,2218,2178,0.151167,600,1618,33,362,0.848833,1767.5,95.23,83.687,74.64,9.206,5.523,3.945,2.301
gpu0,C,freq_lru_prewarm,0.75,1,80,60,0.747,0,2613,548,2065,2045,0.209721,590,1475,43,505,0.790279,1645.5,88.661,77.914,69.491,8.571,5.142,3.673,2.143
gpu0,C,freq_lru_prewarm,0.9,1,80,72,0.896,0,2613,627,1986,1978,0.239954,584,1402,49,578,0.760046,1582.6,85.269,74.933,66.833,8.243,4.946,3.533,2.061
gpu0,C,freq_lru_prewarm,0.99,1,80,79,0.984,0,2613,669,1944,1943,0.256028,577,1367,56,613,0.743972,1549.1,83.466,73.349,65.419,8.068,4.841,3.458,2.017
gpu0,C,lru_prewarm_topN,,1,80,80,0.996,0,2613,0,2613,2613,0.0,633,1980,0,0,1.0,2082.2,112.189,98.591,87.932,10.845,6.507,4.648,2.711
gpu0,C,belady_same_state_prewarm,,1,80,80,0.996,0,2613,819,1794,1794,0.313433,576,1218,57,762,0.686567,1429.6,77.026,67.689,60.371,7.446,4.467,3.191,1.861
gpu0,C,belady_pin_same_state,0.25,1,80,20,0.249,0,2613,772,1841,1781,0.295446,618,1223,15,757,0.704554,1467.0,79.043,69.462,61.953,7.641,4.585,3.275,1.91
gpu0,C,belady_pin_same_state,0.5,1,80,40,0.498,0,2613,785,1828,1788,0.300421,600,1228,33,752,0.699579,1456.7,78.485,68.972,61.516,7.587,4.552,3.252,1.897
gpu0,C,belady_pin_same_state,0.75,1,80,60,0.747,0,2613,769,1844,1824,0.294298,590,1254,43,726,0.705702,1469.4,79.172,69.576,62.054,7.653,4.592,3.28,1.913
gpu0,C,belady_pin_same_state,0.9,1,80,72,0.896,0,2613,718,1895,1887,0.27478,584,1311,49,669,0.72522,1510.1,81.362,71.5,63.77,7.865,4.719,3.371,1.966
gpu0,C,belady_pin_same_state,0.99,1,80,79,0.984,0,2613,669,1944,1943,0.256028,577,1367,56,613,0.743972,1549.1,83.466,73.349,65.419,8.068,4.841,3.458,2.017
gpu0,A,lru,,2,160,0,0.0,0,2613,499,2114,1954,0.190968,633,1481,0,499,0.809032,1684.6,90.765,79.763,71.14,8.774,5.264,3.76,2.193
gpu0,A,engine_priority_lru,,2,160,0,0.0,0,2613,229,2384,2224,0.087639,633,1751,0,229,0.912361,1899.8,102.357,89.95,80.226,9.895,5.937,4.241,2.474
gpu0,A,arc,,2,160,0,0.0,0,2613,414,2199,2039,0.158439,633,1566,0,414,0.841561,1752.3,94.414,82.97,74.0,9.127,5.476,3.911,2.282
gpu0,A,lfu,,2,160,0,0.0,0,2613,645,1968,1808,0.246843,633,1335,0,645,0.753157,1568.2,84.496,74.254,66.227,8.168,4.901,3.501,2.042
gpu0,A,freq_x_recency,,2,160,0,0.0,0,2613,584,2029,1869,0.223498,633,1396,0,584,0.776502,1616.9,87.115,76.556,68.28,8.421,5.053,3.609,2.105
gpu0,A,layer_lru,,2,160,0,0.0,0,2613,3,2610,2544,0.001148,633,1977,0,3,0.998852,2079.8,112.061,98.477,87.831,10.833,6.5,4.643,2.708
gpu0,A,cost_aware,,2,160,0,0.0,0,2613,499,2114,1954,0.190968,633,1481,0,499,0.809032,1684.6,90.765,79.763,71.14,8.774,5.264,3.76,2.193
gpu0,A,belady_cold,,2,160,0,0.0,0,2613,1089,1524,1364,0.416762,633,891,0,1089,0.583238,1214.4,65.433,57.502,51.285,6.325,3.795,2.711,1.581
gpu0,B,freq_lru_warmup,0.5,2,160,0,0.0,80,2613,38,2655,2495,0.014543,633,2022,0,38,1.016073,2115.7,113.993,100.175,89.346,11.019,6.612,4.723,2.755
gpu0,B,freq_lru_warmup_s4,0.5,2,160,0,0.0,26,2613,331,2308,2148,0.126674,633,1675,0,331,0.883276,1839.2,99.094,87.083,77.668,9.579,5.747,4.105,2.395
gpu0,C,static_freq_prewarm,,2,160,160,1.992,0,2613,1040,1573,0,0.39801,536,1037,97,943,0.60199,1253.5,67.537,59.351,52.934,6.529,3.917,2.798,1.632
gpu0,C,static_layer_freq_prewarm,,2,160,66,0.822,0,2613,538,2075,0,0.205894,587,1488,46,492,0.794106,1653.5,89.09,78.291,69.828,8.612,5.167,3.691,2.153
gpu0,C,freq_lru_prewarm,0.25,2,160,40,0.498,0,2613,678,1935,1815,0.259472,600,1335,33,645,0.740528,1542.0,83.079,73.009,65.116,8.031,4.819,3.442,2.008
gpu0,C,freq_lru_prewarm,0.5,2,160,80,0.996,0,2613,679,1934,1854,0.259855,576,1358,57,622,0.740145,1541.2,83.036,72.971,65.083,8.027,4.816,3.44,2.007
gpu0,C,freq_lru_prewarm,0.75,2,160,120,1.494,0,2613,880,1733,1693,0.336778,555,1178,78,802,0.663222,1381.0,74.406,65.388,58.319,7.193,4.316,3.083,1.798
gpu0,C,freq_lru_prewarm,0.9,2,160,144,1.793,0,2613,976,1637,1621,0.373517,536,1101,97,879,0.626483,1304.5,70.285,61.765,55.088,6.794,4.077,2.912,1.699
gpu0,C,freq_lru_prewarm,0.99,2,160,158,1.967,0,2613,1032,1581,1579,0.394948,536,1045,97,935,0.605052,1259.9,67.88,59.652,53.204,6.562,3.937,2.812,1.64
gpu0,C,lru_prewarm_topN,,2,160,160,1.992,0,2613,499,2114,2114,0.190968,633,1481,0,499,0.809032,1684.6,90.765,79.763,71.14,8.774,5.264,3.76,2.193
gpu0,C,belady_same_state_prewarm,,2,160,160,1.992,0,2613,1186,1427,1427,0.453884,536,891,97,1089,0.546116,1137.1,61.268,53.842,48.021,5.923,3.554,2.538,1.481
gpu0,C,belady_pin_same_state,0.25,2,160,40,0.498,0,2613,1121,1492,1372,0.429009,600,892,33,1088,0.570991,1188.9,64.059,56.294,50.209,6.192,3.715,2.654,1.548
gpu0,C,belady_pin_same_state,0.5,2,160,80,0.996,0,2613,1139,1474,1394,0.435897,576,898,57,1082,0.564103,1174.6,63.286,55.615,49.603,6.118,3.671,2.622,1.529
gpu0,C,belady_pin_same_state,0.75,2,160,120,1.494,0,2613,1136,1477,1437,0.434749,555,922,78,1058,0.565251,1177.0,63.415,55.728,49.704,6.13,3.678,2.627,1.533
gpu0,C,belady_pin_same_state,0.9,2,160,144,1.793,0,2613,1119,1494,1478,0.428243,536,958,97,1022,0.571757,1190.5,64.145,56.37,50.276,6.201,3.72,2.657,1.55
gpu0,C,belady_pin_same_state,0.99,2,160,158,1.967,0,2613,1045,1568,1566,0.399923,536,1032,97,948,0.600077,1249.5,67.322,59.162,52.766,6.508,3.905,2.789,1.627
gpu0,A,lru,,3,240,0,0.0,0,2613,657,1956,1716,0.251435,633,1323,0,657,0.748565,1558.7,83.981,73.801,65.823,8.118,4.871,3.479,2.03
gpu0,A,engine_priority_lru,,3,240,0,0.0,0,2613,293,2320,2080,0.112132,633,1687,0,293,0.887868,1848.8,99.609,87.536,78.072,9.629,5.777,4.127,2.407
gpu0,A,arc,,3,240,0,0.0,0,2613,564,2049,1809,0.215844,633,1416,0,564,0.784156,1632.8,87.974,77.31,68.953,8.504,5.102,3.645,2.126
gpu0,A,lfu,,3,240,0,0.0,0,2613,766,1847,1607,0.29315,633,1214,0,766,0.70685,1471.8,79.301,69.689,62.155,7.666,4.599,3.285,1.916
gpu0,A,freq_x_recency,,3,240,0,0.0,0,2613,746,1867,1627,0.285496,633,1234,0,746,0.714504,1487.8,80.16,70.443,62.828,7.749,4.649,3.321,1.937
gpu0,A,layer_lru,,3,240,0,0.0,0,2613,123,2490,2380,0.047072,633,1857,0,123,0.952928,1984.2,106.908,93.95,83.793,10.334,6.201,4.429,2.584
gpu0,A,cost_aware,,3,240,0,0.0,0,2613,657,1956,1716,0.251435,633,1323,0,657,0.748565,1558.7,83.981,73.801,65.823,8.118,4.871,3.479,2.03
gpu0,A,belady_cold,,3,240,0,0.0,0,2613,1232,1381,1141,0.471489,633,748,0,1232,0.528511,1100.5,59.293,52.106,46.473,5.732,3.439,2.456,1.433
gpu0,B,freq_lru_warmup,0.5,3,240,0,0.0,120,2613,93,2640,2400,0.035591,633,2007,0,93,1.010333,2103.8,113.349,99.609,88.841,10.957,6.574,4.696,2.739
gpu0,B,freq_lru_warmup_s4,0.5,3,240,0,0.0,14,2613,694,1933,1693,0.265595,633,1300,0,694,0.739763,1540.4,82.994,72.934,65.049,8.023,4.814,3.438,2.006
gpu0,C,static_freq_prewarm,,3,240,240,2.988,0,2613,1281,1332,0,0.490241,489,843,144,1137,0.509759,1061.4,57.19,50.257,44.824,5.528,3.317,2.369,1.382
gpu0,C,static_layer_freq_prewarm,,3,240,110,1.37,0,2613,781,1832,0,0.29889,554,1278,79,702,0.70111,1459.9,78.657,69.123,61.65,7.604,4.562,3.259,1.901
gpu0,C,freq_lru_prewarm,0.25,3,240,60,0.747,0,2613,809,1804,1624,0.309606,590,1214,43,766,0.690394,1437.6,77.455,68.066,60.708,7.487,4.492,3.209,1.872
gpu0,C,freq_lru_prewarm,0.5,3,240,120,1.494,0,2613,1012,1601,1481,0.387294,555,1046,78,934,0.612706,1275.8,68.739,60.407,53.877,6.645,3.987,2.848,1.661
gpu0,C,freq_lru_prewarm,0.75,3,240,180,2.241,0,2613,1120,1493,1433,0.428626,517,976,116,1004,0.571374,1189.7,64.102,56.332,50.242,6.197,3.718,2.656,1.549
gpu0,C,freq_lru_prewarm,0.9,3,240,216,2.689,0,2613,1209,1404,1380,0.462687,489,915,144,1065,0.537313,1118.8,60.281,52.974,47.247,5.827,3.496,2.497,1.457
gpu0,C,freq_lru_prewarm,0.99,3,240,237,2.951,0,2613,1272,1341,1338,0.486797,489,852,144,1128,0.513203,1068.6,57.576,50.597,45.127,5.566,3.339,2.385,1.391
gpu0,C,lru_prewarm_topN,,3,240,240,2.988,0,2613,671,1942,1942,0.256793,619,1323,14,657,0.743207,1547.5,83.38,73.273,65.352,8.06,4.836,3.454,2.015
gpu0,C,belady_same_state_prewarm,,3,240,240,2.988,0,2613,1410,1203,1203,0.53961,489,714,144,1266,0.46039,958.6,51.651,45.39,40.483,4.993,2.996,2.14,1.248
gpu0,C,belady_pin_same_state,0.25,3,240,60,0.747,0,2613,1291,1322,1142,0.494068,590,732,43,1248,0.505932,1053.5,56.76,49.88,44.488,5.487,3.292,2.351,1.372
gpu0,C,belady_pin_same_state,0.5,3,240,120,1.494,0,2613,1340,1273,1153,0.512821,555,718,78,1262,0.487179,1014.4,54.656,48.031,42.839,5.283,3.17,2.264,1.321
gpu0,C,belady_pin_same_state,0.75,3,240,180,2.241,0,2613,1362,1251,1191,0.52124,517,734,116,1246,0.47876,996.9,53.712,47.201,42.098,5.192,3.115,2.225,1.298
gpu0,C,belady_pin_same_state,0.9,3,240,216,2.689,0,2613,1352,1261,1237,0.517413,489,772,144,1208,0.482587,1004.9,54.141,47.579,42.435,5.234,3.14,2.243,1.308
gpu0,C,belady_pin_same_state,0.99,3,240,237,2.951,0,2613,1295,1318,1315,0.495599,489,829,144,1151,0.504401,1050.3,56.588,49.729,44.353,5.47,3.282,2.344,1.368
gpu0,A,lru,,3.5,281,0,0.0,0,2613,680,1933,1652,0.260237,633,1300,0,680,0.739763,1540.4,82.994,72.934,65.049,8.023,4.814,3.438,2.006
gpu0,A,engine_priority_lru,,3.5,281,0,0.0,0,2613,329,2284,2003,0.125909,633,1651,0,329,0.874091,1820.1,98.064,86.177,76.861,9.479,5.688,4.063,2.37
gpu0,A,arc,,3.5,281,0,0.0,0,2613,622,1991,1710,0.238041,633,1358,0,622,0.761959,1586.6,85.484,75.122,67.001,8.263,4.958,3.541,2.066
gpu0,A,lfu,,3.5,281,0,0.0,0,2613,824,1789,1508,0.315346,633,1156,0,824,0.684654,1425.6,76.811,67.5,60.203,7.425,4.455,3.182,1.856
gpu0,A,freq_x_recency,,3.5,281,0,0.0,0,2613,831,1782,1501,0.318025,633,1149,0,831,0.681975,1420.0,76.51,67.236,59.968,7.396,4.438,3.17,1.849
gpu0,A,layer_lru,,3.5,281,0,0.0,0,2613,361,2252,2120,0.138155,633,1619,0,361,0.861845,1794.6,96.69,84.97,75.784,9.347,5.608,4.006,2.337
gpu0,A,cost_aware,,3.5,281,0,0.0,0,2613,680,1933,1652,0.260237,633,1300,0,680,0.739763,1540.4,82.994,72.934,65.049,8.023,4.814,3.438,2.006
gpu0,A,belady_cold,,3.5,281,0,0.0,0,2613,1273,1340,1059,0.487179,633,707,0,1273,0.512821,1067.8,57.533,50.559,45.093,5.562,3.337,2.384,1.39
gpu0,B,freq_lru_warmup,0.5,3.5,281,0,0.0,140,2613,561,2192,1911,0.214696,633,1559,0,561,0.838883,1746.8,94.114,82.706,73.765,9.098,5.459,3.899,2.274
gpu0,B,freq_lru_warmup_s4,0.5,3.5,281,0,0.0,9,2613,742,1880,1599,0.283965,633,1247,0,742,0.71948,1498.1,80.718,70.934,63.265,7.803,4.682,3.344,1.951
gpu0,C,static_freq_prewarm,,3.5,281,281,3.499,0,2613,1382,1231,0,0.528894,467,764,166,1216,0.471106,981.0,52.853,46.447,41.425,5.109,3.065,2.19,1.277
gpu0,C,static_layer_freq_prewarm,,3.5,281,132,1.644,0,2613,880,1733,0,0.336778,536,1197,97,783,0.663222,1381.0,74.406,65.388,58.319,7.193,4.316,3.083,1.798
gpu0,C,freq_lru_prewarm,0.25,3.5,281,70,0.872,0,2613,903,1710,1499,0.34558,586,1124,47,856,0.65442,1362.7,73.419,64.52,57.545,7.097,4.258,3.042,1.774
gpu0,C,freq_lru_prewarm,0.5,3.5,281,140,1.743,0,2613,1100,1513,1372,0.420972,536,977,97,1003,0.579028,1205.7,64.961,57.087,50.915,6.28,3.768,2.691,1.57
gpu0,C,freq_lru_prewarm,0.75,3.5,281,210,2.615,0,2613,1250,1363,1292,0.478377,489,874,144,1106,0.521623,1086.1,58.521,51.427,45.867,5.657,3.394,2.424,1.414
gpu0,C,freq_lru_prewarm,0.9,3.5,281,252,3.138,0,2613,1317,1296,1267,0.504018,489,807,144,1173,0.495982,1032.8,55.644,48.899,43.613,5.379,3.227,2.305,1.345
gpu0,C,freq_lru_prewarm,0.99,3.5,281,278,3.461,0,2613,1376,1237,1234,0.526598,470,767,163,1213,0.473402,985.7,53.111,46.673,41.627,5.134,3.08,2.2,1.284
gpu0,C,lru_prewarm_topN,,3.5,281,281,3.499,0,2613,721,1892,1892,0.275928,592,1300,41,680,0.724072,1507.7,81.233,71.387,63.669,7.853,4.712,3.365,1.963
gpu0,C,belady_same_state_prewarm,,3.5,281,281,3.499,0,2613,1496,1117,1117,0.572522,467,650,166,1330,0.427478,890.1,47.958,42.145,37.589,4.636,2.782,1.987,1.159
gpu0,C,belady_pin_same_state,0.25,3.5,281,70,0.872,0,2613,1342,1271,1060,0.513586,586,685,47,1295,0.486414,1012.8,54.57,47.956,42.771,5.275,3.165,2.261,1.319
gpu0,C,belady_pin_same_state,0.5,3.5,281,140,1.743,0,2613,1409,1204,1063,0.539227,536,668,97,1312,0.460773,959.4,51.694,45.428,40.517,4.997,2.998,2.142,1.249
gpu0,C,belady_pin_same_state,0.75,3.5,281,210,2.615,0,2613,1458,1155,1084,0.557979,489,666,144,1314,0.442021,920.4,49.59,43.579,38.868,4.794,2.876,2.054,1.198
gpu0,C,belady_pin_same_state,0.9,3.5,281,252,3.138,0,2613,1446,1167,1138,0.553387,489,678,144,1302,0.446613,930.0,50.105,44.032,39.272,4.844,2.906,2.076,1.211
gpu0,C,belady_pin_same_state,0.99,3.5,281,278,3.461,0,2613,1396,1217,1214,0.534252,470,747,163,1233,0.465748,969.8,52.252,45.918,40.954,5.051,3.031,2.165,1.263
gpu0,A,lru,,4,321,0,0.0,0,2613,780,1833,1512,0.298507,633,1200,0,780,0.701493,1460.7,78.7,69.161,61.684,7.608,4.565,3.26,1.902
gpu0,A,engine_priority_lru,,4,321,0,0.0,0,2613,358,2255,1934,0.137007,633,1622,0,358,0.862993,1797.0,96.819,85.083,75.885,9.359,5.615,4.011,2.34
gpu0,A,arc,,4,321,0,0.0,0,2613,724,1889,1568,0.277076,633,1256,0,724,0.722924,1505.3,81.104,71.274,63.568,7.84,4.704,3.36,1.96
gpu0,A,lfu,,4,321,0,0.0,0,2613,879,1734,1413,0.336395,633,1101,0,879,0.663605,1381.8,74.449,65.425,58.352,7.197,4.318,3.084,1.799
gpu0,A,freq_x_recency,,4,321,0,0.0,0,2613,915,1698,1377,0.350172,633,1065,0,915,0.649828,1353.1,72.904,64.067,57.141,7.047,4.228,3.02,1.762
gpu0,A,layer_lru,,4,321,0,0.0,0,2613,469,2144,1990,0.179487,633,1511,0,469,0.820513,1708.5,92.053,80.895,72.149,8.898,5.339,3.814,2.225
gpu0,A,cost_aware,,4,321,0,0.0,0,2613,780,1833,1512,0.298507,633,1200,0,780,0.701493,1460.7,78.7,69.161,61.684,7.608,4.565,3.26,1.902
gpu0,A,belady_cold,,4,321,0,0.0,0,2613,1313,1300,979,0.502488,633,667,0,1313,0.497512,1035.9,55.816,49.05,43.747,5.396,3.237,2.312,1.349
gpu0,B,freq_lru_warmup,0.5,4,321,0,0.0,160,2613,591,2182,1861,0.226177,633,1549,0,591,0.835055,1738.8,93.684,82.329,73.428,9.056,5.434,3.881,2.264
gpu0,B,freq_lru_warmup_s4,0.5,4,321,0,0.0,0,2613,782,1831,1510,0.299273,633,1198,0,782,0.700727,1459.1,78.614,69.085,61.616,7.599,4.56,3.257,1.9
gpu0,C,static_freq_prewarm,,4,321,321,3.997,0,2613,1462,1151,0,0.55951,427,724,206,1256,0.44049,917.2,49.418,43.428,38.733,4.777,2.866,2.047,1.194
gpu0,C,static_layer_freq_prewarm,,4,321,154,1.917,0,2613,976,1637,0,0.373517,528,1109,105,871,0.626483,1304.5,70.285,61.765,55.088,6.794,4.077,2.912,1.699
gpu0,C,freq_lru_prewarm,0.25,4,321,80,0.996,0,2613,978,1635,1394,0.374282,576,1059,57,921,0.625718,1302.9,70.199,61.69,55.021,6.786,4.072,2.908,1.696
gpu0,C,freq_lru_prewarm,0.5,4,321,160,1.992,0,2613,1178,1435,1274,0.450823,536,899,97,1081,0.549177,1143.5,61.612,54.144,48.29,5.956,3.573,2.552,1.489
gpu0,C,freq_lru_prewarm,0.75,4,321,240,2.988,0,2613,1338,1275,1194,0.512055,489,786,144,1194,0.487945,1016.0,54.742,48.107,42.906,5.292,3.175,2.268,1.323
gpu0,C,freq_lru_prewarm,0.9,4,321,288,3.586,0,2613,1397,1216,1183,0.534635,460,756,173,1224,0.465365,969.0,52.209,45.881,40.921,5.047,3.028,2.163,1.262
gpu0,C,freq_lru_prewarm,0.99,4,321,317,3.947,0,2613,1454,1159,1155,0.556449,431,728,202,1252,0.443551,923.6,49.762,43.73,39.002,4.81,2.886,2.062,1.203
gpu0,C,lru_prewarm_topN,,4,321,321,3.997,0,2613,846,1767,1767,0.323766,567,1200,66,780,0.676234,1408.1,75.866,66.67,59.463,7.334,4.4,3.143,1.833
gpu0,C,belady_same_state_prewarm,,4,321,321,3.997,0,2613,1576,1037,1037,0.603138,427,610,206,1370,0.396862,826.4,44.524,39.127,34.897,4.304,2.582,1.845,1.076
gpu0,C,belady_pin_same_state,0.25,4,321,80,0.996,0,2613,1392,1221,980,0.532721,576,645,57,1335,0.467279,973.0,52.424,46.069,41.089,5.068,3.041,2.172,1.267
gpu0,C,belady_pin_same_state,0.5,4,321,160,1.992,0,2613,1465,1148,987,0.560658,536,612,97,1368,0.439342,914.8,49.289,43.315,38.632,4.765,2.859,2.042,1.191
gpu0,C,belady_pin_same_state,0.75,4,321,240,2.988,0,2613,1514,1099,1018,0.579411,489,610,144,1370,0.420589,875.8,47.186,41.466,36.983,4.561,2.737,1.955,1.14
gpu0,C,belady_pin_same_state,0.9,4,321,288,3.586,0,2613,1518,1095,1062,0.580941,460,635,173,1345,0.419059,872.6,47.014,41.315,36.849,4.545,2.727,1.948,1.136
gpu0,C,belady_pin_same_state,0.99,4,321,317,3.947,0,2613,1483,1130,1126,0.567547,431,699,202,1281,0.432453,900.5,48.517,42.636,38.027,4.69,2.814,2.01,1.172
gpu0,A,lru,,6,481,0,0.0,0,2613,1084,1529,1048,0.414849,633,896,0,1084,0.585151,1218.4,65.648,57.69,51.454,6.346,3.808,2.72,1.586
gpu0,A,engine_priority_lru,,6,481,0,0.0,0,2613,569,2044,1563,0.217757,633,1411,0,569,0.782243,1628.8,87.759,77.122,68.784,8.483,5.09,3.636,2.121
gpu0,A,arc,,6,481,0,0.0,0,2613,984,1629,1148,0.376579,633,996,0,984,0.623421,1298.1,69.941,61.464,54.819,6.761,4.057,2.898,1.69
gpu0,A,lfu,,6,481,0,0.0,0,2613,1084,1529,1048,0.414849,633,896,0,1084,0.585151,1218.4,65.648,57.69,51.454,6.346,3.808,2.72,1.586
gpu0,A,freq_x_recency,,6,481,0,0.0,0,2613,1093,1520,1039,0.418293,633,887,0,1093,0.581707,1211.2,65.261,57.351,51.151,6.309,3.785,2.704,1.577
gpu0,A,layer_lru,,6,481,0,0.0,0,2613,630,1983,1741,0.241102,633,1350,0,630,0.758898,1580.2,85.14,74.82,66.732,8.23,4.938,3.527,2.058
gpu0,A,cost_aware,,6,481,0,0.0,0,2613,1084,1529,1048,0.414849,633,896,0,1084,0.585151,1218.4,65.648,57.69,51.454,6.346,3.808,2.72,1.586
gpu0,A,belady_cold,,6,481,0,0.0,0,2613,1316,1297,816,0.503636,633,664,0,1316,0.496364,1033.5,55.687,48.937,43.646,5.383,3.23,2.307,1.346
gpu0,B,freq_lru_warmup,0.5,6,481,0,0.0,152,2613,834,1931,1450,0.319173,633,1298,0,834,0.738997,1538.8,82.908,72.858,64.982,8.014,4.809,3.435,2.004
gpu0,B,freq_lru_warmup_s4,0.5,6,481,0,0.0,40,2613,1056,1597,1116,0.404133,633,964,0,1056,0.611175,1272.6,68.567,60.256,53.742,6.628,3.977,2.841,1.657
gpu0,C,static_freq_prewarm,,6,481,481,5.989,0,2613,1782,831,0,0.681975,370,461,263,1519,0.318025,662.2,35.679,31.354,27.965,3.449,2.069,1.478,0.862
gpu0,C,static_layer_freq_prewarm,,6,481,242,3.013,0,2613,1264,1349,0,0.483735,473,876,160,1104,0.516265,1075.0,57.919,50.899,45.396,5.599,3.359,2.4,1.4
gpu0,C,freq_lru_prewarm,0.25,6,481,120,1.494,0,2613,1235,1378,1017,0.472637,555,823,78,1157,0.527363,1098.1,59.165,51.993,46.372,5.719,3.432,2.451,1.43
gpu0,C,freq_lru_prewarm,0.5,6,481,240,2.988,0,2613,1423,1190,949,0.544585,489,701,144,1279,0.455415,948.3,51.093,44.9,40.046,4.939,2.963,2.117,1.235
gpu0,C,freq_lru_prewarm,0.75,6,481,360,4.482,0,2613,1604,1009,888,0.613854,388,621,245,1359,0.386146,804.0,43.321,38.07,33.955,4.188,2.513,1.795,1.047
gpu0,C,freq_lru_prewarm,0.9,6,481,432,5.379,0,2613,1698,915,866,0.649828,370,545,263,1435,0.350172,729.1,39.286,34.524,30.791,3.798,2.279,1.628,0.949
gpu0,C,freq_lru_prewarm,0.99,6,481,476,5.927,0,2613,1772,841,836,0.678148,370,471,263,1509,0.321852,670.2,36.108,31.732,28.301,3.49,2.094,1.496,0.873
gpu0,C,lru_prewarm_topN,,6,481,481,5.989,0,2613,1248,1365,1365,0.477612,469,896,164,1084,0.522388,1087.7,58.606,51.503,45.935,5.665,3.399,2.428,1.416
gpu0,C,belady_same_state_prewarm,,6,481,481,5.989,0,2613,1796,817,817,0.687333,370,447,263,1533,0.312667,651.0,35.078,30.826,27.494,3.391,2.035,1.453,0.848
gpu0,C,belady_pin_same_state,0.25,6,481,120,1.494,0,2613,1436,1177,816,0.54956,555,622,78,1358,0.45044,937.9,50.535,44.409,39.608,4.885,2.931,2.094,1.221
gpu0,C,belady_pin_same_state,0.5,6,481,240,2.988,0,2613,1556,1057,816,0.595484,489,568,144,1412,0.404516,842.3,45.382,39.881,35.57,4.387,2.632,1.88,1.097
gpu0,C,belady_pin_same_state,0.75,6,481,360,4.482,0,2613,1676,937,816,0.641408,388,549,245,1431,0.358592,746.7,40.23,35.354,31.532,3.889,2.333,1.667,0.972
gpu0,C,belady_pin_same_state,0.9,6,481,432,5.379,0,2613,1748,865,816,0.668963,370,495,263,1485,0.331037,689.3,37.139,32.637,29.109,3.59,2.154,1.539,0.898
gpu0,C,belady_pin_same_state,0.99,6,481,476,5.927,0,2613,1783,830,825,0.682357,370,460,263,1520,0.317643,661.4,35.636,31.317,27.931,3.445,2.067,1.476,0.861
gpu0,A,lru,,8,642,0,0.0,0,2613,1192,1421,779,0.456181,633,788,0,1192,0.543819,1132.4,61.011,53.616,47.819,5.898,3.539,2.528,1.474
gpu0,A,engine_priority_lru,,8,642,0,0.0,0,2613,820,1793,1151,0.313816,633,1160,0,820,0.686184,1428.8,76.983,67.651,60.338,7.442,4.465,3.189,1.86
gpu0,A,arc,,8,642,0,0.0,0,2613,1186,1427,785,0.453884,633,794,0,1186,0.546116,1137.1,61.268,53.842,48.021,5.923,3.554,2.538,1.481
gpu0,A,lfu,,8,642,0,0.0,0,2613,1195,1418,776,0.457329,633,785,0,1195,0.542671,1130.0,60.882,53.502,47.718,5.885,3.531,2.522,1.471
gpu0,A,freq_x_recency,,8,642,0,0.0,0,2613,1194,1419,777,0.456946,633,786,0,1194,0.543054,1130.8,60.925,53.54,47.752,5.889,3.534,2.524,1.472
gpu0,A,layer_lru,,8,642,0,0.0,0,2613,800,1813,1505,0.306162,633,1180,0,800,0.693838,1444.7,77.841,68.406,61.011,7.525,4.515,3.225,1.881
gpu0,A,cost_aware,,8,642,0,0.0,0,2613,1192,1421,779,0.456181,633,788,0,1192,0.543819,1132.4,61.011,53.616,47.819,5.898,3.539,2.528,1.474
gpu0,A,belady_cold,,8,642,0,0.0,0,2613,1316,1297,655,0.503636,633,664,0,1316,0.496364,1033.5,55.687,48.937,43.646,5.383,3.23,2.307,1.346
gpu0,B,freq_lru_warmup,0.5,8,642,0,0.0,0,2613,1106,1507,865,0.423268,633,874,0,1106,0.576732,1200.9,64.703,56.86,50.713,6.255,3.753,2.681,1.564
gpu0,B,freq_lru_warmup_s4,0.5,8,642,0,0.0,121,2613,1196,1538,896,0.457711,633,905,0,1196,0.588595,1225.6,66.034,58.03,51.756,6.383,3.83,2.736,1.596
gpu0,C,static_freq_prewarm,,8,642,642,7.994,0,2613,1958,655,0,0.74933,224,431,409,1549,0.25067,522.0,28.122,24.714,22.042,2.719,1.631,1.165,0.68
gpu0,C,static_layer_freq_prewarm,,8,642,308,3.835,0,2613,1430,1183,0,0.547264,436,747,197,1233,0.452736,942.7,50.792,44.636,39.81,4.91,2.946,2.104,1.227
gpu0,C,freq_lru_prewarm,0.25,8,642,160,1.992,0,2613,1360,1253,771,0.520475,536,717,97,1263,0.479525,998.5,53.798,47.277,42.166,5.2,3.12,2.229,1.3
gpu0,C,freq_lru_prewarm,0.5,8,642,321,3.997,0,2613,1591,1022,701,0.608879,427,595,206,1385,0.391121,814.4,43.88,38.561,34.392,4.242,2.545,1.818,1.06
gpu0,C,freq_lru_prewarm,0.75,8,642,481,5.989,0,2613,1797,816,655,0.687715,370,446,263,1534,0.312285,650.2,35.035,30.788,27.46,3.387,2.032,1.451,0.847
gpu0,C,freq_lru_prewarm,0.9,8,642,577,7.184,0,2613,1893,720,655,0.724455,289,431,344,1549,0.275545,573.8,30.913,27.166,24.229,2.988,1.793,1.281,0.747
gpu0,C,freq_lru_prewarm,0.99,8,642,635,7.906,0,2613,1951,662,655,0.746651,231,431,402,1549,0.253349,527.5,28.423,24.978,22.278,2.748,1.649,1.178,0.687
gpu0,C,lru_prewarm_topN,,8,642,642,7.994,0,2613,1567,1046,1046,0.599694,258,788,375,1192,0.400306,833.5,44.91,39.466,35.2,4.341,2.605,1.861,1.085
gpu0,C,belady_same_state_prewarm,,8,642,642,7.994,0,2613,1958,655,655,0.74933,224,431,409,1549,0.25067,522.0,28.122,24.714,22.042,2.719,1.631,1.165,0.68
gpu0,C,belady_pin_same_state,0.25,8,642,160,1.992,0,2613,1476,1137,655,0.564868,536,601,97,1379,0.435132,906.0,48.817,42.9,38.262,4.719,2.831,2.022,1.18
gpu0,C,belady_pin_same_state,0.5,8,642,321,3.997,0,2613,1637,976,655,0.626483,427,549,206,1431,0.373517,777.8,41.905,36.825,32.844,4.051,2.43,1.736,1.013
gpu0,C,belady_pin_same_state,0.75,8,642,481,5.989,0,2613,1797,816,655,0.687715,370,446,263,1534,0.312285,650.2,35.035,30.788,27.46,3.387,2.032,1.451,0.847
gpu0,C,belady_pin_same_state,0.9,8,642,577,7.184,0,2613,1893,720,655,0.724455,289,431,344,1549,0.275545,573.8,30.913,27.166,24.229,2.988,1.793,1.281,0.747
gpu0,C,belady_pin_same_state,0.99,8,642,635,7.906,0,2613,1951,662,655,0.746651,231,431,402,1549,0.253349,527.5,28.423,24.978,22.278,2.748,1.649,1.178,0.687
gpu1,A,lru,,1,80,0,0.0,0,2486,0,2486,2406,0.0,596,1890,0,0,1.0,1981.0,106.737,93.799,83.658,10.318,6.191,4.422,2.579
gpu1,A,engine_priority_lru,,1,80,0,0.0,0,2486,142,2344,2264,0.05712,596,1748,0,142,0.94288,1867.9,100.64,88.441,78.88,9.729,5.837,4.169,2.432
gpu1,A,arc,,1,80,0,0.0,0,2486,0,2486,2406,0.0,596,1890,0,0,1.0,1981.0,106.737,93.799,83.658,10.318,6.191,4.422,2.579
gpu1,A,lfu,,1,80,0,0.0,0,2486,527,1959,1879,0.211987,596,1363,0,527,0.788013,1561.1,84.11,73.915,65.924,8.131,4.878,3.485,2.033
gpu1,A,freq_x_recency,,1,80,0,0.0,0,2486,523,1963,1883,0.210378,596,1367,0,523,0.789622,1564.3,84.282,74.066,66.059,8.147,4.888,3.492,2.037
gpu1,A,layer_lru,,1,80,0,0.0,0,2486,0,2486,2465,0.0,596,1890,0,0,1.0,1981.0,106.737,93.799,83.658,10.318,6.191,4.422,2.579
gpu1,A,cost_aware,,1,80,0,0.0,0,2486,0,2486,2406,0.0,596,1890,0,0,1.0,1981.0,106.737,93.799,83.658,10.318,6.191,4.422,2.579
gpu1,A,belady_cold,,1,80,0,0.0,0,2486,977,1509,1429,0.393001,596,913,0,977,0.606999,1202.5,64.789,56.936,50.781,6.263,3.758,2.684,1.566
gpu1,B,freq_lru_warmup,0.5,1,80,0,0.0,40,2486,71,2455,2375,0.02856,596,1859,0,71,0.98753,1956.3,105.406,92.629,82.615,10.189,6.114,4.367,2.547
gpu1,B,freq_lru_warmup_s4,0.5,1,80,0,0.0,22,2486,260,2248,2168,0.104586,596,1652,0,260,0.904264,1791.4,96.518,84.819,75.649,9.33,5.598,3.999,2.333
gpu1,C,static_freq_prewarm,,1,80,80,0.996,0,2486,832,1654,0,0.334674,542,1112,54,778,0.665326,1318.0,71.015,62.407,55.66,6.865,4.119,2.942,1.716
gpu1,C,static_layer_freq_prewarm,,1,80,21,0.261,0,2486,273,2213,0,0.109815,578,1635,18,255,0.890185,1763.5,95.015,83.498,74.471,9.185,5.511,3.936,2.296
gpu1,C,freq_lru_prewarm,0.25,1,80,20,0.249,0,2486,289,2197,2137,0.116251,576,1621,20,269,0.883749,1750.7,94.328,82.895,73.933,9.118,5.471,3.908,2.28
gpu1,C,freq_lru_prewarm,0.5,1,80,40,0.498,0,2486,511,1975,1935,0.205551,561,1414,35,476,0.794449,1573.8,84.797,74.518,66.462,8.197,4.918,3.513,2.049
gpu1,C,freq_lru_prewarm,0.75,1,80,60,0.747,0,2486,685,1801,1781,0.275543,549,1252,47,638,0.724457,1435.2,77.326,67.953,60.607,7.475,4.485,3.204,1.869
gpu1,C,freq_lru_prewarm,0.9,1,80,72,0.896,0,2486,776,1710,1702,0.312148,544,1166,52,724,0.687852,1362.7,73.419,64.52,57.545,7.097,4.258,3.042,1.774
gpu1,C,freq_lru_prewarm,0.99,1,80,79,0.984,0,2486,825,1661,1660,0.331858,542,1119,54,771,0.668142,1323.6,71.315,62.671,55.896,6.894,4.136,2.954,1.723
gpu1,C,lru_prewarm_topN,,1,80,80,0.996,0,2486,4,2482,2482,0.001609,592,1890,4,0,0.998391,1977.8,106.565,93.648,83.524,10.301,6.181,4.415,2.575
gpu1,C,belady_same_state_prewarm,,1,80,80,0.996,0,2486,1031,1455,1455,0.414722,542,913,54,977,0.585278,1159.5,62.471,54.898,48.963,6.039,3.623,2.588,1.51
gpu1,C,belady_pin_same_state,0.25,1,80,20,0.249,0,2486,996,1490,1430,0.400644,576,914,20,976,0.599356,1187.3,63.973,56.219,50.141,6.184,3.71,2.65,1.546
gpu1,C,belady_pin_same_state,0.5,1,80,40,0.498,0,2486,996,1490,1450,0.400644,561,929,35,961,0.599356,1187.3,63.973,56.219,50.141,6.184,3.71,2.65,1.546
gpu1,C,belady_pin_same_state,0.75,1,80,60,0.747,0,2486,941,1545,1525,0.37852,549,996,47,894,0.62148,1231.2,66.335,58.294,51.992,6.412,3.847,2.748,1.603
gpu1,C,belady_pin_same_state,0.9,1,80,72,0.896,0,2486,874,1612,1604,0.351569,544,1068,52,822,0.648431,1284.6,69.211,60.822,54.247,6.69,4.014,2.867,1.673
gpu1,C,belady_pin_same_state,0.99,1,80,79,0.984,0,2486,825,1661,1660,0.331858,542,1119,54,771,0.668142,1323.6,71.315,62.671,55.896,6.894,4.136,2.954,1.723
gpu1,A,lru,,2,160,0,0.0,0,2486,819,1667,1507,0.329445,596,1071,0,819,0.670555,1328.4,71.573,62.897,56.098,6.919,4.151,2.965,1.73
gpu1,A,engine_priority_lru,,2,160,0,0.0,0,2486,252,2234,2074,0.101368,596,1638,0,252,0.898632,1780.2,95.917,84.291,75.178,9.272,5.563,3.974,2.318
gpu1,A,arc,,2,160,0,0.0,0,2486,625,1861,1701,0.251408,596,1265,0,625,0.748592,1483.0,79.902,70.217,62.626,7.724,4.634,3.31,1.931
gpu1,A,lfu,,2,160,0,0.0,0,2486,810,1676,1516,0.325825,596,1080,0,810,0.674175,1335.6,71.959,63.237,56.4,6.956,4.174,2.981,1.739
gpu1,A,freq_x_recency,,2,160,0,0.0,0,2486,835,1651,1491,0.335881,596,1055,0,835,0.664119,1315.6,70.886,62.294,55.559,6.852,4.111,2.937,1.713
gpu1,A,layer_lru,,2,160,0,0.0,0,2486,6,2480,2417,0.002414,596,1884,0,6,0.997586,1976.2,106.479,93.572,83.457,10.293,6.176,4.411,2.573
gpu1,A,cost_aware,,2,160,0,0.0,0,2486,819,1667,1507,0.329445,596,1071,0,819,0.670555,1328.4,71.573,62.897,56.098,6.919,4.151,2.965,1.73
gpu1,A,belady_cold,,2,160,0,0.0,0,2486,1291,1195,1035,0.519308,596,599,0,1291,0.480692,952.3,51.307,45.088,40.214,4.96,2.976,2.126,1.24
gpu1,B,freq_lru_warmup,0.5,2,160,0,0.0,80,2486,125,2441,2281,0.050282,596,1845,0,125,0.981899,1945.2,104.805,92.101,82.144,10.131,6.079,4.342,2.533
gpu1,B,freq_lru_warmup_s4,0.5,2,160,0,0.0,14,2486,520,1980,1820,0.209171,596,1384,0,520,0.79646,1577.8,85.011,74.707,66.631,8.218,4.931,3.522,2.054
gpu1,C,static_freq_prewarm,,2,160,160,1.992,0,2486,1203,1283,0,0.48391,506,777,90,1113,0.51609,1022.4,55.086,48.409,43.175,5.325,3.195,2.282,1.331
gpu1,C,static_layer_freq_prewarm,,2,160,63,0.784,0,2486,672,1814,0,0.270314,550,1264,46,626,0.729686,1445.5,77.884,68.444,61.044,7.529,4.517,3.227,1.882
gpu1,C,freq_lru_prewarm,0.25,2,160,40,0.498,0,2486,954,1532,1412,0.383749,561,971,35,919,0.616251,1220.8,65.777,57.804,51.555,6.358,3.815,2.725,1.59
gpu1,C,freq_lru_prewarm,0.5,2,160,80,0.996,0,2486,1015,1471,1391,0.408286,542,929,54,961,0.591714,1172.2,63.157,55.502,49.502,6.105,3.663,2.617,1.526
gpu1,C,freq_lru_prewarm,0.75,2,160,120,1.494,0,2486,1064,1422,1382,0.427997,521,901,75,989,0.572003,1133.2,61.054,53.653,47.853,5.902,3.541,2.529,1.475
gpu1,C,freq_lru_prewarm,0.9,2,160,144,1.793,0,2486,1139,1347,1331,0.458166,506,841,90,1049,0.541834,1073.4,57.834,50.823,45.329,5.591,3.354,2.396,1.398
gpu1,C,freq_lru_prewarm,0.99,2,160,158,1.967,0,2486,1195,1291,1289,0.480692,506,785,90,1105,0.519308,1028.8,55.429,48.71,43.444,5.358,3.215,2.296,1.34
gpu1,C,lru_prewarm_topN,,2,160,160,1.992,0,2486,838,1648,1648,0.337088,577,1071,19,819,0.662912,1313.2,70.757,62.18,55.458,6.84,4.104,2.931,1.71
gpu1,C,belady_same_state_prewarm,,2,160,160,1.992,0,2486,1381,1105,1105,0.555511,506,599,90,1291,0.444489,880.5,47.443,41.693,37.185,4.586,2.752,1.966,1.147
gpu1,C,belady_pin_same_state,0.25,2,160,40,0.498,0,2486,1326,1160,1040,0.533387,561,599,35,1291,0.466613,924.4,49.805,43.768,39.036,4.814,2.889,2.063,1.204
gpu1,C,belady_pin_same_state,0.5,2,160,80,0.996,0,2486,1343,1143,1063,0.540225,542,601,54,1289,0.459775,910.8,49.075,43.126,38.464,4.744,2.846,2.033,1.186
gpu1,C,belady_pin_same_state,0.75,2,160,120,1.494,0,2486,1340,1146,1106,0.539019,521,625,75,1265,0.460981,913.2,49.204,43.24,38.565,4.756,2.854,2.038,1.189
gpu1,C,belady_pin_same_state,0.9,2,160,144,1.793,0,2486,1301,1185,1169,0.523331,506,679,90,1211,0.476669,944.3,50.878,44.711,39.877,4.918,2.951,2.108,1.23
gpu1,C,belady_pin_same_state,0.99,2,160,158,1.967,0,2486,1208,1278,1276,0.485921,506,772,90,1118,0.514079,1018.4,54.871,48.22,43.007,5.304,3.183,2.273,1.326
gpu1,A,lru,,3,240,0,0.0,0,2486,1000,1486,1246,0.402253,596,890,0,1000,0.597747,1184.2,63.802,56.068,50.007,6.167,3.7,2.643,1.542
gpu1,A,engine_priority_lru,,3,240,0,0.0,0,2486,309,2177,1937,0.124296,596,1581,0,309,0.875704,1734.8,93.47,82.14,73.26,9.035,5.421,3.872,2.259
gpu1,A,arc,,3,240,0,0.0,0,2486,778,1708,1468,0.312953,596,1112,0,778,0.687047,1361.1,73.333,64.444,57.477,7.089,4.253,3.038,1.772
gpu1,A,lfu,,3,240,0,0.0,0,2486,966,1520,1280,0.388576,596,924,0,966,0.611424,1211.2,65.261,57.351,51.151,6.309,3.785,2.704,1.577
gpu1,A,freq_x_recency,,3,240,0,0.0,0,2486,1036,1450,1210,0.416734,596,854,0,1036,0.583266,1155.5,62.256,54.71,48.795,6.018,3.611,2.579,1.505
gpu1,A,layer_lru,,3,240,0,0.0,0,2486,163,2323,2218,0.065567,596,1727,0,163,0.934433,1851.1,99.738,87.649,78.173,9.641,5.785,4.132,2.41
gpu1,A,cost_aware,,3,240,0,0.0,0,2486,1000,1486,1246,0.402253,596,890,0,1000,0.597747,1184.2,63.802,56.068,50.007,6.167,3.7,2.643,1.542
gpu1,A,belady_cold,,3,240,0,0.0,0,2486,1392,1094,854,0.559936,596,498,0,1392,0.440064,871.8,46.971,41.278,36.815,4.541,2.724,1.946,1.135
gpu1,B,freq_lru_warmup,0.5,3,240,0,0.0,120,2486,903,1703,1463,0.363234,596,1107,0,903,0.685036,1357.1,73.118,64.256,57.309,7.068,4.241,3.029,1.767
gpu1,B,freq_lru_warmup_s4,0.5,3,240,0,0.0,22,2486,965,1543,1303,0.388174,596,947,0,965,0.620676,1229.6,66.249,58.219,51.925,6.404,3.842,2.745,1.601
gpu1,C,static_freq_prewarm,,3,240,240,2.988,0,2486,1450,1036,0,0.583266,465,571,131,1319,0.416734,825.6,44.481,39.089,34.863,4.3,2.58,1.843,1.075
gpu1,C,static_layer_freq_prewarm,,3,240,105,1.307,0,2486,950,1536,0,0.38214,529,1007,67,883,0.61786,1224.0,65.948,57.955,51.689,6.375,3.825,2.732,1.594
gpu1,C,freq_lru_prewarm,0.25,3,240,60,0.747,0,2486,1151,1335,1155,0.462993,549,786,47,1104,0.537007,1063.8,57.318,50.371,44.925,5.541,3.324,2.375,1.385
gpu1,C,freq_lru_prewarm,0.5,3,240,120,1.494,0,2486,1249,1237,1117,0.502414,521,716,75,1174,0.497586,985.7,53.111,46.673,41.627,5.134,3.08,2.2,1.284
gpu1,C,freq_lru_prewarm,0.75,3,240,180,2.241,0,2486,1347,1139,1079,0.541834,493,646,103,1244,0.458166,907.6,48.903,42.975,38.329,4.727,2.836,2.026,1.182
gpu1,C,freq_lru_prewarm,0.9,3,240,216,2.689,0,2486,1379,1107,1083,0.554706,465,642,131,1248,0.445294,882.1,47.529,41.768,37.253,4.594,2.757,1.969,1.149
gpu1,C,freq_lru_prewarm,0.99,3,240,237,2.951,0,2486,1441,1045,1042,0.579646,465,580,131,1310,0.420354,832.7,44.867,39.429,35.166,4.337,2.602,1.859,1.084
gpu1,C,lru_prewarm_topN,,3,240,240,2.988,0,2486,1039,1447,1447,0.41794,557,890,39,1000,0.58206,1153.1,62.127,54.597,48.694,6.006,3.603,2.574,1.501
gpu1,C,belady_same_state_prewarm,,3,240,240,2.988,0,2486,1567,919,919,0.63033,465,454,131,1436,0.36967,732.3,39.457,34.675,30.926,3.814,2.289,1.635,0.954
gpu1,C,belady_pin_same_state,0.25,3,240,60,0.747,0,2486,1452,1034,854,0.584071,549,485,47,1405,0.415929,824.0,44.395,39.014,34.796,4.292,2.575,1.839,1.073
gpu1,C,belady_pin_same_state,0.5,3,240,120,1.494,0,2486,1502,984,864,0.604183,521,463,75,1427,0.395817,784.1,42.248,37.127,33.113,4.084,2.45,1.75,1.021
gpu1,C,belady_pin_same_state,0.75,3,240,180,2.241,0,2486,1522,964,904,0.612228,493,471,103,1419,0.387772,768.2,41.389,36.373,32.44,4.001,2.401,1.715,1.0
gpu1,C,belady_pin_same_state,0.9,3,240,216,2.689,0,2486,1526,960,936,0.613837,465,495,131,1395,0.386163,765.0,41.218,36.222,32.306,3.984,2.391,1.708,0.996
gpu1,C,belady_pin_same_state,0.99,3,240,237,2.951,0,2486,1462,1024,1021,0.588093,465,559,131,1331,0.411907,816.0,43.966,38.636,34.459,4.25,2.55,1.821,1.062
gpu1,A,lru,,3.5,281,0,0.0,0,2486,1057,1429,1148,0.425181,596,833,0,1057,0.574819,1138.7,61.354,53.917,48.088,5.931,3.559,2.542,1.483
gpu1,A,engine_priority_lru,,3.5,281,0,0.0,0,2486,325,2161,1880,0.130732,596,1565,0,325,0.869268,1722.0,92.783,81.536,72.722,8.969,5.381,3.844,2.242
gpu1,A,arc,,3.5,281,0,0.0,0,2486,816,1670,1389,0.328238,596,1074,0,816,0.671762,1330.8,71.702,63.01,56.199,6.931,4.159,2.97,1.733
gpu1,A,lfu,,3.5,281,0,0.0,0,2486,1037,1449,1168,0.417136,596,853,0,1037,0.582864,1154.7,62.213,54.672,48.761,6.014,3.608,2.577,1.503
gpu1,A,freq_x_recency,,3.5,281,0,0.0,0,2486,1111,1375,1094,0.446903,596,779,0,1111,0.553097,1095.7,59.036,51.88,46.271,5.707,3.424,2.446,1.427
gpu1,A,layer_lru,,3.5,281,0,0.0,0,2486,640,1846,1720,0.257442,596,1250,0,640,0.742558,1471.0,79.258,69.651,62.121,7.662,4.597,3.284,1.915
gpu1,A,cost_aware,,3.5,281,0,0.0,0,2486,1057,1429,1148,0.425181,596,833,0,1057,0.574819,1138.7,61.354,53.917,48.088,5.931,3.559,2.542,1.483
gpu1,A,belady_cold,,3.5,281,0,0.0,0,2486,1419,1067,786,0.570796,596,471,0,1419,0.429204,850.3,45.812,40.259,35.906,4.428,2.657,1.898,1.107
gpu1,B,freq_lru_warmup,0.5,3.5,281,0,0.0,140,2486,932,1694,1413,0.374899,596,1098,0,932,0.681416,1349.9,72.732,63.916,57.006,7.031,4.218,3.013,1.758
gpu1,B,freq_lru_warmup_s4,0.5,3.5,281,0,0.0,0,2486,1025,1461,1180,0.412309,596,865,0,1025,0.587691,1164.2,62.728,55.125,49.165,6.064,3.638,2.599,1.516
gpu1,C,static_freq_prewarm,,3.5,281,281,3.499,0,2486,1542,944,0,0.620274,434,510,162,1380,0.379726,752.2,40.531,35.618,31.767,3.918,2.351,1.679,0.979
gpu1,C,static_layer_freq_prewarm,,3.5,281,126,1.569,0,2486,1057,1429,0,0.425181,517,912,79,978,0.574819,1138.7,61.354,53.917,48.088,5.931,3.559,2.542,1.483
gpu1,C,freq_lru_prewarm,0.25,3.5,281,70,0.872,0,2486,1202,1284,1073,0.483508,546,738,50,1152,0.516492,1023.2,55.129,48.446,43.209,5.329,3.197,2.284,1.332
gpu1,C,freq_lru_prewarm,0.5,3.5,281,140,1.743,0,2486,1348,1138,997,0.542237,506,632,90,1258,0.457763,906.8,48.86,42.938,38.296,4.723,2.834,2.024,1.181
gpu1,C,freq_lru_prewarm,0.75,3.5,281,210,2.615,0,2486,1437,1049,978,0.578037,465,584,131,1306,0.421963,835.9,45.039,39.58,35.301,4.354,2.612,1.866,1.088
gpu1,C,freq_lru_prewarm,0.9,3.5,281,252,3.138,0,2486,1495,991,962,0.601368,463,528,133,1362,0.398632,789.7,42.549,37.391,33.349,4.113,2.468,1.763,1.028
gpu1,C,freq_lru_prewarm,0.99,3.5,281,278,3.461,0,2486,1536,950,947,0.61786,437,513,159,1377,0.38214,757.0,40.788,35.844,31.969,3.943,2.366,1.69,0.986
gpu1,C,lru_prewarm_topN,,3.5,281,281,3.499,0,2486,1123,1363,1363,0.45173,530,833,66,1057,0.54827,1086.1,58.521,51.427,45.867,5.657,3.394,2.424,1.414
gpu1,C,belady_same_state_prewarm,,3.5,281,281,3.499,0,2486,1639,847,847,0.659292,434,413,162,1477,0.340708,675.0,36.366,31.958,28.503,3.515,2.109,1.507,0.879
gpu1,C,belady_pin_same_state,0.25,3.5,281,70,0.872,0,2486,1489,997,786,0.598954,546,451,50,1439,0.401046,794.5,42.806,37.618,33.551,4.138,2.483,1.773,1.034
gpu1,C,belady_pin_same_state,0.5,3.5,281,140,1.743,0,2486,1559,927,786,0.627112,506,421,90,1469,0.372888,738.7,39.801,34.976,31.195,3.847,2.308,1.649,0.962
gpu1,C,belady_pin_same_state,0.75,3.5,281,210,2.615,0,2486,1607,879,808,0.64642,465,414,131,1476,0.35358,700.5,37.74,33.165,29.58,3.648,2.189,1.564,0.912
gpu1,C,belady_pin_same_state,0.9,3.5,281,252,3.138,0,2486,1593,893,864,0.640788,463,430,133,1460,0.359212,711.6,38.341,33.694,30.051,3.706,2.224,1.588,0.927
gpu1,C,belady_pin_same_state,0.99,3.5,281,278,3.461,0,2486,1554,932,929,0.625101,437,495,159,1395,0.374899,742.7,40.015,35.165,31.363,3.868,2.321,1.658,0.967
gpu1,A,lru,,4,321,0,0.0,0,2486,1153,1333,1012,0.463797,596,737,0,1153,0.536203,1062.2,57.232,50.295,44.858,5.532,3.319,2.371,1.383
gpu1,A,engine_priority_lru,,4,321,0,0.0,0,2486,351,2135,1814,0.141191,596,1539,0,351,0.858809,1701.3,91.666,80.555,71.847,8.861,5.317,3.798,2.215
gpu1,A,arc,,4,321,0,0.0,0,2486,862,1624,1303,0.346742,596,1028,0,862,0.653258,1294.1,69.727,61.275,54.651,6.74,4.044,2.889,1.685
gpu1,A,lfu,,4,321,0,0.0,0,2486,1091,1395,1074,0.438858,596,799,0,1091,0.561142,1111.6,59.894,52.634,46.944,5.79,3.474,2.481,1.447
gpu1,A,freq_x_recency,,4,321,0,0.0,0,2486,1145,1341,1020,0.460579,596,745,0,1145,0.539421,1068.6,57.576,50.597,45.127,5.566,3.339,2.385,1.391
gpu1,A,layer_lru,,4,321,0,0.0,0,2486,792,1694,1547,0.318584,596,1098,0,792,0.681416,1349.9,72.732,63.916,57.006,7.031,4.218,3.013,1.758
gpu1,A,cost_aware,,4,321,0,0.0,0,2486,1153,1333,1012,0.463797,596,737,0,1153,0.536203,1062.2,57.232,50.295,44.858,5.532,3.319,2.371,1.383
gpu1,A,belady_cold,,4,321,0,0.0,0,2486,1419,1067,746,0.570796,596,471,0,1419,0.429204,850.3,45.812,40.259,35.906,4.428,2.657,1.898,1.107
gpu1,B,freq_lru_warmup,0.5,4,321,0,0.0,160,2486,962,1684,1363,0.386967,596,1088,0,962,0.677393,1341.9,72.303,63.539,56.67,6.989,4.194,2.995,1.747
gpu1,B,freq_lru_warmup_s4,0.5,4,321,0,0.0,0,2486,1095,1391,1070,0.440467,596,795,0,1095,0.559533,1108.5,59.723,52.484,46.81,5.773,3.464,2.474,1.443
gpu1,C,static_freq_prewarm,,4,321,321,3.997,0,2486,1622,864,0,0.652454,394,470,202,1420,0.347546,688.5,37.096,32.599,29.075,3.586,2.152,1.537,0.896
gpu1,C,static_layer_freq_prewarm,,4,321,147,1.83,0,2486,1143,1343,0,0.459775,504,839,92,1051,0.540225,1070.2,57.662,50.672,45.194,5.574,3.344,2.389,1.393
gpu1,C,freq_lru_prewarm,0.25,4,321,80,0.996,0,2486,1284,1202,961,0.516492,542,660,54,1230,0.483508,957.8,51.608,45.352,40.449,4.989,2.993,2.138,1.247
gpu1,C,freq_lru_prewarm,0.5,4,321,160,1.992,0,2486,1405,1081,920,0.565165,506,575,90,1315,0.434835,861.4,46.413,40.787,36.378,4.487,2.692,1.923,1.122
gpu1,C,freq_lru_prewarm,0.75,4,321,240,2.988,0,2486,1523,963,882,0.612631,465,498,131,1392,0.387369,767.4,41.346,36.335,32.407,3.997,2.398,1.713,0.999
gpu1,C,freq_lru_prewarm,0.9,4,321,288,3.586,0,2486,1574,912,879,0.633146,427,485,169,1405,0.366854,726.8,39.157,34.411,30.69,3.785,2.271,1.622,0.946
gpu1,C,freq_lru_prewarm,0.99,4,321,317,3.947,0,2486,1614,872,868,0.649236,398,474,198,1416,0.350764,694.9,37.439,32.901,29.344,3.619,2.171,1.551,0.905
gpu1,C,lru_prewarm_topN,,4,321,321,3.997,0,2486,1233,1253,1253,0.495977,516,737,80,1153,0.504023,998.5,53.798,47.277,42.166,5.2,3.12,2.229,1.3
gpu1,C,belady_same_state_prewarm,,4,321,321,3.997,0,2486,1719,767,767,0.691472,394,373,202,1517,0.308528,611.2,32.931,28.94,25.811,3.183,1.91,1.364,0.796
gpu1,C,belady_pin_same_state,0.25,4,321,80,0.996,0,2486,1499,987,746,0.602977,542,445,54,1445,0.397023,786.5,42.377,37.24,33.214,4.096,2.458,1.756,1.024
gpu1,C,belady_pin_same_state,0.5,4,321,160,1.992,0,2486,1579,907,746,0.635157,506,401,90,1489,0.364843,722.8,38.942,34.222,30.522,3.764,2.259,1.613,0.941
gpu1,C,belady_pin_same_state,0.75,4,321,240,2.988,0,2486,1648,838,757,0.662912,465,373,131,1517,0.337088,667.8,35.98,31.618,28.2,3.478,2.087,1.491,0.87
gpu1,C,belady_pin_same_state,0.9,4,321,288,3.586,0,2486,1672,814,781,0.672566,427,387,169,1503,0.327434,648.7,34.949,30.713,27.393,3.378,2.027,1.448,0.845
gpu1,C,belady_pin_same_state,0.99,4,321,317,3.947,0,2486,1638,848,844,0.65889,398,450,198,1440,0.34111,675.8,36.409,31.996,28.537,3.52,2.112,1.508,0.88
gpu1,A,lru,,6,481,0,0.0,0,2486,1283,1203,722,0.51609,596,607,0,1283,0.48391,958.6,51.651,45.39,40.483,4.993,2.996,2.14,1.248
gpu1,A,engine_priority_lru,,6,481,0,0.0,0,2486,593,1893,1412,0.238536,596,1297,0,593,0.761464,1508.5,81.276,71.424,63.703,7.857,4.714,3.367,1.964
gpu1,A,arc,,6,481,0,0.0,0,2486,1255,1231,750,0.504827,596,635,0,1255,0.495173,981.0,52.853,46.447,41.425,5.109,3.065,2.19,1.277
gpu1,A,lfu,,6,481,0,0.0,0,2486,1287,1199,718,0.517699,596,603,0,1287,0.482301,955.5,51.479,45.239,40.349,4.976,2.986,2.133,1.244
gpu1,A,freq_x_recency,,6,481,0,0.0,0,2486,1281,1205,724,0.515286,596,609,0,1281,0.484714,960.2,51.737,45.466,40.55,5.001,3.001,2.143,1.25
gpu1,A,layer_lru,,6,481,0,0.0,0,2486,986,1500,1269,0.396621,596,904,0,986,0.603379,1195.3,64.403,56.596,50.478,6.226,3.735,2.668,1.556
gpu1,A,cost_aware,,6,481,0,0.0,0,2486,1283,1203,722,0.51609,596,607,0,1283,0.48391,958.6,51.651,45.39,40.483,4.993,2.996,2.14,1.248
gpu1,A,belady_cold,,6,481,0,0.0,0,2486,1419,1067,586,0.570796,596,471,0,1419,0.429204,850.3,45.812,40.259,35.906,4.428,2.657,1.898,1.107
gpu1,B,freq_lru_warmup,0.5,6,481,0,0.0,115,2486,1197,1404,923,0.481496,596,808,0,1197,0.564763,1118.8,60.281,52.974,47.247,5.827,3.496,2.497,1.457
gpu1,B,freq_lru_warmup_s4,0.5,6,481,0,0.0,51,2486,1286,1251,770,0.517297,596,655,0,1286,0.503218,996.9,53.712,47.201,42.098,5.192,3.115,2.225,1.298
gpu1,C,static_freq_prewarm,,6,481,481,5.989,0,2486,1900,586,0,0.76428,332,254,264,1636,0.23572,467.0,25.16,22.11,19.72,2.432,1.459,1.042,0.608
gpu1,C,static_layer_freq_prewarm,,6,481,231,2.876,0,2486,1405,1081,0,0.565165,463,618,133,1272,0.434835,861.4,46.413,40.787,36.378,4.487,2.692,1.923,1.122
gpu1,C,freq_lru_prewarm,0.25,6,481,120,1.494,0,2486,1428,1058,697,0.574417,521,537,75,1353,0.425583,843.1,45.425,39.919,35.604,4.391,2.635,1.882,1.098
gpu1,C,freq_lru_prewarm,0.5,6,481,240,2.988,0,2486,1586,900,659,0.637973,465,435,131,1455,0.362027,717.2,38.642,33.958,30.287,3.735,2.241,1.601,0.934
gpu1,C,freq_lru_prewarm,0.75,6,481,360,4.482,0,2486,1762,724,603,0.708769,374,350,222,1540,0.291231,576.9,31.085,27.317,24.364,3.005,1.803,1.288,0.751
gpu1,C,freq_lru_prewarm,0.9,6,481,432,5.379,0,2486,1851,635,586,0.74457,374,261,222,1629,0.25543,506.0,27.264,23.959,21.369,2.635,1.581,1.129,0.659
gpu1,C,freq_lru_prewarm,0.99,6,481,476,5.927,0,2486,1895,591,586,0.762269,337,254,259,1636,0.237731,471.0,25.375,22.299,19.888,2.453,1.472,1.051,0.613
gpu1,C,lru_prewarm_topN,,6,481,481,5.989,0,2486,1467,1019,1019,0.590105,412,607,184,1283,0.409895,812.0,43.751,38.448,34.291,4.229,2.538,1.813,1.057
gpu1,C,belady_same_state_prewarm,,6,481,481,5.989,0,2486,1900,586,586,0.76428,332,254,264,1636,0.23572,467.0,25.16,22.11,19.72,2.432,1.459,1.042,0.608
gpu1,C,belady_pin_same_state,0.25,6,481,120,1.494,0,2486,1539,947,586,0.619067,521,426,75,1464,0.380933,754.6,40.66,35.731,31.868,3.93,2.358,1.684,0.983
gpu1,C,belady_pin_same_state,0.5,6,481,240,2.988,0,2486,1659,827,586,0.667337,465,362,131,1528,0.332663,659.0,35.507,31.203,27.83,3.432,2.059,1.471,0.858
gpu1,C,belady_pin_same_state,0.75,6,481,360,4.482,0,2486,1779,707,586,0.715607,374,333,222,1557,0.284393,563.4,30.355,26.676,23.792,2.934,1.761,1.258,0.734
gpu1,C,belady_pin_same_state,0.9,6,481,432,5.379,0,2486,1851,635,586,0.74457,374,261,222,1629,0.25543,506.0,27.264,23.959,21.369,2.635,1.581,1.129,0.659
gpu1,C,belady_pin_same_state,0.99,6,481,476,5.927,0,2486,1895,591,586,0.762269,337,254,259,1636,0.237731,471.0,25.375,22.299,19.888,2.453,1.472,1.051,0.613
gpu1,A,lru,,8,642,0,0.0,0,2486,1384,1102,460,0.556718,596,506,0,1384,0.443282,878.2,47.314,41.579,37.084,4.574,2.744,1.96,1.143
gpu1,A,engine_priority_lru,,8,642,0,0.0,0,2486,921,1565,923,0.370475,596,969,0,921,0.629525,1247.1,67.193,59.049,52.665,6.495,3.897,2.784,1.624
gpu1,A,arc,,8,642,0,0.0,0,2486,1374,1112,470,0.552695,596,516,0,1374,0.447305,886.1,47.744,41.957,37.421,4.615,2.769,1.978,1.154
gpu1,A,lfu,,8,642,0,0.0,0,2486,1384,1102,460,0.556718,596,506,0,1384,0.443282,878.2,47.314,41.579,37.084,4.574,2.744,1.96,1.143
gpu1,A,freq_x_recency,,8,642,0,0.0,0,2486,1384,1102,460,0.556718,596,506,0,1384,0.443282,878.2,47.314,41.579,37.084,4.574,2.744,1.96,1.143
gpu1,A,layer_lru,,8,642,0,0.0,0,2486,1110,1376,1082,0.4465,596,780,0,1110,0.5535,1096.5,59.079,51.918,46.305,5.711,3.427,2.448,1.428
gpu1,A,cost_aware,,8,642,0,0.0,0,2486,1384,1102,460,0.556718,596,506,0,1384,0.443282,878.2,47.314,41.579,37.084,4.574,2.744,1.96,1.143
gpu1,A,belady_cold,,8,642,0,0.0,0,2486,1419,1067,425,0.570796,596,471,0,1419,0.429204,850.3,45.812,40.259,35.906,4.428,2.657,1.898,1.107
gpu1,B,freq_lru_warmup,0.5,8,642,0,0.0,0,2486,1342,1144,502,0.539823,596,548,0,1342,0.460177,911.6,49.118,43.164,38.498,4.748,2.849,2.035,1.187
gpu1,B,freq_lru_warmup_s4,0.5,8,642,0,0.0,54,2486,1373,1167,525,0.552293,596,571,0,1373,0.469429,930.0,50.105,44.032,39.272,4.844,2.906,2.076,1.211
gpu1,C,static_freq_prewarm,,8,642,642,7.994,0,2486,2061,425,0,0.829043,171,254,425,1636,0.170957,338.7,18.247,16.036,14.302,1.764,1.058,0.756,0.441
gpu1,C,static_layer_freq_prewarm,,8,642,294,3.661,0,2486,1557,929,0,0.626307,423,506,173,1384,0.373693,740.3,39.887,35.052,31.263,3.856,2.313,1.652,0.964
gpu1,C,freq_lru_prewarm,0.25,8,642,160,1.992,0,2486,1542,944,462,0.620274,506,438,90,1452,0.379726,752.2,40.531,35.618,31.767,3.918,2.351,1.679,0.979
gpu1,C,freq_lru_prewarm,0.5,8,642,321,3.997,0,2486,1738,748,427,0.699115,394,354,202,1536,0.300885,596.1,32.115,28.223,25.172,3.104,1.863,1.33,0.776
gpu1,C,freq_lru_prewarm,0.75,8,642,481,5.989,0,2486,1900,586,425,0.76428,332,254,264,1636,0.23572,467.0,25.16,22.11,19.72,2.432,1.459,1.042,0.608
gpu1,C,freq_lru_prewarm,0.9,8,642,577,7.184,0,2486,1996,490,425,0.802896,236,254,360,1636,0.197104,390.5,21.038,18.488,16.489,2.034,1.22,0.872,0.508
gpu1,C,freq_lru_prewarm,0.99,8,642,635,7.906,0,2486,2054,432,425,0.826227,178,254,418,1636,0.173773,344.2,18.548,16.3,14.538,1.793,1.076,0.768,0.448
gpu1,C,lru_prewarm_topN,,8,642,642,7.994,0,2486,1790,696,696,0.720032,197,499,399,1391,0.279968,554.6,29.883,26.261,23.422,2.889,1.733,1.238,0.722
gpu1,C,belady_same_state_prewarm,,8,642,642,7.994,0,2486,2061,425,425,0.829043,171,254,425,1636,0.170957,338.7,18.247,16.036,14.302,1.764,1.058,0.756,0.441
gpu1,C,belady_pin_same_state,0.25,8,642,160,1.992,0,2486,1579,907,425,0.635157,506,401,90,1489,0.364843,722.8,38.942,34.222,30.522,3.764,2.259,1.613,0.941
gpu1,C,belady_pin_same_state,0.5,8,642,321,3.997,0,2486,1740,746,425,0.69992,394,352,202,1538,0.30008,594.5,32.03,28.147,25.104,3.096,1.858,1.327,0.774
gpu1,C,belady_pin_same_state,0.75,8,642,481,5.989,0,2486,1900,586,425,0.76428,332,254,264,1636,0.23572,467.0,25.16,22.11,19.72,2.432,1.459,1.042,0.608
gpu1,C,belady_pin_same_state,0.9,8,642,577,7.184,0,2486,1996,490,425,0.802896,236,254,360,1636,0.197104,390.5,21.038,18.488,16.489,2.034,1.22,0.872,0.508
gpu1,C,belady_pin_same_state,0.99,8,642,635,7.906,0,2486,2054,432,425,0.826227,178,254,418,1636,0.173773,344.2,18.548,16.3,14.538,1.793,1.076,0.768,0.448
