step,layer,gpu,requests,device_hits,host_hits,host_misses,prefetch_hits_at_demand,phase
0,0,0,39,0,0,39,0,prefill
0,1,0,41,0,0,41,0,prefill
0,2,0,36,0,0,36,0,prefill
0,3,0,29,0,0,29,0,prefill
0,4,0,25,0,0,25,0,prefill
0,5,0,28,0,0,28,0,prefill
0,6,0,27,0,0,27,0,prefill
0,7,0,31,0,0,31,0,prefill
0,8,0,27,0,0,27,0,prefill
0,9,0,30,0,0,30,0,prefill
0,10,0,25,0,0,25,0,prefill
0,11,0,28,0,0,28,0,prefill
0,12,0,29,0,0,29,0,prefill
0,13,0,26,0,0,26,0,prefill
0,14,0,24,0,0,24,0,prefill
0,15,0,30,0,0,30,0,prefill
0,16,0,26,0,0,26,0,prefill
0,17,0,22,0,0,22,0,prefill
0,18,0,25,0,0,25,0,prefill
0,19,0,32,0,0,32,0,prefill
0,20,0,26,0,0,26,0,prefill
0,21,0,27,0,0,27,0,prefill
0,22,1,26,0,0,26,0,prefill
0,23,1,28,0,0,28,0,prefill
0,24,1,26,0,0,26,0,prefill
0,25,1,24,0,0,24,0,prefill
0,26,1,29,0,0,29,0,prefill
0,27,1,30,0,0,30,0,prefill
0,28,1,31,0,0,31,0,prefill
0,29,1,33,0,0,33,0,prefill
0,30,1,27,0,0,27,0,prefill
0,31,1,28,0,0,28,0,prefill
0,32,1,24,0,0,24,0,prefill
0,33,1,28,0,0,28,0,prefill
0,34,1,28,0,0,28,0,prefill
0,35,1,33,0,0,33,0,prefill
0,36,1,23,0,0,23,0,prefill
0,37,1,27,0,0,27,0,prefill
0,38,1,32,0,0,32,0,prefill
0,39,1,31,0,0,31,0,prefill
0,40,1,27,0,0,27,0,prefill
0,41,1,30,0,0,30,0,prefill
0,42,1,31,0,0,31,0,prefill
1,0,0,6,1,0,5,0,decode
1,1,0,6,0,0,6,0,decode
1,2,0,6,0,0,6,0,decode
1,3,0,6,1,2,3,0,decode
1,4,0,6,1,2,3,0,decode
1,5,0,6,1,1,4,0,decode
1,6,0,6,3,3,0,0,decode
1,7,0,6,2,1,3,0,decode
1,8,0,6,2,2,2,0,decode
1,9,0,6,0,1,5,0,decode
1,10,0,6,2,2,2,0,decode
1,11,0,6,2,1,3,0,decode
1,12,0,6,1,4,1,0,decode
1,13,0,6,2,3,1,0,decode
1,14,0,6,2,2,2,0,decode
1,15,0,6,1,2,3,0,decode
1,16,0,6,1,2,3,0,decode
1,17,0,6,1,3,2,0,decode
1,18,0,6,1,3,2,0,decode
1,19,0,6,0,2,4,0,decode
1,20,0,6,1,2,3,0,decode
1,21,0,6,3,0,3,0,decode
1,22,1,6,0,4,2,0,decode
1,23,1,6,2,2,2,0,decode
1,24,1,6,1,4,1,0,decode
1,25,1,6,1,4,1,0,decode
1,26,1,6,3,3,0,0,decode
1,27,1,6,3,2,1,0,decode
1,28,1,6,2,3,1,0,decode
1,29,1,6,3,3,0,0,decode
1,30,1,6,3,1,2,0,decode
1,31,1,6,0,3,3,0,decode
1,32,1,6,2,3,1,0,decode
1,33,1,6,2,3,1,0,decode
1,34,1,6,3,2,1,0,decode
1,35,1,6,1,2,3,0,decode
1,36,1,6,4,1,1,0,decode
1,37,1,6,1,2,3,0,decode
1,38,1,6,5,1,0,0,decode
1,39,1,6,0,4,2,0,decode
1,40,1,6,1,1,4,0,decode
1,41,1,6,2,4,0,0,decode
1,42,1,6,4,1,1,0,decode
2,0,0,6,1,0,5,0,decode
2,1,0,6,1,1,4,0,decode
2,2,0,6,0,0,6,0,decode
2,3,0,6,1,2,3,0,decode
2,4,0,6,1,3,2,0,decode
2,5,0,6,2,3,1,0,decode
2,6,0,6,3,3,0,0,decode
2,7,0,6,2,2,2,0,decode
2,8,0,6,2,4,0,0,decode
2,9,0,6,3,3,0,0,decode
2,10,0,6,1,4,1,0,decode
2,11,0,6,3,3,0,0,decode
2,12,0,6,3,3,0,0,decode
2,13,0,6,2,3,1,0,decode
2,14,0,6,2,4,0,0,decode
2,15,0,6,1,4,1,0,decode
2,16,0,6,1,2,3,0,decode
2,17,0,6,0,5,1,0,decode
2,18,0,6,3,2,1,0,decode
2,19,0,6,5,1,0,0,decode
2,20,0,6,0,2,4,0,decode
2,21,0,6,3,1,2,0,decode
2,22,1,6,1,3,2,0,decode
2,23,1,6,2,1,3,0,decode
2,24,1,6,0,4,2,0,decode
2,25,1,6,2,3,1,0,decode
2,26,1,6,0,2,4,0,decode
2,27,1,6,4,1,1,0,decode
2,28,1,6,0,5,1,0,decode
2,29,1,6,2,3,1,0,decode
2,30,1,6,1,3,2,0,decode
2,31,1,6,1,2,3,0,decode
2,32,1,6,2,4,0,0,decode
2,33,1,6,2,3,1,0,decode
2,34,1,6,2,4,0,0,decode
2,35,1,6,1,2,3,0,decode
2,36,1,6,2,4,0,0,decode
2,37,1,6,2,4,0,0,decode
2,38,1,6,0,5,1,0,decode
2,39,1,6,2,1,3,0,decode
2,40,1,6,4,2,0,0,decode
2,41,1,6,3,2,1,0,decode
2,42,1,6,2,2,2,0,decode
3,0,0,6,4,0,2,0,decode
3,1,0,6,2,4,0,0,decode
3,2,0,6,3,3,0,0,decode
3,3,0,6,1,4,1,0,decode
3,4,0,6,2,2,2,0,decode
3,5,0,6,3,3,0,0,decode
3,6,0,6,2,2,2,0,decode
3,7,0,6,3,3,0,0,decode
3,8,0,6,1,3,2,0,decode
3,9,0,6,2,4,0,0,decode
3,10,0,6,2,2,2,0,decode
3,11,0,6,1,4,1,0,decode
3,12,0,6,3,0,3,0,decode
3,13,0,6,0,4,2,0,decode
3,14,0,6,1,2,3,0,decode
3,15,0,6,0,2,4,0,decode
3,16,0,6,1,1,4,0,decode
3,17,0,6,2,0,4,0,decode
3,18,0,6,1,3,2,0,decode
3,19,0,6,4,2,0,0,decode
3,20,0,6,2,3,1,0,decode
3,21,0,6,1,5,0,0,decode
3,22,1,6,1,4,1,0,decode
3,23,1,6,2,2,2,0,decode
3,24,1,6,2,2,2,0,decode
3,25,1,6,1,4,1,0,decode
3,26,1,6,2,3,1,0,decode
3,27,1,6,2,2,2,0,decode
3,28,1,6,0,3,3,0,decode
3,29,1,6,1,4,1,0,decode
3,30,1,6,3,3,0,0,decode
3,31,1,6,1,3,2,0,decode
3,32,1,6,1,3,2,0,decode
3,33,1,6,1,3,2,0,decode
3,34,1,6,1,4,1,0,decode
3,35,1,6,1,1,4,0,decode
3,36,1,6,1,3,2,0,decode
3,37,1,6,0,5,1,0,decode
3,38,1,6,3,2,1,0,decode
3,39,1,6,0,4,2,0,decode
3,40,1,6,2,1,3,0,decode
3,41,1,6,1,2,3,0,decode
3,42,1,6,2,1,3,0,decode
4,0,0,6,1,0,5,0,decode
4,1,0,6,2,0,4,0,decode
4,2,0,6,1,0,5,0,decode
4,3,0,6,1,3,2,0,decode
4,4,0,6,2,2,2,0,decode
4,5,0,6,2,2,2,0,decode
4,6,0,6,2,3,1,0,decode
4,7,0,6,0,5,1,0,decode
4,8,0,6,1,3,2,0,decode
4,9,0,6,1,2,3,0,decode
4,10,0,6,2,3,1,0,decode
4,11,0,6,0,4,2,0,decode
4,12,0,6,0,5,1,0,decode
4,13,0,6,0,4,2,0,decode
4,14,0,6,2,1,3,0,decode
4,15,0,6,1,4,1,0,decode
4,16,0,6,1,3,2,0,decode
4,17,0,6,1,3,2,0,decode
4,18,0,6,1,1,4,0,decode
4,19,0,6,1,1,4,0,decode
4,20,0,6,1,0,5,0,decode
4,21,0,6,1,1,4,0,decode
4,22,1,6,2,0,4,0,decode
4,23,1,6,1,3,2,0,decode
4,24,1,6,0,6,0,0,decode
4,25,1,6,2,4,0,0,decode
4,26,1,6,1,3,2,0,decode
4,27,1,6,2,2,2,0,decode
4,28,1,6,3,2,1,0,decode
4,29,1,6,1,1,4,0,decode
4,30,1,6,2,1,3,0,decode
4,31,1,6,1,2,3,0,decode
4,32,1,6,2,4,0,0,decode
4,33,1,6,2,4,0,0,decode
4,34,1,6,1,3,2,0,decode
4,35,1,6,1,2,3,0,decode
4,36,1,6,1,3,2,0,decode
4,37,1,6,0,3,3,0,decode
4,38,1,6,1,0,5,0,decode
4,39,1,6,0,3,3,0,decode
4,40,1,6,1,1,4,0,decode
4,41,1,6,1,3,2,0,decode
4,42,1,6,0,2,4,0,decode
5,0,0,6,0,0,6,0,decode
5,1,0,6,0,1,5,0,decode
5,2,0,6,1,0,5,0,decode
5,3,0,6,0,3,3,0,decode
5,4,0,6,1,1,4,0,decode
5,5,0,6,1,3,2,0,decode
5,6,0,6,0,2,4,0,decode
5,7,0,6,0,5,1,0,decode
5,8,0,6,1,3,2,0,decode
5,9,0,6,0,3,3,0,decode
5,10,0,6,1,2,3,0,decode
5,11,0,6,2,4,0,0,decode
5,12,0,6,1,2,3,0,decode
5,13,0,6,1,1,4,0,decode
5,14,0,6,0,3,3,0,decode
5,15,0,6,1,1,4,0,decode
5,16,0,6,1,3,2,0,decode
5,17,0,6,2,2,2,0,decode
5,18,0,6,0,1,5,0,decode
5,19,0,6,2,1,3,0,decode
5,20,0,6,0,1,5,0,decode
5,21,0,6,1,3,2,0,decode
5,22,1,6,0,3,3,0,decode
5,23,1,6,1,4,1,0,decode
5,24,1,6,2,2,2,0,decode
5,25,1,6,2,3,1,0,decode
5,26,1,6,2,1,3,0,decode
5,27,1,6,1,1,4,0,decode
5,28,1,6,0,3,3,0,decode
5,29,1,6,2,3,1,0,decode
5,30,1,6,1,2,3,0,decode
5,31,1,6,1,4,1,0,decode
5,32,1,6,1,4,1,0,decode
5,33,1,6,1,3,2,0,decode
5,34,1,6,1,3,2,0,decode
5,35,1,6,1,3,2,0,decode
5,36,1,6,2,1,3,0,decode
5,37,1,6,1,4,1,0,decode
5,38,1,6,1,4,1,0,decode
5,39,1,6,1,2,3,0,decode
5,40,1,6,1,1,4,0,decode
5,41,1,6,0,0,6,0,decode
5,42,1,6,0,0,6,0,decode
6,0,0,6,0,0,6,0,decode
6,1,0,6,0,0,6,0,decode
6,2,0,6,0,1,5,0,decode
6,3,0,6,2,1,3,0,decode
6,4,0,6,2,3,1,0,decode
6,5,0,6,2,0,4,0,decode
6,6,0,6,3,2,1,0,decode
6,7,0,6,2,3,1,0,decode
6,8,0,6,1,3,2,0,decode
6,9,0,6,1,3,2,0,decode
6,10,0,6,2,2,2,0,decode
6,11,0,6,1,2,3,0,decode
6,12,0,6,0,3,3,0,decode
6,13,0,6,0,3,3,0,decode
6,14,0,6,2,3,1,0,decode
6,15,0,6,2,3,1,0,decode
6,16,0,6,2,3,1,0,decode
6,17,0,6,1,4,1,0,decode
6,18,0,6,1,4,1,0,decode
6,19,0,6,0,2,4,0,decode
6,20,0,6,1,4,1,0,decode
6,21,0,6,1,2,3,0,decode
6,22,1,6,1,3,2,0,decode
6,23,1,6,1,2,3,0,decode
6,24,1,6,0,4,2,0,decode
6,25,1,6,1,0,5,0,decode
6,26,1,6,1,4,1,0,decode
6,27,1,6,1,1,4,0,decode
6,28,1,6,1,1,4,0,decode
6,29,1,6,0,2,4,0,decode
6,30,1,6,0,2,4,0,decode
6,31,1,6,1,1,4,0,decode
6,32,1,6,0,4,2,0,decode
6,33,1,6,1,4,1,0,decode
6,34,1,6,0,2,4,0,decode
6,35,1,6,0,5,1,0,decode
6,36,1,6,0,2,4,0,decode
6,37,1,6,1,2,3,0,decode
6,38,1,6,1,3,2,0,decode
6,39,1,6,0,2,4,0,decode
6,40,1,6,1,5,0,0,decode
6,41,1,6,0,3,3,0,decode
6,42,1,6,1,3,2,0,decode
7,0,0,6,1,0,5,0,decode
7,1,0,6,1,1,4,0,decode
7,2,0,6,0,2,4,0,decode
7,3,0,6,1,3,2,0,decode
7,4,0,6,1,3,2,0,decode
7,5,0,6,0,3,3,0,decode
7,6,0,6,1,4,1,0,decode
7,7,0,6,0,4,2,0,decode
7,8,0,6,0,4,2,0,decode
7,9,0,6,2,2,2,0,decode
7,10,0,6,1,1,4,0,decode
7,11,0,6,1,3,2,0,decode
7,12,0,6,0,5,1,0,decode
7,13,0,6,1,4,1,0,decode
7,14,0,6,1,4,1,0,decode
7,15,0,6,2,3,1,0,decode
7,16,0,6,1,5,0,0,decode
7,17,0,6,1,4,1,0,decode
7,18,0,6,0,4,2,0,decode
7,19,0,6,1,4,1,0,decode
7,20,0,6,1,4,1,0,decode
7,21,0,6,0,6,0,0,decode
7,22,1,6,0,4,2,0,decode
7,23,1,6,1,3,2,0,decode
7,24,1,6,1,5,0,0,decode
7,25,1,6,1,2,3,0,decode
7,26,1,6,0,3,3,0,decode
7,27,1,6,1,2,3,0,decode
7,28,1,6,0,2,4,0,decode
7,29,1,6,1,3,2,0,decode
7,30,1,6,1,3,2,0,decode
7,31,1,6,1,3,2,0,decode
7,32,1,6,0,2,4,0,decode
7,33,1,6,0,3,3,0,decode
7,34,1,6,1,2,3,0,decode
7,35,1,6,1,2,3,0,decode
7,36,1,6,0,1,5,0,decode
7,37,1,6,0,4,2,0,decode
7,38,1,6,0,2,4,0,decode
7,39,1,6,0,4,2,0,decode
7,40,1,6,1,4,1,0,decode
7,41,1,6,0,2,4,0,decode
7,42,1,6,0,2,4,0,decode
8,0,0,6,1,0,5,0,decode
8,1,0,6,2,1,3,0,decode
8,2,0,6,1,1,4,0,decode
8,3,0,6,0,4,2,0,decode
8,4,0,6,0,2,4,0,decode
8,5,0,6,2,4,0,0,decode
8,6,0,6,0,3,3,0,decode
8,7,0,6,0,5,1,0,decode
8,8,0,6,1,5,0,0,decode
8,9,0,6,1,1,4,0,decode
8,10,0,6,0,4,2,0,decode
8,11,0,6,1,1,4,0,decode
8,12,0,6,1,1,4,0,decode
8,13,0,6,1,3,2,0,decode
8,14,0,6,1,3,2,0,decode
8,15,0,6,0,2,4,0,decode
8,16,0,6,1,3,2,0,decode
8,17,0,6,1,3,2,0,decode
8,18,0,6,1,3,2,0,decode
8,19,0,6,0,4,2,0,decode
8,20,0,6,0,3,3,0,decode
8,21,0,6,0,5,1,0,decode
8,22,1,6,0,3,3,0,decode
8,23,1,6,0,6,0,0,decode
8,24,1,6,1,3,2,0,decode
8,25,1,6,1,4,1,0,decode
8,26,1,6,1,4,1,0,decode
8,27,1,6,1,2,3,0,decode
8,28,1,6,2,3,1,0,decode
8,29,1,6,1,5,0,0,decode
8,30,1,6,1,4,1,0,decode
8,31,1,6,1,3,2,0,decode
8,32,1,6,1,5,0,0,decode
8,33,1,6,1,3,2,0,decode
8,34,1,6,1,5,0,0,decode
8,35,1,6,1,5,0,0,decode
8,36,1,6,1,4,1,0,decode
8,37,1,6,0,5,1,0,decode
8,38,1,6,1,5,0,0,decode
8,39,1,6,1,5,0,0,decode
8,40,1,6,0,6,0,0,decode
8,41,1,6,0,3,3,0,decode
8,42,1,6,0,3,3,0,decode
9,0,0,6,0,3,3,0,decode
9,1,0,6,0,1,5,0,decode
9,2,0,6,0,2,4,0,decode
9,3,0,6,2,3,1,0,decode
9,4,0,6,1,4,1,0,decode
9,5,0,6,0,4,2,0,decode
9,6,0,6,0,4,2,0,decode
9,7,0,6,0,4,2,0,decode
9,8,0,6,1,4,1,0,decode
9,9,0,6,1,2,3,0,decode
9,10,0,6,0,4,2,0,decode
9,11,0,6,1,3,2,0,decode
9,12,0,6,0,4,2,0,decode
9,13,0,6,1,3,2,0,decode
9,14,0,6,0,6,0,0,decode
9,15,0,6,1,3,2,0,decode
9,16,0,6,1,5,0,0,decode
9,17,0,6,0,5,1,0,decode
9,18,0,6,0,5,1,0,decode
9,19,0,6,1,3,2,0,decode
9,20,0,6,1,4,1,0,decode
9,21,0,6,0,6,0,0,decode
9,22,1,6,2,4,0,0,decode
9,23,1,6,1,5,0,0,decode
9,24,1,6,1,1,4,0,decode
9,25,1,6,1,5,0,0,decode
9,26,1,6,1,5,0,0,decode
9,27,1,6,1,4,1,0,decode
9,28,1,6,0,5,1,0,decode
9,29,1,6,1,5,0,0,decode
9,30,1,6,0,6,0,0,decode
9,31,1,6,1,3,2,0,decode
9,32,1,6,1,5,0,0,decode
9,33,1,6,1,4,1,0,decode
9,34,1,6,1,5,0,0,decode
9,35,1,6,1,5,0,0,decode
9,36,1,6,2,3,1,0,decode
9,37,1,6,1,5,0,0,decode
9,38,1,6,1,5,0,0,decode
9,39,1,6,1,4,1,0,decode
9,40,1,6,1,3,2,0,decode
9,41,1,6,0,5,1,0,decode
9,42,1,6,2,2,2,0,decode
10,0,0,6,2,2,2,0,decode
10,1,0,6,2,1,3,0,decode
10,2,0,6,0,1,5,0,decode
10,3,0,6,2,2,2,0,decode
10,4,0,6,1,2,3,0,decode
10,5,0,6,0,5,1,0,decode
10,6,0,6,2,3,1,0,decode
10,7,0,6,1,4,1,0,decode
10,8,0,6,0,5,1,0,decode
10,9,0,6,1,4,1,0,decode
10,10,0,6,0,4,2,0,decode
10,11,0,6,2,3,1,0,decode
10,12,0,6,1,4,1,0,decode
10,13,0,6,1,3,2,0,decode
10,14,0,6,1,4,1,0,decode
10,15,0,6,1,3,2,0,decode
10,16,0,6,1,5,0,0,decode
10,17,0,6,1,5,0,0,decode
10,18,0,6,1,5,0,0,decode
10,19,0,6,2,4,0,0,decode
10,20,0,6,2,4,0,0,decode
10,21,0,6,1,3,2,0,decode
10,22,1,6,1,4,1,0,decode
10,23,1,6,0,4,2,0,decode
10,24,1,6,0,5,1,0,decode
10,25,1,6,1,3,2,0,decode
10,26,1,6,1,4,1,0,decode
10,27,1,6,1,4,1,0,decode
10,28,1,6,1,5,0,0,decode
10,29,1,6,2,3,1,0,decode
10,30,1,6,0,5,1,0,decode
10,31,1,6,1,2,3,0,decode
10,32,1,6,1,4,1,0,decode
10,33,1,6,1,3,2,0,decode
10,34,1,6,2,4,0,0,decode
10,35,1,6,0,3,3,0,decode
10,36,1,6,0,4,2,0,decode
10,37,1,6,0,4,2,0,decode
10,38,1,6,1,3,2,0,decode
10,39,1,6,0,4,2,0,decode
10,40,1,6,1,4,1,0,decode
10,41,1,6,3,2,1,0,decode
10,42,1,6,1,4,1,0,decode
11,0,0,6,0,1,5,0,decode
11,1,0,6,1,0,5,0,decode
11,2,0,6,0,0,6,0,decode
11,3,0,6,1,5,0,0,decode
11,4,0,6,1,4,1,0,decode
11,5,0,6,1,4,1,0,decode
11,6,0,6,1,4,1,0,decode
11,7,0,6,1,4,1,0,decode
11,8,0,6,2,3,1,0,decode
11,9,0,6,0,4,2,0,decode
11,10,0,6,0,2,4,0,decode
11,11,0,6,0,5,1,0,decode
11,12,0,6,1,4,1,0,decode
11,13,0,6,1,3,2,0,decode
11,14,0,6,1,4,1,0,decode
11,15,0,6,1,3,2,0,decode
11,16,0,6,0,5,1,0,decode
11,17,0,6,1,4,1,0,decode
11,18,0,6,1,4,1,0,decode
11,19,0,6,2,1,3,0,decode
11,20,0,6,1,3,2,0,decode
11,21,0,6,1,3,2,0,decode
11,22,1,6,2,2,2,0,decode
11,23,1,6,0,4,2,0,decode
11,24,1,6,0,5,1,0,decode
11,25,1,6,1,5,0,0,decode
11,26,1,6,1,4,1,0,decode
11,27,1,6,2,4,0,0,decode
11,28,1,6,2,4,0,0,decode
11,29,1,6,1,4,1,0,decode
11,30,1,6,1,2,3,0,decode
11,31,1,6,1,2,3,0,decode
11,32,1,6,1,3,2,0,decode
11,33,1,6,1,5,0,0,decode
11,34,1,6,1,4,1,0,decode
11,35,1,6,1,2,3,0,decode
11,36,1,6,1,4,1,0,decode
11,37,1,6,0,3,3,0,decode
11,38,1,6,2,4,0,0,decode
11,39,1,6,1,2,3,0,decode
11,40,1,6,0,4,2,0,decode
11,41,1,6,1,3,2,0,decode
11,42,1,6,2,3,1,0,decode
12,0,0,6,1,0,5,0,decode
12,1,0,6,0,0,6,0,decode
12,2,0,6,2,1,3,0,decode
12,3,0,6,1,4,1,0,decode
12,4,0,6,0,5,1,0,decode
12,5,0,6,1,4,1,0,decode
12,6,0,6,0,4,2,0,decode
12,7,0,6,1,4,1,0,decode
12,8,0,6,1,4,1,0,decode
12,9,0,6,0,4,2,0,decode
12,10,0,6,1,3,2,0,decode
12,11,0,6,1,4,1,0,decode
12,12,0,6,2,3,1,0,decode
12,13,0,6,1,3,2,0,decode
12,14,0,6,1,5,0,0,decode
12,15,0,6,1,4,1,0,decode
12,16,0,6,1,5,0,0,decode
12,17,0,6,1,4,1,0,decode
12,18,0,6,1,4,1,0,decode
12,19,0,6,0,4,2,0,decode
12,20,0,6,1,4,1,0,decode
12,21,0,6,0,2,4,0,decode
12,22,1,6,1,4,1,0,decode
12,23,1,6,0,4,2,0,decode
12,24,1,6,1,5,0,0,decode
12,25,1,6,1,5,0,0,decode
12,26,1,6,1,5,0,0,decode
12,27,1,6,1,3,2,0,decode
12,28,1,6,1,5,0,0,decode
12,29,1,6,1,4,1,0,decode
12,30,1,6,2,3,1,0,decode
12,31,1,6,1,3,2,0,decode
12,32,1,6,0,6,0,0,decode
12,33,1,6,1,5,0,0,decode
12,34,1,6,1,5,0,0,decode
12,35,1,6,0,3,3,0,decode
12,36,1,6,1,5,0,0,decode
12,37,1,6,1,4,1,0,decode
12,38,1,6,0,5,1,0,decode
12,39,1,6,2,4,0,0,decode
12,40,1,6,0,4,2,0,decode
12,41,1,6,1,3,2,0,decode
12,42,1,6,0,5,1,0,decode
13,0,0,6,0,2,4,0,decode
13,1,0,6,0,2,4,0,decode
13,2,0,6,0,0,6,0,decode
13,3,0,6,1,3,2,0,decode
13,4,0,6,0,2,4,0,decode
13,5,0,6,2,2,2,0,decode
13,6,0,6,0,3,3,0,decode
13,7,0,6,1,4,1,0,decode
13,8,0,6,1,4,1,0,decode
13,9,0,6,0,3,3,0,decode
13,10,0,6,1,2,3,0,decode
13,11,0,6,2,3,1,0,decode
13,12,0,6,1,2,3,0,decode
13,13,0,6,0,5,1,0,decode
13,14,0,6,1,2,3,0,decode
13,15,0,6,1,3,2,0,decode
13,16,0,6,1,4,1,0,decode
13,17,0,6,1,3,2,0,decode
13,18,0,6,0,6,0,0,decode
13,19,0,6,1,2,3,0,decode
13,20,0,6,1,3,2,0,decode
13,21,0,6,1,3,2,0,decode
13,22,1,6,1,5,0,0,decode
13,23,1,6,1,4,1,0,decode
13,24,1,6,2,4,0,0,decode
13,25,1,6,1,4,1,0,decode
13,26,1,6,1,5,0,0,decode
13,27,1,6,1,5,0,0,decode
13,28,1,6,0,5,1,0,decode
13,29,1,6,1,3,2,0,decode
13,30,1,6,1,5,0,0,decode
13,31,1,6,1,5,0,0,decode
13,32,1,6,1,5,0,0,decode
13,33,1,6,1,4,1,0,decode
13,34,1,6,1,4,1,0,decode
13,35,1,6,0,6,0,0,decode
13,36,1,6,1,5,0,0,decode
13,37,1,6,1,5,0,0,decode
13,38,1,6,1,4,1,0,decode
13,39,1,6,0,4,2,0,decode
13,40,1,6,1,4,1,0,decode
13,41,1,6,1,4,1,0,decode
13,42,1,6,0,4,2,0,decode
14,0,0,6,1,0,5,0,decode
14,1,0,6,0,3,3,0,decode
14,2,0,6,0,2,4,0,decode
14,3,0,6,0,2,4,0,decode
14,4,0,6,0,4,2,0,decode
14,5,0,6,0,2,4,0,decode
14,6,0,6,1,2,3,0,decode
14,7,0,6,1,4,1,0,decode
14,8,0,6,1,4,1,0,decode
14,9,0,6,2,3,1,0,decode
14,10,0,6,1,2,3,0,decode
14,11,0,6,1,1,4,0,decode
14,12,0,6,1,3,2,0,decode
14,13,0,6,1,4,1,0,decode
14,14,0,6,0,4,2,0,decode
14,15,0,6,1,2,3,0,decode
14,16,0,6,1,3,2,0,decode
14,17,0,6,1,4,1,0,decode
14,18,0,6,0,4,2,0,decode
14,19,0,6,1,2,3,0,decode
14,20,0,6,2,2,2,0,decode
14,21,0,6,1,2,3,0,decode
14,22,1,6,1,4,1,0,decode
14,23,1,6,2,1,3,0,decode
14,24,1,6,1,5,0,0,decode
14,25,1,6,1,2,3,0,decode
14,26,1,6,0,4,2,0,decode
14,27,1,6,2,3,1,0,decode
14,28,1,6,2,2,2,0,decode
14,29,1,6,0,2,4,0,decode
14,30,1,6,0,5,1,0,decode
14,31,1,6,1,3,2,0,decode
14,32,1,6,2,4,0,0,decode
14,33,1,6,1,5,0,0,decode
14,34,1,6,1,5,0,0,decode
14,35,1,6,1,2,3,0,decode
14,36,1,6,1,5,0,0,decode
14,37,1,6,1,4,1,0,decode
14,38,1,6,1,4,1,0,decode
14,39,1,6,0,5,1,0,decode
14,40,1,6,1,3,2,0,decode
14,41,1,6,0,5,1,0,decode
14,42,1,6,0,5,1,0,decode
15,0,0,6,2,1,3,0,decode
15,1,0,6,0,1,5,0,decode
15,2,0,6,2,0,4,0,decode
15,3,0,6,0,5,1,0,decode
15,4,0,6,2,2,2,0,decode
15,5,0,6,0,3,3,0,decode
15,6,0,6,2,4,0,0,decode
15,7,0,6,0,3,3,0,decode
15,8,0,6,0,4,2,0,decode
15,9,0,6,0,3,3,0,decode
15,10,0,6,1,2,3,0,decode
15,11,0,6,1,3,2,0,decode
15,12,0,6,1,3,2,0,decode
15,13,0,6,1,3,2,0,decode
15,14,0,6,1,5,0,0,decode
15,15,0,6,0,5,1,0,decode
15,16,0,6,1,4,1,0,decode
15,17,0,6,1,4,1,0,decode
15,18,0,6,1,5,0,0,decode
15,19,0,6,1,1,4,0,decode
15,20,0,6,0,4,2,0,decode
15,21,0,6,0,5,1,0,decode
15,22,1,6,1,3,2,0,decode
15,23,1,6,0,5,1,0,decode
15,24,1,6,1,4,1,0,decode
15,25,1,6,1,5,0,0,decode
15,26,1,6,1,3,2,0,decode
15,27,1,6,1,3,2,0,decode
15,28,1,6,0,5,1,0,decode
15,29,1,6,2,3,1,0,decode
15,30,1,6,2,4,0,0,decode
15,31,1,6,1,4,1,0,decode
15,32,1,6,0,6,0,0,decode
15,33,1,6,1,5,0,0,decode
15,34,1,6,1,4,1,0,decode
15,35,1,6,0,6,0,0,decode
15,36,1,6,1,5,0,0,decode
15,37,1,6,1,5,0,0,decode
15,38,1,6,1,5,0,0,decode
15,39,1,6,0,5,1,0,decode
15,40,1,6,1,5,0,0,decode
15,41,1,6,1,3,2,0,decode
15,42,1,6,2,4,0,0,decode
