prompt,prompt_idx,forward_step,phase,device,requests,vram_hits,vram_cold,vram_evictions,host_hits,host_misses,host_evictions,vram_policy,vram_dtype,persist
q0,0,0,prefill,cuda:0,861,0,861,787,0,861,179,lru,fp16,1
q0,0,0,prefill,cuda:1,781,0,781,707,0,781,99,lru,fp16,1
q0,0,1,decode,cuda:0,132,0,132,132,83,49,49,lru,fp16,1
q0,0,1,decode,cuda:1,126,0,126,126,79,47,47,lru,fp16,1
q0,0,2,decode,cuda:0,132,0,132,132,69,63,63,lru,fp16,1
q0,0,2,decode,cuda:1,126,0,126,126,83,43,43,lru,fp16,1
q0,0,3,decode,cuda:0,132,0,132,132,79,53,53,lru,fp16,1
q0,0,3,decode,cuda:1,126,0,126,126,84,42,42,lru,fp16,1
q0,0,4,decode,cuda:0,132,0,132,132,77,55,55,lru,fp16,1
q0,0,4,decode,cuda:1,126,0,126,126,93,33,33,lru,fp16,1
q0,0,5,decode,cuda:0,132,0,132,132,74,58,58,lru,fp16,1
q0,0,5,decode,cuda:1,126,0,126,126,100,26,26,lru,fp16,1
q0,0,6,decode,cuda:0,132,0,132,132,71,61,61,lru,fp16,1
q0,0,6,decode,cuda:1,126,0,126,126,92,34,34,lru,fp16,1
q0,0,7,decode,cuda:0,132,0,132,132,76,56,56,lru,fp16,1
q0,0,7,decode,cuda:1,126,0,126,126,98,28,28,lru,fp16,1
q0,0,8,decode,cuda:0,132,0,132,132,81,51,51,lru,fp16,1
q0,0,8,decode,cuda:1,126,0,126,126,87,39,39,lru,fp16,1
q0,0,9,decode,cuda:0,132,0,132,132,64,68,68,lru,fp16,1
q0,0,9,decode,cuda:1,126,0,126,126,86,40,40,lru,fp16,1
q0,0,10,decode,cuda:0,132,0,132,132,73,59,59,lru,fp16,1
q0,0,10,decode,cuda:1,126,0,126,126,76,50,50,lru,fp16,1
q0,0,11,decode,cuda:0,132,0,132,132,89,43,43,lru,fp16,1
q0,0,11,decode,cuda:1,126,0,126,126,93,33,33,lru,fp16,1
q0,0,12,decode,cuda:0,132,0,132,132,62,70,70,lru,fp16,1
q0,0,12,decode,cuda:1,126,0,126,126,98,28,28,lru,fp16,1
q0,0,13,decode,cuda:0,132,0,132,132,87,45,45,lru,fp16,1
q0,0,13,decode,cuda:1,126,0,126,126,104,22,22,lru,fp16,1
q0,0,14,decode,cuda:0,132,0,132,132,76,56,56,lru,fp16,1
q0,0,14,decode,cuda:1,126,0,126,126,107,19,19,lru,fp16,1
q0,0,15,decode,cuda:0,132,0,132,132,86,46,46,lru,fp16,1
q0,0,15,decode,cuda:1,126,0,126,126,105,21,21,lru,fp16,1
q0,0,0,prefill,pooled,1642,0,1642,1494,0,1642,278,lru,fp16,1
q0,0,1,decode,pooled,258,0,258,258,162,96,96,lru,fp16,1
q0,0,2,decode,pooled,258,0,258,258,152,106,106,lru,fp16,1
q0,0,3,decode,pooled,258,0,258,258,163,95,95,lru,fp16,1
q0,0,4,decode,pooled,258,0,258,258,170,88,88,lru,fp16,1
q0,0,5,decode,pooled,258,0,258,258,174,84,84,lru,fp16,1
q0,0,6,decode,pooled,258,0,258,258,163,95,95,lru,fp16,1
q0,0,7,decode,pooled,258,0,258,258,174,84,84,lru,fp16,1
q0,0,8,decode,pooled,258,0,258,258,168,90,90,lru,fp16,1
q0,0,9,decode,pooled,258,0,258,258,150,108,108,lru,fp16,1
q0,0,10,decode,pooled,258,0,258,258,149,109,109,lru,fp16,1
q0,0,11,decode,pooled,258,0,258,258,182,76,76,lru,fp16,1
q0,0,12,decode,pooled,258,0,258,258,160,98,98,lru,fp16,1
q0,0,13,decode,pooled,258,0,258,258,191,67,67,lru,fp16,1
q0,0,14,decode,pooled,258,0,258,258,183,75,75,lru,fp16,1
q0,0,15,decode,pooled,258,0,258,258,191,67,67,lru,fp16,1
q0,0,0,prefill,cuda:0,861,0,861,787,0,861,179,priority_lru,fp16,1
q0,0,0,prefill,cuda:1,781,0,781,707,0,781,99,priority_lru,fp16,1
q0,0,1,decode,cuda:0,132,5,127,127,83,49,49,priority_lru,fp16,1
q0,0,1,decode,cuda:1,126,4,122,122,79,47,47,priority_lru,fp16,1
q0,0,2,decode,cuda:0,132,7,125,125,69,63,63,priority_lru,fp16,1
q0,0,2,decode,cuda:1,126,5,121,121,83,43,43,priority_lru,fp16,1
q0,0,3,decode,cuda:0,132,2,130,130,79,53,53,priority_lru,fp16,1
q0,0,3,decode,cuda:1,126,2,124,124,84,42,42,priority_lru,fp16,1
q0,0,4,decode,cuda:0,132,7,125,125,77,55,55,priority_lru,fp16,1
q0,0,4,decode,cuda:1,126,3,123,123,93,33,33,priority_lru,fp16,1
q0,0,5,decode,cuda:0,132,4,128,128,74,58,58,priority_lru,fp16,1
q0,0,5,decode,cuda:1,126,1,125,125,100,26,26,priority_lru,fp16,1
q0,0,6,decode,cuda:0,132,5,127,127,71,61,61,priority_lru,fp16,1
q0,0,6,decode,cuda:1,126,1,125,125,92,34,34,priority_lru,fp16,1
q0,0,7,decode,cuda:0,132,11,121,121,76,56,56,priority_lru,fp16,1
q0,0,7,decode,cuda:1,126,1,125,125,98,28,28,priority_lru,fp16,1
q0,0,8,decode,cuda:0,132,13,119,119,81,51,51,priority_lru,fp16,1
q0,0,8,decode,cuda:1,126,2,124,124,87,39,39,priority_lru,fp16,1
q0,0,9,decode,cuda:0,132,7,125,125,64,68,68,priority_lru,fp16,1
q0,0,9,decode,cuda:1,126,0,126,126,86,40,40,priority_lru,fp16,1
q0,0,10,decode,cuda:0,132,11,121,121,73,59,59,priority_lru,fp16,1
q0,0,10,decode,cuda:1,126,0,126,126,76,50,50,priority_lru,fp16,1
q0,0,11,decode,cuda:0,132,7,125,125,89,43,43,priority_lru,fp16,1
q0,0,11,decode,cuda:1,126,0,126,126,93,33,33,priority_lru,fp16,1
q0,0,12,decode,cuda:0,132,1,131,131,62,70,70,priority_lru,fp16,1
q0,0,12,decode,cuda:1,126,12,114,114,98,28,28,priority_lru,fp16,1
q0,0,13,decode,cuda:0,132,3,129,129,87,45,45,priority_lru,fp16,1
q0,0,13,decode,cuda:1,126,12,114,114,104,22,22,priority_lru,fp16,1
q0,0,14,decode,cuda:0,132,10,122,122,76,56,56,priority_lru,fp16,1
q0,0,14,decode,cuda:1,126,13,113,113,107,19,19,priority_lru,fp16,1
q0,0,15,decode,cuda:0,132,4,128,128,86,46,46,priority_lru,fp16,1
q0,0,15,decode,cuda:1,126,9,117,117,105,21,21,priority_lru,fp16,1
q0,0,0,prefill,pooled,1642,0,1642,1494,0,1642,278,priority_lru,fp16,1
q0,0,1,decode,pooled,258,9,249,249,162,96,96,priority_lru,fp16,1
q0,0,2,decode,pooled,258,12,246,246,152,106,106,priority_lru,fp16,1
q0,0,3,decode,pooled,258,4,254,254,163,95,95,priority_lru,fp16,1
q0,0,4,decode,pooled,258,10,248,248,170,88,88,priority_lru,fp16,1
q0,0,5,decode,pooled,258,5,253,253,174,84,84,priority_lru,fp16,1
q0,0,6,decode,pooled,258,6,252,252,163,95,95,priority_lru,fp16,1
q0,0,7,decode,pooled,258,12,246,246,174,84,84,priority_lru,fp16,1
q0,0,8,decode,pooled,258,15,243,243,168,90,90,priority_lru,fp16,1
q0,0,9,decode,pooled,258,7,251,251,150,108,108,priority_lru,fp16,1
q0,0,10,decode,pooled,258,11,247,247,149,109,109,priority_lru,fp16,1
q0,0,11,decode,pooled,258,7,251,251,182,76,76,priority_lru,fp16,1
q0,0,12,decode,pooled,258,13,245,245,160,98,98,priority_lru,fp16,1
q0,0,13,decode,pooled,258,15,243,243,191,67,67,priority_lru,fp16,1
q0,0,14,decode,pooled,258,23,235,235,183,75,75,priority_lru,fp16,1
q0,0,15,decode,pooled,258,13,245,245,191,67,67,priority_lru,fp16,1
q0,0,0,prefill,cuda:0,861,0,861,787,0,861,179,lfu,fp16,1
q0,0,0,prefill,cuda:1,781,0,781,707,0,781,99,lfu,fp16,1
q0,0,1,decode,cuda:0,132,0,132,132,83,49,49,lfu,fp16,1
q0,0,1,decode,cuda:1,126,0,126,126,79,47,47,lfu,fp16,1
q0,0,2,decode,cuda:0,132,0,132,132,69,63,63,lfu,fp16,1
q0,0,2,decode,cuda:1,126,0,126,126,83,43,43,lfu,fp16,1
q0,0,3,decode,cuda:0,132,0,132,132,79,53,53,lfu,fp16,1
q0,0,3,decode,cuda:1,126,0,126,126,84,42,42,lfu,fp16,1
q0,0,4,decode,cuda:0,132,0,132,132,77,55,55,lfu,fp16,1
q0,0,4,decode,cuda:1,126,0,126,126,93,33,33,lfu,fp16,1
q0,0,5,decode,cuda:0,132,0,132,132,74,58,58,lfu,fp16,1
q0,0,5,decode,cuda:1,126,0,126,126,100,26,26,lfu,fp16,1
q0,0,6,decode,cuda:0,132,0,132,132,71,61,61,lfu,fp16,1
q0,0,6,decode,cuda:1,126,0,126,126,92,34,34,lfu,fp16,1
q0,0,7,decode,cuda:0,132,0,132,132,76,56,56,lfu,fp16,1
q0,0,7,decode,cuda:1,126,0,126,126,98,28,28,lfu,fp16,1
q0,0,8,decode,cuda:0,132,0,132,132,81,51,51,lfu,fp16,1
q0,0,8,decode,cuda:1,126,0,126,126,87,39,39,lfu,fp16,1
q0,0,9,decode,cuda:0,132,0,132,132,64,68,68,lfu,fp16,1
q0,0,9,decode,cuda:1,126,0,126,126,86,40,40,lfu,fp16,1
q0,0,10,decode,cuda:0,132,0,132,132,73,59,59,lfu,fp16,1
q0,0,10,decode,cuda:1,126,0,126,126,76,50,50,lfu,fp16,1
q0,0,11,decode,cuda:0,132,0,132,132,89,43,43,lfu,fp16,1
q0,0,11,decode,cuda:1,126,0,126,126,93,33,33,lfu,fp16,1
q0,0,12,decode,cuda:0,132,0,132,132,62,70,70,lfu,fp16,1
q0,0,12,decode,cuda:1,126,0,126,126,98,28,28,lfu,fp16,1
q0,0,13,decode,cuda:0,132,0,132,132,87,45,45,lfu,fp16,1
q0,0,13,decode,cuda:1,126,0,126,126,104,22,22,lfu,fp16,1
q0,0,14,decode,cuda:0,132,0,132,132,76,56,56,lfu,fp16,1
q0,0,14,decode,cuda:1,126,0,126,126,107,19,19,lfu,fp16,1
q0,0,15,decode,cuda:0,132,0,132,132,86,46,46,lfu,fp16,1
q0,0,15,decode,cuda:1,126,0,126,126,105,21,21,lfu,fp16,1
q0,0,0,prefill,pooled,1642,0,1642,1494,0,1642,278,lfu,fp16,1
q0,0,1,decode,pooled,258,0,258,258,162,96,96,lfu,fp16,1
q0,0,2,decode,pooled,258,0,258,258,152,106,106,lfu,fp16,1
q0,0,3,decode,pooled,258,0,258,258,163,95,95,lfu,fp16,1
q0,0,4,decode,pooled,258,0,258,258,170,88,88,lfu,fp16,1
q0,0,5,decode,pooled,258,0,258,258,174,84,84,lfu,fp16,1
q0,0,6,decode,pooled,258,0,258,258,163,95,95,lfu,fp16,1
q0,0,7,decode,pooled,258,0,258,258,174,84,84,lfu,fp16,1
q0,0,8,decode,pooled,258,0,258,258,168,90,90,lfu,fp16,1
q0,0,9,decode,pooled,258,0,258,258,150,108,108,lfu,fp16,1
q0,0,10,decode,pooled,258,0,258,258,149,109,109,lfu,fp16,1
q0,0,11,decode,pooled,258,0,258,258,182,76,76,lfu,fp16,1
q0,0,12,decode,pooled,258,0,258,258,160,98,98,lfu,fp16,1
q0,0,13,decode,pooled,258,0,258,258,191,67,67,lfu,fp16,1
q0,0,14,decode,pooled,258,0,258,258,183,75,75,lfu,fp16,1
q0,0,15,decode,pooled,258,0,258,258,191,67,67,lfu,fp16,1
q0,0,0,prefill,cuda:0,861,0,861,787,0,861,179,freq_x_recency,fp16,1
q0,0,0,prefill,cuda:1,781,0,781,707,0,781,99,freq_x_recency,fp16,1
q0,0,1,decode,cuda:0,132,0,132,132,83,49,49,freq_x_recency,fp16,1
q0,0,1,decode,cuda:1,126,0,126,126,79,47,47,freq_x_recency,fp16,1
q0,0,2,decode,cuda:0,132,0,132,132,69,63,63,freq_x_recency,fp16,1
q0,0,2,decode,cuda:1,126,0,126,126,83,43,43,freq_x_recency,fp16,1
q0,0,3,decode,cuda:0,132,0,132,132,79,53,53,freq_x_recency,fp16,1
q0,0,3,decode,cuda:1,126,0,126,126,84,42,42,freq_x_recency,fp16,1
q0,0,4,decode,cuda:0,132,0,132,132,77,55,55,freq_x_recency,fp16,1
q0,0,4,decode,cuda:1,126,0,126,126,93,33,33,freq_x_recency,fp16,1
q0,0,5,decode,cuda:0,132,0,132,132,74,58,58,freq_x_recency,fp16,1
q0,0,5,decode,cuda:1,126,0,126,126,100,26,26,freq_x_recency,fp16,1
q0,0,6,decode,cuda:0,132,0,132,132,71,61,61,freq_x_recency,fp16,1
q0,0,6,decode,cuda:1,126,0,126,126,92,34,34,freq_x_recency,fp16,1
q0,0,7,decode,cuda:0,132,0,132,132,76,56,56,freq_x_recency,fp16,1
q0,0,7,decode,cuda:1,126,0,126,126,98,28,28,freq_x_recency,fp16,1
q0,0,8,decode,cuda:0,132,0,132,132,81,51,51,freq_x_recency,fp16,1
q0,0,8,decode,cuda:1,126,0,126,126,87,39,39,freq_x_recency,fp16,1
q0,0,9,decode,cuda:0,132,0,132,132,64,68,68,freq_x_recency,fp16,1
q0,0,9,decode,cuda:1,126,0,126,126,86,40,40,freq_x_recency,fp16,1
q0,0,10,decode,cuda:0,132,0,132,132,73,59,59,freq_x_recency,fp16,1
q0,0,10,decode,cuda:1,126,0,126,126,76,50,50,freq_x_recency,fp16,1
q0,0,11,decode,cuda:0,132,0,132,132,89,43,43,freq_x_recency,fp16,1
q0,0,11,decode,cuda:1,126,0,126,126,93,33,33,freq_x_recency,fp16,1
q0,0,12,decode,cuda:0,132,0,132,132,62,70,70,freq_x_recency,fp16,1
q0,0,12,decode,cuda:1,126,0,126,126,98,28,28,freq_x_recency,fp16,1
q0,0,13,decode,cuda:0,132,0,132,132,87,45,45,freq_x_recency,fp16,1
q0,0,13,decode,cuda:1,126,0,126,126,104,22,22,freq_x_recency,fp16,1
q0,0,14,decode,cuda:0,132,0,132,132,76,56,56,freq_x_recency,fp16,1
q0,0,14,decode,cuda:1,126,0,126,126,107,19,19,freq_x_recency,fp16,1
q0,0,15,decode,cuda:0,132,0,132,132,86,46,46,freq_x_recency,fp16,1
q0,0,15,decode,cuda:1,126,0,126,126,105,21,21,freq_x_recency,fp16,1
q0,0,0,prefill,pooled,1642,0,1642,1494,0,1642,278,freq_x_recency,fp16,1
q0,0,1,decode,pooled,258,0,258,258,162,96,96,freq_x_recency,fp16,1
q0,0,2,decode,pooled,258,0,258,258,152,106,106,freq_x_recency,fp16,1
q0,0,3,decode,pooled,258,0,258,258,163,95,95,freq_x_recency,fp16,1
q0,0,4,decode,pooled,258,0,258,258,170,88,88,freq_x_recency,fp16,1
q0,0,5,decode,pooled,258,0,258,258,174,84,84,freq_x_recency,fp16,1
q0,0,6,decode,pooled,258,0,258,258,163,95,95,freq_x_recency,fp16,1
q0,0,7,decode,pooled,258,0,258,258,174,84,84,freq_x_recency,fp16,1
q0,0,8,decode,pooled,258,0,258,258,168,90,90,freq_x_recency,fp16,1
q0,0,9,decode,pooled,258,0,258,258,150,108,108,freq_x_recency,fp16,1
q0,0,10,decode,pooled,258,0,258,258,149,109,109,freq_x_recency,fp16,1
q0,0,11,decode,pooled,258,0,258,258,182,76,76,freq_x_recency,fp16,1
q0,0,12,decode,pooled,258,0,258,258,160,98,98,freq_x_recency,fp16,1
q0,0,13,decode,pooled,258,0,258,258,191,67,67,freq_x_recency,fp16,1
q0,0,14,decode,pooled,258,0,258,258,183,75,75,freq_x_recency,fp16,1
q0,0,15,decode,pooled,258,0,258,258,191,67,67,freq_x_recency,fp16,1
q0,0,0,prefill,cuda:0,861,0,861,816,0,861,179,segmented,fp16,1
q0,0,0,prefill,cuda:1,781,0,781,737,0,781,99,segmented,fp16,1
q0,0,1,decode,cuda:0,132,0,132,162,83,49,49,segmented,fp16,1
q0,0,1,decode,cuda:1,126,0,126,155,79,47,47,segmented,fp16,1
q0,0,2,decode,cuda:0,132,0,132,132,69,63,63,segmented,fp16,1
q0,0,2,decode,cuda:1,126,0,126,126,83,43,43,segmented,fp16,1
q0,0,3,decode,cuda:0,132,0,132,132,79,53,53,segmented,fp16,1
q0,0,3,decode,cuda:1,126,0,126,126,84,42,42,segmented,fp16,1
q0,0,4,decode,cuda:0,132,0,132,132,77,55,55,segmented,fp16,1
q0,0,4,decode,cuda:1,126,0,126,126,93,33,33,segmented,fp16,1
q0,0,5,decode,cuda:0,132,0,132,132,74,58,58,segmented,fp16,1
q0,0,5,decode,cuda:1,126,0,126,126,100,26,26,segmented,fp16,1
q0,0,6,decode,cuda:0,132,0,132,132,71,61,61,segmented,fp16,1
q0,0,6,decode,cuda:1,126,0,126,126,92,34,34,segmented,fp16,1
q0,0,7,decode,cuda:0,132,0,132,132,76,56,56,segmented,fp16,1
q0,0,7,decode,cuda:1,126,0,126,126,98,28,28,segmented,fp16,1
q0,0,8,decode,cuda:0,132,0,132,132,81,51,51,segmented,fp16,1
q0,0,8,decode,cuda:1,126,0,126,126,87,39,39,segmented,fp16,1
q0,0,9,decode,cuda:0,132,0,132,132,64,68,68,segmented,fp16,1
q0,0,9,decode,cuda:1,126,0,126,126,86,40,40,segmented,fp16,1
q0,0,10,decode,cuda:0,132,0,132,132,73,59,59,segmented,fp16,1
q0,0,10,decode,cuda:1,126,0,126,126,76,50,50,segmented,fp16,1
q0,0,11,decode,cuda:0,132,0,132,132,89,43,43,segmented,fp16,1
q0,0,11,decode,cuda:1,126,0,126,126,93,33,33,segmented,fp16,1
q0,0,12,decode,cuda:0,132,0,132,132,62,70,70,segmented,fp16,1
q0,0,12,decode,cuda:1,126,0,126,126,98,28,28,segmented,fp16,1
q0,0,13,decode,cuda:0,132,0,132,132,87,45,45,segmented,fp16,1
q0,0,13,decode,cuda:1,126,0,126,126,104,22,22,segmented,fp16,1
q0,0,14,decode,cuda:0,132,0,132,132,76,56,56,segmented,fp16,1
q0,0,14,decode,cuda:1,126,0,126,126,107,19,19,segmented,fp16,1
q0,0,15,decode,cuda:0,132,0,132,132,86,46,46,segmented,fp16,1
q0,0,15,decode,cuda:1,126,0,126,126,105,21,21,segmented,fp16,1
q0,0,0,prefill,pooled,1642,0,1642,1553,0,1642,278,segmented,fp16,1
q0,0,1,decode,pooled,258,0,258,317,162,96,96,segmented,fp16,1
q0,0,2,decode,pooled,258,0,258,258,152,106,106,segmented,fp16,1
q0,0,3,decode,pooled,258,0,258,258,163,95,95,segmented,fp16,1
q0,0,4,decode,pooled,258,0,258,258,170,88,88,segmented,fp16,1
q0,0,5,decode,pooled,258,0,258,258,174,84,84,segmented,fp16,1
q0,0,6,decode,pooled,258,0,258,258,163,95,95,segmented,fp16,1
q0,0,7,decode,pooled,258,0,258,258,174,84,84,segmented,fp16,1
q0,0,8,decode,pooled,258,0,258,258,168,90,90,segmented,fp16,1
q0,0,9,decode,pooled,258,0,258,258,150,108,108,segmented,fp16,1
q0,0,10,decode,pooled,258,0,258,258,149,109,109,segmented,fp16,1
q0,0,11,decode,pooled,258,0,258,258,182,76,76,segmented,fp16,1
q0,0,12,decode,pooled,258,0,258,258,160,98,98,segmented,fp16,1
q0,0,13,decode,pooled,258,0,258,258,191,67,67,segmented,fp16,1
q0,0,14,decode,pooled,258,0,258,258,183,75,75,segmented,fp16,1
q0,0,15,decode,pooled,258,0,258,258,191,67,67,segmented,fp16,1
q0,0,0,prefill,cuda:0,861,0,861,787,0,861,179,layer_lru,fp16,1
q0,0,0,prefill,cuda:1,781,0,781,707,0,781,99,layer_lru,fp16,1
q0,0,1,decode,cuda:0,132,0,132,132,83,49,49,layer_lru,fp16,1
q0,0,1,decode,cuda:1,126,0,126,126,79,47,47,layer_lru,fp16,1
q0,0,2,decode,cuda:0,132,0,132,132,69,63,63,layer_lru,fp16,1
q0,0,2,decode,cuda:1,126,2,124,124,83,43,43,layer_lru,fp16,1
q0,0,3,decode,cuda:0,132,0,132,132,79,53,53,layer_lru,fp16,1
q0,0,3,decode,cuda:1,126,0,126,126,84,42,42,layer_lru,fp16,1
q0,0,4,decode,cuda:0,132,0,132,132,77,55,55,layer_lru,fp16,1
q0,0,4,decode,cuda:1,126,1,125,125,93,33,33,layer_lru,fp16,1
q0,0,5,decode,cuda:0,132,0,132,132,74,58,58,layer_lru,fp16,1
q0,0,5,decode,cuda:1,126,1,125,125,100,26,26,layer_lru,fp16,1
q0,0,6,decode,cuda:0,132,1,131,131,71,61,61,layer_lru,fp16,1
q0,0,6,decode,cuda:1,126,2,124,124,92,34,34,layer_lru,fp16,1
q0,0,7,decode,cuda:0,132,0,132,132,76,56,56,layer_lru,fp16,1
q0,0,7,decode,cuda:1,126,1,125,125,98,28,28,layer_lru,fp16,1
q0,0,8,decode,cuda:0,132,1,131,131,81,51,51,layer_lru,fp16,1
q0,0,8,decode,cuda:1,126,1,125,125,87,39,39,layer_lru,fp16,1
q0,0,9,decode,cuda:0,132,0,132,132,64,68,68,layer_lru,fp16,1
q0,0,9,decode,cuda:1,126,2,124,124,86,40,40,layer_lru,fp16,1
q0,0,10,decode,cuda:0,132,0,132,132,73,59,59,layer_lru,fp16,1
q0,0,10,decode,cuda:1,126,0,126,126,76,50,50,layer_lru,fp16,1
q0,0,11,decode,cuda:0,132,0,132,132,89,43,43,layer_lru,fp16,1
q0,0,11,decode,cuda:1,126,2,124,124,93,33,33,layer_lru,fp16,1
q0,0,12,decode,cuda:0,132,0,132,132,62,70,70,layer_lru,fp16,1
q0,0,12,decode,cuda:1,126,1,125,125,98,28,28,layer_lru,fp16,1
q0,0,13,decode,cuda:0,132,0,132,132,87,45,45,layer_lru,fp16,1
q0,0,13,decode,cuda:1,126,1,125,125,104,22,22,layer_lru,fp16,1
q0,0,14,decode,cuda:0,132,0,132,132,76,56,56,layer_lru,fp16,1
q0,0,14,decode,cuda:1,126,1,125,125,107,19,19,layer_lru,fp16,1
q0,0,15,decode,cuda:0,132,0,132,132,86,46,46,layer_lru,fp16,1
q0,0,15,decode,cuda:1,126,1,125,125,105,21,21,layer_lru,fp16,1
q0,0,0,prefill,pooled,1642,0,1642,1494,0,1642,278,layer_lru,fp16,1
q0,0,1,decode,pooled,258,0,258,258,162,96,96,layer_lru,fp16,1
q0,0,2,decode,pooled,258,2,256,256,152,106,106,layer_lru,fp16,1
q0,0,3,decode,pooled,258,0,258,258,163,95,95,layer_lru,fp16,1
q0,0,4,decode,pooled,258,1,257,257,170,88,88,layer_lru,fp16,1
q0,0,5,decode,pooled,258,1,257,257,174,84,84,layer_lru,fp16,1
q0,0,6,decode,pooled,258,3,255,255,163,95,95,layer_lru,fp16,1
q0,0,7,decode,pooled,258,1,257,257,174,84,84,layer_lru,fp16,1
q0,0,8,decode,pooled,258,2,256,256,168,90,90,layer_lru,fp16,1
q0,0,9,decode,pooled,258,2,256,256,150,108,108,layer_lru,fp16,1
q0,0,10,decode,pooled,258,0,258,258,149,109,109,layer_lru,fp16,1
q0,0,11,decode,pooled,258,2,256,256,182,76,76,layer_lru,fp16,1
q0,0,12,decode,pooled,258,1,257,257,160,98,98,layer_lru,fp16,1
q0,0,13,decode,pooled,258,1,257,257,191,67,67,layer_lru,fp16,1
q0,0,14,decode,pooled,258,1,257,257,183,75,75,layer_lru,fp16,1
q0,0,15,decode,pooled,258,1,257,257,191,67,67,layer_lru,fp16,1
q0,0,0,prefill,cuda:0,861,0,861,787,0,861,179,static_hotset+dyn,fp16,1
q0,0,0,prefill,cuda:1,781,0,781,707,0,781,99,static_hotset+dyn,fp16,1
q0,0,1,decode,cuda:0,132,2,130,130,83,49,49,static_hotset+dyn,fp16,1
q0,0,1,decode,cuda:1,126,18,108,108,79,47,47,static_hotset+dyn,fp16,1
q0,0,2,decode,cuda:0,132,16,116,116,69,63,63,static_hotset+dyn,fp16,1
q0,0,2,decode,cuda:1,126,18,108,108,83,43,43,static_hotset+dyn,fp16,1
q0,0,3,decode,cuda:0,132,13,119,119,79,53,53,static_hotset+dyn,fp16,1
q0,0,3,decode,cuda:1,126,18,108,108,84,42,42,static_hotset+dyn,fp16,1
q0,0,4,decode,cuda:0,132,17,115,115,77,55,55,static_hotset+dyn,fp16,1
q0,0,4,decode,cuda:1,126,18,108,108,93,33,33,static_hotset+dyn,fp16,1
q0,0,5,decode,cuda:0,132,10,122,122,74,58,58,static_hotset+dyn,fp16,1
q0,0,5,decode,cuda:1,126,18,108,108,100,26,26,static_hotset+dyn,fp16,1
q0,0,6,decode,cuda:0,132,18,114,114,71,61,61,static_hotset+dyn,fp16,1
q0,0,6,decode,cuda:1,126,18,108,108,92,34,34,static_hotset+dyn,fp16,1
q0,0,7,decode,cuda:0,132,18,114,114,76,56,56,static_hotset+dyn,fp16,1
q0,0,7,decode,cuda:1,126,18,108,108,98,28,28,static_hotset+dyn,fp16,1
q0,0,8,decode,cuda:0,132,18,114,114,81,51,51,static_hotset+dyn,fp16,1
q0,0,8,decode,cuda:1,126,18,108,108,87,39,39,static_hotset+dyn,fp16,1
q0,0,9,decode,cuda:0,132,16,116,116,64,68,68,static_hotset+dyn,fp16,1
q0,0,9,decode,cuda:1,126,18,108,108,86,40,40,static_hotset+dyn,fp16,1
q0,0,10,decode,cuda:0,132,9,123,123,73,59,59,static_hotset+dyn,fp16,1
q0,0,10,decode,cuda:1,126,18,108,108,76,50,50,static_hotset+dyn,fp16,1
q0,0,11,decode,cuda:0,132,16,116,116,89,43,43,static_hotset+dyn,fp16,1
q0,0,11,decode,cuda:1,126,18,108,108,93,33,33,static_hotset+dyn,fp16,1
q0,0,12,decode,cuda:0,132,1,131,131,62,70,70,static_hotset+dyn,fp16,1
q0,0,12,decode,cuda:1,126,17,109,109,98,28,28,static_hotset+dyn,fp16,1
q0,0,13,decode,cuda:0,132,17,115,115,87,45,45,static_hotset+dyn,fp16,1
q0,0,13,decode,cuda:1,126,18,108,108,104,22,22,static_hotset+dyn,fp16,1
q0,0,14,decode,cuda:0,132,15,117,117,76,56,56,static_hotset+dyn,fp16,1
q0,0,14,decode,cuda:1,126,18,108,108,107,19,19,static_hotset+dyn,fp16,1
q0,0,15,decode,cuda:0,132,18,114,114,86,46,46,static_hotset+dyn,fp16,1
q0,0,15,decode,cuda:1,126,18,108,108,105,21,21,static_hotset+dyn,fp16,1
q0,0,0,prefill,pooled,1642,0,1642,1494,0,1642,278,static_hotset+dyn,fp16,1
q0,0,1,decode,pooled,258,20,238,238,162,96,96,static_hotset+dyn,fp16,1
q0,0,2,decode,pooled,258,34,224,224,152,106,106,static_hotset+dyn,fp16,1
q0,0,3,decode,pooled,258,31,227,227,163,95,95,static_hotset+dyn,fp16,1
q0,0,4,decode,pooled,258,35,223,223,170,88,88,static_hotset+dyn,fp16,1
q0,0,5,decode,pooled,258,28,230,230,174,84,84,static_hotset+dyn,fp16,1
q0,0,6,decode,pooled,258,36,222,222,163,95,95,static_hotset+dyn,fp16,1
q0,0,7,decode,pooled,258,36,222,222,174,84,84,static_hotset+dyn,fp16,1
q0,0,8,decode,pooled,258,36,222,222,168,90,90,static_hotset+dyn,fp16,1
q0,0,9,decode,pooled,258,34,224,224,150,108,108,static_hotset+dyn,fp16,1
q0,0,10,decode,pooled,258,27,231,231,149,109,109,static_hotset+dyn,fp16,1
q0,0,11,decode,pooled,258,34,224,224,182,76,76,static_hotset+dyn,fp16,1
q0,0,12,decode,pooled,258,18,240,240,160,98,98,static_hotset+dyn,fp16,1
q0,0,13,decode,pooled,258,35,223,223,191,67,67,static_hotset+dyn,fp16,1
q0,0,14,decode,pooled,258,33,225,225,183,75,75,static_hotset+dyn,fp16,1
q0,0,15,decode,pooled,258,36,222,222,191,67,67,static_hotset+dyn,fp16,1
q0,0,0,prefill,cuda:0,861,0,861,224,0,861,179,belady,fp16,1
q0,0,0,prefill,cuda:1,781,0,781,229,0,781,99,belady,fp16,1
q0,0,1,decode,cuda:0,132,74,58,54,83,49,49,belady,fp16,1
q0,0,1,decode,cuda:1,126,74,52,46,79,47,47,belady,fp16,1
q0,0,2,decode,cuda:0,132,9,123,85,69,63,63,belady,fp16,1
q0,0,2,decode,cuda:1,126,49,77,28,83,43,43,belady,fp16,1
q0,0,3,decode,cuda:0,132,63,69,23,79,53,53,belady,fp16,1
q0,0,3,decode,cuda:1,126,65,61,38,84,42,42,belady,fp16,1
q0,0,4,decode,cuda:0,132,50,82,32,77,55,55,belady,fp16,1
q0,0,4,decode,cuda:1,126,63,63,30,93,33,33,belady,fp16,1
q0,0,5,decode,cuda:0,132,45,87,19,74,58,58,belady,fp16,1
q0,0,5,decode,cuda:1,126,73,53,29,100,26,26,belady,fp16,1
q0,0,6,decode,cuda:0,132,47,85,38,71,61,61,belady,fp16,1
q0,0,6,decode,cuda:1,126,63,63,17,92,34,34,belady,fp16,1
q0,0,7,decode,cuda:0,132,67,65,32,76,56,56,belady,fp16,1
q0,0,7,decode,cuda:1,126,74,52,48,98,28,28,belady,fp16,1
q0,0,8,decode,cuda:0,132,63,69,46,81,51,51,belady,fp16,1
q0,0,8,decode,cuda:1,126,55,71,38,87,39,39,belady,fp16,1
q0,0,9,decode,cuda:0,132,50,82,62,64,68,68,belady,fp16,1
q0,0,9,decode,cuda:1,126,65,61,23,86,40,40,belady,fp16,1
q0,0,10,decode,cuda:0,132,50,82,42,73,59,59,belady,fp16,1
q0,0,10,decode,cuda:1,126,70,56,37,76,50,50,belady,fp16,1
q0,0,11,decode,cuda:0,132,58,74,52,89,43,43,belady,fp16,1
q0,0,11,decode,cuda:1,126,61,65,38,93,33,33,belady,fp16,1
q0,0,12,decode,cuda:0,132,18,114,108,62,70,70,belady,fp16,1
q0,0,12,decode,cuda:1,126,66,60,38,98,28,28,belady,fp16,1
q0,0,13,decode,cuda:0,132,53,79,63,87,45,45,belady,fp16,1
q0,0,13,decode,cuda:1,126,71,55,23,104,22,22,belady,fp16,1
q0,0,14,decode,cuda:0,132,61,71,54,76,56,56,belady,fp16,1
q0,0,14,decode,cuda:1,126,67,59,57,107,19,19,belady,fp16,1
q0,0,15,decode,cuda:0,132,55,77,77,86,46,46,belady,fp16,1
q0,0,15,decode,cuda:1,126,63,63,63,105,21,21,belady,fp16,1
q0,0,0,prefill,pooled,1642,0,1642,453,0,1642,278,belady,fp16,1
q0,0,1,decode,pooled,258,148,110,100,162,96,96,belady,fp16,1
q0,0,2,decode,pooled,258,58,200,113,152,106,106,belady,fp16,1
q0,0,3,decode,pooled,258,128,130,61,163,95,95,belady,fp16,1
q0,0,4,decode,pooled,258,113,145,62,170,88,88,belady,fp16,1
q0,0,5,decode,pooled,258,118,140,48,174,84,84,belady,fp16,1
q0,0,6,decode,pooled,258,110,148,55,163,95,95,belady,fp16,1
q0,0,7,decode,pooled,258,141,117,80,174,84,84,belady,fp16,1
q0,0,8,decode,pooled,258,118,140,84,168,90,90,belady,fp16,1
q0,0,9,decode,pooled,258,115,143,85,150,108,108,belady,fp16,1
q0,0,10,decode,pooled,258,120,138,79,149,109,109,belady,fp16,1
q0,0,11,decode,pooled,258,119,139,90,182,76,76,belady,fp16,1
q0,0,12,decode,pooled,258,84,174,146,160,98,98,belady,fp16,1
q0,0,13,decode,pooled,258,124,134,86,191,67,67,belady,fp16,1
q0,0,14,decode,pooled,258,128,130,111,183,75,75,belady,fp16,1
q0,0,15,decode,pooled,258,118,140,140,191,67,67,belady,fp16,1
