codec,vram_gib,ram_gib,ssd_gbps,pcie_gbps,per_expert_bytes,vram_hit_rate,ram_hit_rate,combined_hit_rate,ssd_miss_rate,ssd_bytes_per_token,h2d_bytes_per_token,decode_combined_hit_rate,decode_ssd_bytes_per_token,decode_h2d_bytes_per_token,vram_evictions,ram_evictions,storage_only_ceiling_tps,warm_start
MXFP4,2,4,1,16.0,13369344,0.0,0.1759,0.1759,0.8241,3745198899.2,4544685670.4,0.2318,2649803980.8,3449290752.0,4939,4202,0.377,True
MXFP4,2,4,2,16.0,13369344,0.0,0.1759,0.1759,0.8241,3745198899.2,4544685670.4,0.2318,2649803980.8,3449290752.0,4939,4202,0.755,True
MXFP4,2,4,3.5,16.0,13369344,0.0,0.1759,0.1759,0.8241,3745198899.2,4544685670.4,0.2318,2649803980.8,3449290752.0,4939,4202,1.321,True
MXFP4,2,4,5,16.0,13369344,0.0,0.1759,0.1759,0.8241,3745198899.2,4544685670.4,0.2318,2649803980.8,3449290752.0,4939,4202,1.887,True
MXFP4,2,4,7,16.0,13369344,0.0,0.1759,0.1759,0.8241,3745198899.2,4544685670.4,0.2318,2649803980.8,3449290752.0,4939,4202,2.642,True
MXFP4,2,4,10,16.0,13369344,0.0,0.1759,0.1759,0.8241,3745198899.2,4544685670.4,0.2318,2649803980.8,3449290752.0,4939,4202,3.774,True
MXFP4_cold,2,4,,,13369344,0.0,0.1759,0.1759,0.8241,2553544704.0,3098649320.7272725,,,,4939,3881,,False
MXFP4,2,8,1,16.0,13369344,0.0,0.3542,0.3542,0.6458,2935016652.8,4544685670.4,0.4667,1839621734.4,3449290752.0,4939,3292,0.544,True
MXFP4,2,8,2,16.0,13369344,0.0,0.3542,0.3542,0.6458,2935016652.8,4544685670.4,0.4667,1839621734.4,3449290752.0,4939,3292,1.087,True
MXFP4,2,8,3.5,16.0,13369344,0.0,0.3542,0.3542,0.6458,2935016652.8,4544685670.4,0.4667,1839621734.4,3449290752.0,4939,3292,1.903,True
MXFP4,2,8,5,16.0,13369344,0.0,0.3542,0.3542,0.6458,2935016652.8,4544685670.4,0.4667,1839621734.4,3449290752.0,4939,3292,2.718,True
MXFP4,2,8,7,16.0,13369344,0.0,0.3542,0.3542,0.6458,2935016652.8,4544685670.4,0.4667,1839621734.4,3449290752.0,4939,3292,3.805,True
MXFP4,2,8,10,16.0,13369344,0.0,0.3542,0.3542,0.6458,2935016652.8,4544685670.4,0.4667,1839621734.4,3449290752.0,4939,3292,4.639,True
MXFP4_cold,2,8,,,13369344,0.0,0.3542,0.3542,0.6458,2001147717.8181818,3098649320.7272725,,,,4939,2651,,False
MXFP4,2,12,1,16.0,13369344,0.0,0.4185,0.4185,0.5815,2642673664.0,4544685670.4,0.5514,1547278745.6,3449290752.0,4939,2965,0.646,True
MXFP4,2,12,2,16.0,13369344,0.0,0.4185,0.4185,0.5815,2642673664.0,4544685670.4,0.5514,1547278745.6,3449290752.0,4939,2965,1.293,True
MXFP4,2,12,3.5,16.0,13369344,0.0,0.4185,0.4185,0.5815,2642673664.0,4544685670.4,0.5514,1547278745.6,3449290752.0,4939,2965,2.262,True
MXFP4,2,12,5,16.0,13369344,0.0,0.4185,0.4185,0.5815,2642673664.0,4544685670.4,0.5514,1547278745.6,3449290752.0,4939,2965,3.231,True
MXFP4,2,12,7,16.0,13369344,0.0,0.4185,0.4185,0.5815,2642673664.0,4544685670.4,0.5514,1547278745.6,3449290752.0,4939,2965,4.524,True
MXFP4,2,12,10,16.0,13369344,0.0,0.4185,0.4185,0.5815,2642673664.0,4544685670.4,0.5514,1547278745.6,3449290752.0,4939,2965,4.639,True
MXFP4_cold,2,12,,,13369344,0.0,0.4185,0.4185,0.5815,1801822952.7272727,3098649320.7272725,,,,4939,2002,,False
MXFP4,2,16,1,16.0,13369344,0.0,0.7099,0.7099,0.2901,1318217318.4,4544685670.4,0.6178,1318217318.4,3449290752.0,4939,1423,0.759,True
MXFP4,2,16,2,16.0,13369344,0.0,0.7099,0.7099,0.2901,1318217318.4,4544685670.4,0.6178,1318217318.4,3449290752.0,4939,1423,1.517,True
MXFP4,2,16,3.5,16.0,13369344,0.0,0.7099,0.7099,0.2901,1318217318.4,4544685670.4,0.6178,1318217318.4,3449290752.0,4939,1423,2.655,True
MXFP4,2,16,5,16.0,13369344,0.0,0.7099,0.7099,0.2901,1318217318.4,4544685670.4,0.6178,1318217318.4,3449290752.0,4939,1423,3.793,True
MXFP4,2,16,7,16.0,13369344,0.0,0.7099,0.7099,0.2901,1318217318.4,4544685670.4,0.6178,1318217318.4,3449290752.0,4939,1423,4.639,True
MXFP4,2,16,10,16.0,13369344,0.0,0.7099,0.7099,0.2901,1318217318.4,4544685670.4,0.6178,1318217318.4,3449290752.0,4939,1423,4.639,True
MXFP4_cold,2,16,,,13369344,0.0,0.4689,0.4689,0.5311,1645644706.909091,3098649320.7272725,,,,4939,1423,,False
MXFP4,2,20,1,16.0,13369344,0.0,0.7394,0.7394,0.2606,1184523878.4,4544685670.4,0.6566,1184523878.4,3449290752.0,4939,952,0.844,True
MXFP4,2,20,2,16.0,13369344,0.0,0.7394,0.7394,0.2606,1184523878.4,4544685670.4,0.6566,1184523878.4,3449290752.0,4939,952,1.688,True
MXFP4,2,20,3.5,16.0,13369344,0.0,0.7394,0.7394,0.2606,1184523878.4,4544685670.4,0.6566,1184523878.4,3449290752.0,4939,952,2.955,True
MXFP4,2,20,5,16.0,13369344,0.0,0.7394,0.7394,0.2606,1184523878.4,4544685670.4,0.6566,1184523878.4,3449290752.0,4939,952,4.221,True
MXFP4,2,20,7,16.0,13369344,0.0,0.7394,0.7394,0.2606,1184523878.4,4544685670.4,0.6566,1184523878.4,3449290752.0,4939,952,4.639,True
MXFP4,2,20,10,16.0,13369344,0.0,0.7394,0.7394,0.2606,1184523878.4,4544685670.4,0.6566,1184523878.4,3449290752.0,4939,952,4.639,True
MXFP4_cold,2,20,,,13369344,0.0,0.4983,0.4983,0.5017,1554490088.7272727,3098649320.7272725,,,,4939,952,,False
MXFP4,4,4,1,16.0,13369344,0.2577,0.0041,0.2618,0.7382,3354814054.4,3373531136.0,0.345,2259419136.0,2278136217.6,3464,3764,0.443,True
MXFP4,4,4,2,16.0,13369344,0.2577,0.0041,0.2618,0.7382,3354814054.4,3373531136.0,0.345,2259419136.0,2278136217.6,3464,3764,0.885,True
MXFP4,4,4,3.5,16.0,13369344,0.2577,0.0041,0.2618,0.7382,3354814054.4,3373531136.0,0.345,2259419136.0,2278136217.6,3464,3764,1.549,True
MXFP4,4,4,5,16.0,13369344,0.2577,0.0041,0.2618,0.7382,3354814054.4,3373531136.0,0.345,2259419136.0,2278136217.6,3464,3764,2.213,True
MXFP4,4,4,7,16.0,13369344,0.2577,0.0041,0.2618,0.7382,3354814054.4,3373531136.0,0.345,2259419136.0,2278136217.6,3464,3764,3.098,True
MXFP4,4,4,10,16.0,13369344,0.2577,0.0041,0.2618,0.7382,3354814054.4,3373531136.0,0.345,2259419136.0,2278136217.6,3464,3764,4.426,True
MXFP4_cold,4,4,,,13369344,0.2577,0.0041,0.2618,0.7382,2287373218.909091,2300134865.4545455,,,,3464,3443,,False
MXFP4,4,8,1,16.0,13369344,0.2577,0.1198,0.3775,0.6225,2828953190.4,3373531136.0,0.4974,1733558272.0,2278136217.6,3464,3173,0.577,True
MXFP4,4,8,2,16.0,13369344,0.2577,0.1198,0.3775,0.6225,2828953190.4,3373531136.0,0.4974,1733558272.0,2278136217.6,3464,3173,1.154,True
MXFP4,4,8,3.5,16.0,13369344,0.2577,0.1198,0.3775,0.6225,2828953190.4,3373531136.0,0.4974,1733558272.0,2278136217.6,3464,3173,2.019,True
MXFP4,4,8,5,16.0,13369344,0.2577,0.1198,0.3775,0.6225,2828953190.4,3373531136.0,0.4974,1733558272.0,2278136217.6,3464,3173,2.884,True
MXFP4,4,8,7,16.0,13369344,0.2577,0.1198,0.3775,0.6225,2828953190.4,3373531136.0,0.4974,1733558272.0,2278136217.6,3464,3173,4.038,True
MXFP4,4,8,10,16.0,13369344,0.2577,0.1198,0.3775,0.6225,2828953190.4,3373531136.0,0.4974,1733558272.0,2278136217.6,3464,3173,5.768,True
MXFP4_cold,4,8,,,13369344,0.2577,0.1198,0.3775,0.6225,1928831720.7272727,2300134865.4545455,,,,3464,2532,,False
MXFP4,4,12,1,16.0,13369344,0.2577,0.1757,0.4334,0.5666,2574935654.4,3373531136.0,0.5711,1479540736.0,2278136217.6,3464,2889,0.676,True
MXFP4,4,12,2,16.0,13369344,0.2577,0.1757,0.4334,0.5666,2574935654.4,3373531136.0,0.5711,1479540736.0,2278136217.6,3464,2889,1.352,True
MXFP4,4,12,3.5,16.0,13369344,0.2577,0.1757,0.4334,0.5666,2574935654.4,3373531136.0,0.5711,1479540736.0,2278136217.6,3464,2889,2.366,True
MXFP4,4,12,5,16.0,13369344,0.2577,0.1757,0.4334,0.5666,2574935654.4,3373531136.0,0.5711,1479540736.0,2278136217.6,3464,2889,3.379,True
MXFP4,4,12,7,16.0,13369344,0.2577,0.1757,0.4334,0.5666,2574935654.4,3373531136.0,0.5711,1479540736.0,2278136217.6,3464,2889,4.731,True
MXFP4,4,12,10,16.0,13369344,0.2577,0.1757,0.4334,0.5666,2574935654.4,3373531136.0,0.5711,1479540736.0,2278136217.6,3464,2889,6.759,True
MXFP4_cold,4,12,,,13369344,0.2577,0.1757,0.4334,0.5666,1755637946.1818182,2300134865.4545455,,,,3464,1926,,False
MXFP4,4,16,1,16.0,13369344,0.2577,0.4624,0.7201,0.2799,1271870259.2,3373531136.0,0.6313,1271870259.2,2278136217.6,3464,1371,0.786,True
MXFP4,4,16,2,16.0,13369344,0.2577,0.4624,0.7201,0.2799,1271870259.2,3373531136.0,0.6313,1271870259.2,2278136217.6,3464,1371,1.572,True
MXFP4,4,16,3.5,16.0,13369344,0.2577,0.4624,0.7201,0.2799,1271870259.2,3373531136.0,0.6313,1271870259.2,2278136217.6,3464,1371,2.752,True
MXFP4,4,16,5,16.0,13369344,0.2577,0.4624,0.7201,0.2799,1271870259.2,3373531136.0,0.6313,1271870259.2,2278136217.6,3464,1371,3.931,True
MXFP4,4,16,7,16.0,13369344,0.2577,0.4624,0.7201,0.2799,1271870259.2,3373531136.0,0.6313,1271870259.2,2278136217.6,3464,1371,5.504,True
MXFP4,4,16,10,16.0,13369344,0.2577,0.4624,0.7201,0.2799,1271870259.2,3373531136.0,0.6313,1271870259.2,2278136217.6,3464,1371,7.023,True
MXFP4_cold,4,16,,,13369344,0.2577,0.2214,0.4791,0.5209,1614044439.2727273,2300134865.4545455,,,,3464,1371,,False
MXFP4,4,20,1,16.0,13369344,0.2577,0.4877,0.7454,0.2546,1156893900.8,3373531136.0,0.6646,1156893900.8,2278136217.6,3464,921,0.864,True
MXFP4,4,20,2,16.0,13369344,0.2577,0.4877,0.7454,0.2546,1156893900.8,3373531136.0,0.6646,1156893900.8,2278136217.6,3464,921,1.729,True
MXFP4,4,20,3.5,16.0,13369344,0.2577,0.4877,0.7454,0.2546,1156893900.8,3373531136.0,0.6646,1156893900.8,2278136217.6,3464,921,3.025,True
MXFP4,4,20,5,16.0,13369344,0.2577,0.4877,0.7454,0.2546,1156893900.8,3373531136.0,0.6646,1156893900.8,2278136217.6,3464,921,4.322,True
MXFP4,4,20,7,16.0,13369344,0.2577,0.4877,0.7454,0.2546,1156893900.8,3373531136.0,0.6646,1156893900.8,2278136217.6,3464,921,6.051,True
MXFP4,4,20,10,16.0,13369344,0.2577,0.4877,0.7454,0.2546,1156893900.8,3373531136.0,0.6646,1156893900.8,2278136217.6,3464,921,7.023,True
MXFP4_cold,4,20,,,13369344,0.2577,0.2467,0.5044,0.4956,1535651467.6363637,2300134865.4545455,,,,3464,921,,False
MXFP4,6,4,1,16.0,13369344,0.3269,0.0,0.3269,0.6731,3058905907.2,3058905907.2,0.4307,1963510988.8,1963510988.8,2951,3432,0.509,True
MXFP4,6,4,2,16.0,13369344,0.3269,0.0,0.3269,0.6731,3058905907.2,3058905907.2,0.4307,1963510988.8,1963510988.8,2951,3432,1.019,True
MXFP4,6,4,3.5,16.0,13369344,0.3269,0.0,0.3269,0.6731,3058905907.2,3058905907.2,0.4307,1963510988.8,1963510988.8,2951,3432,1.783,True
MXFP4,6,4,5,16.0,13369344,0.3269,0.0,0.3269,0.6731,3058905907.2,3058905907.2,0.4307,1963510988.8,1963510988.8,2951,3432,2.546,True
MXFP4,6,4,7,16.0,13369344,0.3269,0.0,0.3269,0.6731,3058905907.2,3058905907.2,0.4307,1963510988.8,1963510988.8,2951,3432,3.565,True
MXFP4,6,4,10,16.0,13369344,0.3269,0.0,0.3269,0.6731,3058905907.2,3058905907.2,0.4307,1963510988.8,1963510988.8,2951,3432,5.093,True
MXFP4_cold,6,4,,,13369344,0.3269,0.0,0.3269,0.6731,2085617664.0,2085617664.0,,,,2951,3111,,False
MXFP4,6,8,1,16.0,13369344,0.3269,0.063,0.3899,0.6101,2772801945.6,3058905907.2,0.5137,1677407027.2,1963510988.8,2951,3110,0.596,True
MXFP4,6,8,2,16.0,13369344,0.3269,0.063,0.3899,0.6101,2772801945.6,3058905907.2,0.5137,1677407027.2,1963510988.8,2951,3110,1.192,True
MXFP4,6,8,3.5,16.0,13369344,0.3269,0.063,0.3899,0.6101,2772801945.6,3058905907.2,0.5137,1677407027.2,1963510988.8,2951,3110,2.087,True
MXFP4,6,8,5,16.0,13369344,0.3269,0.063,0.3899,0.6101,2772801945.6,3058905907.2,0.5137,1677407027.2,1963510988.8,2951,3110,2.981,True
MXFP4,6,8,7,16.0,13369344,0.3269,0.063,0.3899,0.6101,2772801945.6,3058905907.2,0.5137,1677407027.2,1963510988.8,2951,3110,4.173,True
MXFP4,6,8,10,16.0,13369344,0.3269,0.063,0.3899,0.6101,2772801945.6,3058905907.2,0.5137,1677407027.2,1963510988.8,2951,3110,5.962,True
MXFP4_cold,6,8,,,13369344,0.3269,0.063,0.3899,0.6101,1890546781.090909,2085617664.0,,,,2951,2469,,False
MXFP4,6,12,1,16.0,13369344,0.3269,0.1134,0.4403,0.5597,2543740518.4,3058905907.2,0.5801,1448345600.0,1963510988.8,2951,2854,0.69,True
MXFP4,6,12,2,16.0,13369344,0.3269,0.1134,0.4403,0.5597,2543740518.4,3058905907.2,0.5801,1448345600.0,1963510988.8,2951,2854,1.381,True
MXFP4,6,12,3.5,16.0,13369344,0.3269,0.1134,0.4403,0.5597,2543740518.4,3058905907.2,0.5801,1448345600.0,1963510988.8,2951,2854,2.417,True
MXFP4,6,12,5,16.0,13369344,0.3269,0.1134,0.4403,0.5597,2543740518.4,3058905907.2,0.5801,1448345600.0,1963510988.8,2951,2854,3.452,True
MXFP4,6,12,7,16.0,13369344,0.3269,0.1134,0.4403,0.5597,2543740518.4,3058905907.2,0.5801,1448345600.0,1963510988.8,2951,2854,4.833,True
MXFP4,6,12,10,16.0,13369344,0.3269,0.1134,0.4403,0.5597,2543740518.4,3058905907.2,0.5801,1448345600.0,1963510988.8,2951,2854,6.904,True
MXFP4_cold,6,12,,,13369344,0.3269,0.1134,0.4403,0.5597,1734368535.2727273,2085617664.0,,,,2951,1891,,False
MXFP4,6,16,1,16.0,13369344,0.3269,0.3983,0.7252,0.2748,1248696729.6,3058905907.2,0.638,1248696729.6,1963510988.8,2951,1345,0.801,True
MXFP4,6,16,2,16.0,13369344,0.3269,0.3983,0.7252,0.2748,1248696729.6,3058905907.2,0.638,1248696729.6,1963510988.8,2951,1345,1.602,True
MXFP4,6,16,3.5,16.0,13369344,0.3269,0.3983,0.7252,0.2748,1248696729.6,3058905907.2,0.638,1248696729.6,1963510988.8,2951,1345,2.803,True
MXFP4,6,16,5,16.0,13369344,0.3269,0.3983,0.7252,0.2748,1248696729.6,3058905907.2,0.638,1248696729.6,1963510988.8,2951,1345,4.004,True
MXFP4,6,16,7,16.0,13369344,0.3269,0.3983,0.7252,0.2748,1248696729.6,3058905907.2,0.638,1248696729.6,1963510988.8,2951,1345,5.606,True
MXFP4,6,16,10,16.0,13369344,0.3269,0.3983,0.7252,0.2748,1248696729.6,3058905907.2,0.638,1248696729.6,1963510988.8,2951,1345,8.008,True
MXFP4_cold,6,16,,,13369344,0.3269,0.1573,0.4842,0.5158,1598244305.4545455,2085617664.0,,,,2951,1345,,False
MXFP4,6,20,1,16.0,13369344,0.3269,0.4209,0.7478,0.2522,1146198425.6,3058905907.2,0.6677,1146198425.6,1963510988.8,2951,909,0.872,True
MXFP4,6,20,2,16.0,13369344,0.3269,0.4209,0.7478,0.2522,1146198425.6,3058905907.2,0.6677,1146198425.6,1963510988.8,2951,909,1.745,True
MXFP4,6,20,3.5,16.0,13369344,0.3269,0.4209,0.7478,0.2522,1146198425.6,3058905907.2,0.6677,1146198425.6,1963510988.8,2951,909,3.054,True
MXFP4,6,20,5,16.0,13369344,0.3269,0.4209,0.7478,0.2522,1146198425.6,3058905907.2,0.6677,1146198425.6,1963510988.8,2951,909,4.362,True
MXFP4,6,20,7,16.0,13369344,0.3269,0.4209,0.7478,0.2522,1146198425.6,3058905907.2,0.6677,1146198425.6,1963510988.8,2951,909,6.107,True
MXFP4,6,20,10,16.0,13369344,0.3269,0.4209,0.7478,0.2522,1146198425.6,3058905907.2,0.6677,1146198425.6,1963510988.8,2951,909,8.149,True
MXFP4_cold,6,20,,,13369344,0.3269,0.1798,0.5068,0.4932,1528359098.1818182,2085617664.0,,,,2951,909,,False
MXFP4,8,4,1,16.0,13369344,0.404,0.0,0.404,0.596,2708629094.4,2708629094.4,0.5323,1613234176.0,1613234176.0,2397,3039,0.62,True
MXFP4,8,4,2,16.0,13369344,0.404,0.0,0.404,0.596,2708629094.4,2708629094.4,0.5323,1613234176.0,1613234176.0,2397,3039,1.24,True
MXFP4,8,4,3.5,16.0,13369344,0.404,0.0,0.404,0.596,2708629094.4,2708629094.4,0.5323,1613234176.0,1613234176.0,2397,3039,2.17,True
MXFP4,8,4,5,16.0,13369344,0.404,0.0,0.404,0.596,2708629094.4,2708629094.4,0.5323,1613234176.0,1613234176.0,2397,3039,3.099,True
MXFP4,8,4,7,16.0,13369344,0.404,0.0,0.404,0.596,2708629094.4,2708629094.4,0.5323,1613234176.0,1613234176.0,2397,3039,4.339,True
MXFP4,8,4,10,16.0,13369344,0.404,0.0,0.404,0.596,2708629094.4,2708629094.4,0.5323,1613234176.0,1613234176.0,2397,3039,6.199,True
MXFP4_cold,8,4,,,13369344,0.404,0.0,0.404,0.596,1846792564.3636363,1846792564.3636363,,,,2397,2718,,False
MXFP4,8,8,1,16.0,13369344,0.404,0.011,0.415,0.585,2658716876.8,2708629094.4,0.5468,1563321958.4,1613234176.0,2397,2982,0.64,True
MXFP4,8,8,2,16.0,13369344,0.404,0.011,0.415,0.585,2658716876.8,2708629094.4,0.5468,1563321958.4,1613234176.0,2397,2982,1.279,True
MXFP4,8,8,3.5,16.0,13369344,0.404,0.011,0.415,0.585,2658716876.8,2708629094.4,0.5468,1563321958.4,1613234176.0,2397,2982,2.239,True
MXFP4,8,8,5,16.0,13369344,0.404,0.011,0.415,0.585,2658716876.8,2708629094.4,0.5468,1563321958.4,1613234176.0,2397,2982,3.198,True
MXFP4,8,8,7,16.0,13369344,0.404,0.011,0.415,0.585,2658716876.8,2708629094.4,0.5468,1563321958.4,1613234176.0,2397,2982,4.478,True
MXFP4,8,8,10,16.0,13369344,0.404,0.011,0.415,0.585,2658716876.8,2708629094.4,0.5468,1563321958.4,1613234176.0,2397,2982,6.397,True
MXFP4_cold,8,8,,,13369344,0.404,0.011,0.415,0.585,1812761506.909091,1846792564.3636363,,,,2397,2341,,False
MXFP4,8,12,1,16.0,13369344,0.404,0.0541,0.4581,0.5419,2462633164.8,2708629094.4,0.6036,1367238246.4,1613234176.0,2397,2763,0.731,True
MXFP4,8,12,2,16.0,13369344,0.404,0.0541,0.4581,0.5419,2462633164.8,2708629094.4,0.6036,1367238246.4,1613234176.0,2397,2763,1.463,True
MXFP4,8,12,3.5,16.0,13369344,0.404,0.0541,0.4581,0.5419,2462633164.8,2708629094.4,0.6036,1367238246.4,1613234176.0,2397,2763,2.56,True
MXFP4,8,12,5,16.0,13369344,0.404,0.0541,0.4581,0.5419,2462633164.8,2708629094.4,0.6036,1367238246.4,1613234176.0,2397,2763,3.657,True
MXFP4,8,12,7,16.0,13369344,0.404,0.0541,0.4581,0.5419,2462633164.8,2708629094.4,0.6036,1367238246.4,1613234176.0,2397,2763,5.12,True
MXFP4,8,12,10,16.0,13369344,0.404,0.0541,0.4581,0.5419,2462633164.8,2708629094.4,0.6036,1367238246.4,1613234176.0,2397,2763,7.314,True
MXFP4_cold,8,12,,,13369344,0.404,0.0541,0.4581,0.5419,1679068066.909091,1846792564.3636363,,,,2397,1800,,False
MXFP4,8,16,1,16.0,13369344,0.404,0.3346,0.7386,0.2614,1188089036.8,2708629094.4,0.6556,1188089036.8,1613234176.0,2397,1277,0.842,True
MXFP4,8,16,2,16.0,13369344,0.404,0.3346,0.7386,0.2614,1188089036.8,2708629094.4,0.6556,1188089036.8,1613234176.0,2397,1277,1.683,True
MXFP4,8,16,3.5,16.0,13369344,0.404,0.3346,0.7386,0.2614,1188089036.8,2708629094.4,0.6556,1188089036.8,1613234176.0,2397,1277,2.946,True
MXFP4,8,16,5,16.0,13369344,0.404,0.3346,0.7386,0.2614,1188089036.8,2708629094.4,0.6556,1188089036.8,1613234176.0,2397,1277,4.208,True
MXFP4,8,16,7,16.0,13369344,0.404,0.3346,0.7386,0.2614,1188089036.8,2708629094.4,0.6556,1188089036.8,1613234176.0,2397,1277,5.892,True
MXFP4,8,16,10,16.0,13369344,0.404,0.3346,0.7386,0.2614,1188089036.8,2708629094.4,0.6556,1188089036.8,1613234176.0,2397,1277,8.417,True
MXFP4_cold,8,16,,,13369344,0.404,0.0935,0.4975,0.5025,1556920878.5454545,1846792564.3636363,,,,2397,1277,,False
MXFP4,8,20,1,16.0,13369344,0.404,0.3518,0.7558,0.2442,1109655552.0,2708629094.4,0.6783,1109655552.0,1613234176.0,2397,868,0.901,True
MXFP4,8,20,2,16.0,13369344,0.404,0.3518,0.7558,0.2442,1109655552.0,2708629094.4,0.6783,1109655552.0,1613234176.0,2397,868,1.802,True
MXFP4,8,20,3.5,16.0,13369344,0.404,0.3518,0.7558,0.2442,1109655552.0,2708629094.4,0.6783,1109655552.0,1613234176.0,2397,868,3.154,True
MXFP4,8,20,5,16.0,13369344,0.404,0.3518,0.7558,0.2442,1109655552.0,2708629094.4,0.6783,1109655552.0,1613234176.0,2397,868,4.506,True
MXFP4,8,20,7,16.0,13369344,0.404,0.3518,0.7558,0.2442,1109655552.0,2708629094.4,0.6783,1109655552.0,1613234176.0,2397,868,6.308,True
MXFP4,8,20,10,16.0,13369344,0.404,0.3518,0.7558,0.2442,1109655552.0,2708629094.4,0.6783,1109655552.0,1613234176.0,2397,868,9.012,True
MXFP4_cold,8,20,,,13369344,0.404,0.1108,0.5148,0.4852,1503443502.5454545,1846792564.3636363,,,,2397,868,,False
STQ1_0,2,4,1,16.0,4128768,0.333,0.1277,0.4607,0.5393,756940800.0,936129331.2,0.607,418657075.2,597845606.4,2881,2749,2.389,True
STQ1_0,2,4,2,16.0,4128768,0.333,0.1277,0.4607,0.5393,756940800.0,936129331.2,0.607,418657075.2,597845606.4,2881,2749,4.777,True
STQ1_0,2,4,3.5,16.0,4128768,0.333,0.1277,0.4607,0.5393,756940800.0,936129331.2,0.607,418657075.2,597845606.4,2881,2749,8.36,True
STQ1_0,2,4,5,16.0,4128768,0.333,0.1277,0.4607,0.5393,756940800.0,936129331.2,0.607,418657075.2,597845606.4,2881,2749,11.943,True
STQ1_0,2,4,7,16.0,4128768,0.333,0.1277,0.4607,0.5393,756940800.0,936129331.2,0.607,418657075.2,597845606.4,2881,2749,16.72,True
STQ1_0,2,4,10,16.0,4128768,0.333,0.1277,0.4607,0.5393,756940800.0,936129331.2,0.607,418657075.2,597845606.4,2881,2749,23.886,True
STQ1_0_cold,2,4,,,4128768,0.333,0.1277,0.4607,0.5393,516096000.0,638269998.5454545,,,,2881,1710,,False
STQ1_0,2,8,1,16.0,4128768,0.333,0.4407,0.7737,0.2263,317639884.8,936129331.2,0.7018,317639884.8,597845606.4,2881,303,3.148,True
STQ1_0,2,8,2,16.0,4128768,0.333,0.4407,0.7737,0.2263,317639884.8,936129331.2,0.7018,317639884.8,597845606.4,2881,303,6.296,True
STQ1_0,2,8,3.5,16.0,4128768,0.333,0.4407,0.7737,0.2263,317639884.8,936129331.2,0.7018,317639884.8,597845606.4,2881,303,11.019,True
STQ1_0,2,8,5,16.0,4128768,0.333,0.4407,0.7737,0.2263,317639884.8,936129331.2,0.7018,317639884.8,597845606.4,2881,303,15.741,True
STQ1_0,2,8,7,16.0,4128768,0.333,0.4407,0.7737,0.2263,317639884.8,936129331.2,0.7018,317639884.8,597845606.4,2881,303,22.038,True
STQ1_0,2,8,10,16.0,4128768,0.333,0.4407,0.7737,0.2263,317639884.8,936129331.2,0.7018,317639884.8,597845606.4,2881,303,26.763,True
STQ1_0_cold,2,8,,,4128768,0.333,0.1996,0.5327,0.4673,447220642.90909094,638269998.5454545,,,,2881,303,,False
STQ1_0,2,12,1,16.0,4128768,0.333,0.4444,0.7774,0.2226,312410112.0,936129331.2,0.7067,312410112.0,597845606.4,2881,0,3.201,True
STQ1_0,2,12,2,16.0,4128768,0.333,0.4444,0.7774,0.2226,312410112.0,936129331.2,0.7067,312410112.0,597845606.4,2881,0,6.402,True
STQ1_0,2,12,3.5,16.0,4128768,0.333,0.4444,0.7774,0.2226,312410112.0,936129331.2,0.7067,312410112.0,597845606.4,2881,0,11.203,True
STQ1_0,2,12,5,16.0,4128768,0.333,0.4444,0.7774,0.2226,312410112.0,936129331.2,0.7067,312410112.0,597845606.4,2881,0,16.005,True
STQ1_0,2,12,7,16.0,4128768,0.333,0.4444,0.7774,0.2226,312410112.0,936129331.2,0.7067,312410112.0,597845606.4,2881,0,22.406,True
STQ1_0,2,12,10,16.0,4128768,0.333,0.4444,0.7774,0.2226,312410112.0,936129331.2,0.7067,312410112.0,597845606.4,2881,0,26.763,True
STQ1_0_cold,2,12,,,4128768,0.333,0.2034,0.5364,0.4636,443654888.72727275,638269998.5454545,,,,2881,0,,False
STQ1_0,2,16,1,16.0,4128768,0.333,0.4444,0.7774,0.2226,312410112.0,936129331.2,0.7067,312410112.0,597845606.4,2881,0,3.201,True
STQ1_0,2,16,2,16.0,4128768,0.333,0.4444,0.7774,0.2226,312410112.0,936129331.2,0.7067,312410112.0,597845606.4,2881,0,6.402,True
STQ1_0,2,16,3.5,16.0,4128768,0.333,0.4444,0.7774,0.2226,312410112.0,936129331.2,0.7067,312410112.0,597845606.4,2881,0,11.203,True
STQ1_0,2,16,5,16.0,4128768,0.333,0.4444,0.7774,0.2226,312410112.0,936129331.2,0.7067,312410112.0,597845606.4,2881,0,16.005,True
STQ1_0,2,16,7,16.0,4128768,0.333,0.4444,0.7774,0.2226,312410112.0,936129331.2,0.7067,312410112.0,597845606.4,2881,0,22.406,True
STQ1_0,2,16,10,16.0,4128768,0.333,0.4444,0.7774,0.2226,312410112.0,936129331.2,0.7067,312410112.0,597845606.4,2881,0,26.763,True
STQ1_0_cold,2,16,,,4128768,0.333,0.2034,0.5364,0.4636,443654888.72727275,638269998.5454545,,,,2881,0,,False
STQ1_0,2,20,1,16.0,4128768,0.333,0.4444,0.7774,0.2226,312410112.0,936129331.2,0.7067,312410112.0,597845606.4,2881,0,3.201,True
STQ1_0,2,20,2,16.0,4128768,0.333,0.4444,0.7774,0.2226,312410112.0,936129331.2,0.7067,312410112.0,597845606.4,2881,0,6.402,True
STQ1_0,2,20,3.5,16.0,4128768,0.333,0.4444,0.7774,0.2226,312410112.0,936129331.2,0.7067,312410112.0,597845606.4,2881,0,11.203,True
STQ1_0,2,20,5,16.0,4128768,0.333,0.4444,0.7774,0.2226,312410112.0,936129331.2,0.7067,312410112.0,597845606.4,2881,0,16.005,True
STQ1_0,2,20,7,16.0,4128768,0.333,0.4444,0.7774,0.2226,312410112.0,936129331.2,0.7067,312410112.0,597845606.4,2881,0,22.406,True
STQ1_0,2,20,10,16.0,4128768,0.333,0.4444,0.7774,0.2226,312410112.0,936129331.2,0.7067,312410112.0,597845606.4,2881,0,26.763,True
STQ1_0_cold,2,20,,,4128768,0.333,0.2034,0.5364,0.4636,443654888.72727275,638269998.5454545,,,,2881,0,,False
STQ1_0,4,4,1,16.0,4128768,0.4764,0.0124,0.4887,0.5113,717579878.4,734920704.0,0.6439,379296153.6,396636979.2,1630,2606,2.636,True
STQ1_0,4,4,2,16.0,4128768,0.4764,0.0124,0.4887,0.5113,717579878.4,734920704.0,0.6439,379296153.6,396636979.2,1630,2606,5.273,True
STQ1_0,4,4,3.5,16.0,4128768,0.4764,0.0124,0.4887,0.5113,717579878.4,734920704.0,0.6439,379296153.6,396636979.2,1630,2606,9.228,True
STQ1_0,4,4,5,16.0,4128768,0.4764,0.0124,0.4887,0.5113,717579878.4,734920704.0,0.6439,379296153.6,396636979.2,1630,2606,13.182,True
STQ1_0,4,4,7,16.0,4128768,0.4764,0.0124,0.4887,0.5113,717579878.4,734920704.0,0.6439,379296153.6,396636979.2,1630,2606,18.455,True
STQ1_0,4,4,10,16.0,4128768,0.4764,0.0124,0.4887,0.5113,717579878.4,734920704.0,0.6439,379296153.6,396636979.2,1630,2606,26.365,True
STQ1_0_cold,4,4,,,4128768,0.4764,0.0124,0.4887,0.5113,489259008.0,501082298.1818182,,,,1630,1567,,False
STQ1_0,4,8,1,16.0,4128768,0.4764,0.2991,0.7754,0.2246,315162624.0,734920704.0,0.7041,315162624.0,396636979.2,1630,294,3.173,True
STQ1_0,4,8,2,16.0,4128768,0.4764,0.2991,0.7754,0.2246,315162624.0,734920704.0,0.7041,315162624.0,396636979.2,1630,294,6.346,True
STQ1_0,4,8,3.5,16.0,4128768,0.4764,0.2991,0.7754,0.2246,315162624.0,734920704.0,0.7041,315162624.0,396636979.2,1630,294,11.105,True
STQ1_0,4,8,5,16.0,4128768,0.4764,0.2991,0.7754,0.2246,315162624.0,734920704.0,0.7041,315162624.0,396636979.2,1630,294,15.865,True
STQ1_0,4,8,7,16.0,4128768,0.4764,0.2991,0.7754,0.2246,315162624.0,734920704.0,0.7041,315162624.0,396636979.2,1630,294,22.211,True
STQ1_0,4,8,10,16.0,4128768,0.4764,0.2991,0.7754,0.2246,315162624.0,734920704.0,0.7041,315162624.0,396636979.2,1630,294,31.73,True
STQ1_0_cold,4,8,,,4128768,0.4764,0.0581,0.5344,0.4656,445531601.45454544,501082298.1818182,,,,1630,294,,False
STQ1_0,4,12,1,16.0,4128768,0.4764,0.301,0.7774,0.2226,312410112.0,734920704.0,0.7067,312410112.0,396636979.2,1630,0,3.201,True
STQ1_0,4,12,2,16.0,4128768,0.4764,0.301,0.7774,0.2226,312410112.0,734920704.0,0.7067,312410112.0,396636979.2,1630,0,6.402,True
STQ1_0,4,12,3.5,16.0,4128768,0.4764,0.301,0.7774,0.2226,312410112.0,734920704.0,0.7067,312410112.0,396636979.2,1630,0,11.203,True
STQ1_0,4,12,5,16.0,4128768,0.4764,0.301,0.7774,0.2226,312410112.0,734920704.0,0.7067,312410112.0,396636979.2,1630,0,16.005,True
STQ1_0,4,12,7,16.0,4128768,0.4764,0.301,0.7774,0.2226,312410112.0,734920704.0,0.7067,312410112.0,396636979.2,1630,0,22.406,True
STQ1_0,4,12,10,16.0,4128768,0.4764,0.301,0.7774,0.2226,312410112.0,734920704.0,0.7067,312410112.0,396636979.2,1630,0,32.009,True
STQ1_0_cold,4,12,,,4128768,0.4764,0.06,0.5364,0.4636,443654888.72727275,501082298.1818182,,,,1630,0,,False
STQ1_0,4,16,1,16.0,4128768,0.4764,0.301,0.7774,0.2226,312410112.0,734920704.0,0.7067,312410112.0,396636979.2,1630,0,3.201,True
STQ1_0,4,16,2,16.0,4128768,0.4764,0.301,0.7774,0.2226,312410112.0,734920704.0,0.7067,312410112.0,396636979.2,1630,0,6.402,True
STQ1_0,4,16,3.5,16.0,4128768,0.4764,0.301,0.7774,0.2226,312410112.0,734920704.0,0.7067,312410112.0,396636979.2,1630,0,11.203,True
STQ1_0,4,16,5,16.0,4128768,0.4764,0.301,0.7774,0.2226,312410112.0,734920704.0,0.7067,312410112.0,396636979.2,1630,0,16.005,True
STQ1_0,4,16,7,16.0,4128768,0.4764,0.301,0.7774,0.2226,312410112.0,734920704.0,0.7067,312410112.0,396636979.2,1630,0,22.406,True
STQ1_0,4,16,10,16.0,4128768,0.4764,0.301,0.7774,0.2226,312410112.0,734920704.0,0.7067,312410112.0,396636979.2,1630,0,32.009,True
STQ1_0_cold,4,16,,,4128768,0.4764,0.06,0.5364,0.4636,443654888.72727275,501082298.1818182,,,,1630,0,,False
STQ1_0,4,20,1,16.0,4128768,0.4764,0.301,0.7774,0.2226,312410112.0,734920704.0,0.7067,312410112.0,396636979.2,1630,0,3.201,True
STQ1_0,4,20,2,16.0,4128768,0.4764,0.301,0.7774,0.2226,312410112.0,734920704.0,0.7067,312410112.0,396636979.2,1630,0,6.402,True
STQ1_0,4,20,3.5,16.0,4128768,0.4764,0.301,0.7774,0.2226,312410112.0,734920704.0,0.7067,312410112.0,396636979.2,1630,0,11.203,True
STQ1_0,4,20,5,16.0,4128768,0.4764,0.301,0.7774,0.2226,312410112.0,734920704.0,0.7067,312410112.0,396636979.2,1630,0,16.005,True
STQ1_0,4,20,7,16.0,4128768,0.4764,0.301,0.7774,0.2226,312410112.0,734920704.0,0.7067,312410112.0,396636979.2,1630,0,22.406,True
STQ1_0,4,20,10,16.0,4128768,0.4764,0.301,0.7774,0.2226,312410112.0,734920704.0,0.7067,312410112.0,396636979.2,1630,0,32.009,True
STQ1_0_cold,4,20,,,4128768,0.4764,0.06,0.5364,0.4636,443654888.72727275,501082298.1818182,,,,1630,0,,False
STQ1_0,6,4,1,16.0,4128768,0.5219,0.0,0.5219,0.4781,671062425.6,671062425.6,0.6876,332778700.8,332778700.8,878,2437,3.005,True
STQ1_0,6,4,2,16.0,4128768,0.5219,0.0,0.5219,0.4781,671062425.6,671062425.6,0.6876,332778700.8,332778700.8,878,2437,6.01,True
STQ1_0,6,4,3.5,16.0,4128768,0.5219,0.0,0.5219,0.4781,671062425.6,671062425.6,0.6876,332778700.8,332778700.8,878,2437,10.518,True
STQ1_0,6,4,5,16.0,4128768,0.5219,0.0,0.5219,0.4781,671062425.6,671062425.6,0.6876,332778700.8,332778700.8,878,2437,15.025,True
STQ1_0,6,4,7,16.0,4128768,0.5219,0.0,0.5219,0.4781,671062425.6,671062425.6,0.6876,332778700.8,332778700.8,878,2437,21.035,True
STQ1_0,6,4,10,16.0,4128768,0.5219,0.0,0.5219,0.4781,671062425.6,671062425.6,0.6876,332778700.8,332778700.8,878,2437,30.05,True
STQ1_0_cold,6,4,,,4128768,0.5219,0.0,0.5219,0.4781,457542562.90909094,457542562.90909094,,,,878,1398,,False
STQ1_0,6,8,1,16.0,4128768,0.5219,0.2538,0.7756,0.2244,314887372.8,671062425.6,0.7044,314887372.8,332778700.8,878,293,3.176,True
STQ1_0,6,8,2,16.0,4128768,0.5219,0.2538,0.7756,0.2244,314887372.8,671062425.6,0.7044,314887372.8,332778700.8,878,293,6.351,True
STQ1_0,6,8,3.5,16.0,4128768,0.5219,0.2538,0.7756,0.2244,314887372.8,671062425.6,0.7044,314887372.8,332778700.8,878,293,11.115,True
STQ1_0,6,8,5,16.0,4128768,0.5219,0.2538,0.7756,0.2244,314887372.8,671062425.6,0.7044,314887372.8,332778700.8,878,293,15.879,True
STQ1_0,6,8,7,16.0,4128768,0.5219,0.2538,0.7756,0.2244,314887372.8,671062425.6,0.7044,314887372.8,332778700.8,878,293,22.23,True
STQ1_0,6,8,10,16.0,4128768,0.5219,0.2538,0.7756,0.2244,314887372.8,671062425.6,0.7044,314887372.8,332778700.8,878,293,31.757,True
STQ1_0_cold,6,8,,,4128768,0.5219,0.0127,0.5346,0.4654,445343930.1818182,457542562.90909094,,,,878,293,,False
STQ1_0,6,12,1,16.0,4128768,0.5219,0.2555,0.7774,0.2226,312410112.0,671062425.6,0.7067,312410112.0,332778700.8,878,0,3.201,True
STQ1_0,6,12,2,16.0,4128768,0.5219,0.2555,0.7774,0.2226,312410112.0,671062425.6,0.7067,312410112.0,332778700.8,878,0,6.402,True
STQ1_0,6,12,3.5,16.0,4128768,0.5219,0.2555,0.7774,0.2226,312410112.0,671062425.6,0.7067,312410112.0,332778700.8,878,0,11.203,True
STQ1_0,6,12,5,16.0,4128768,0.5219,0.2555,0.7774,0.2226,312410112.0,671062425.6,0.7067,312410112.0,332778700.8,878,0,16.005,True
STQ1_0,6,12,7,16.0,4128768,0.5219,0.2555,0.7774,0.2226,312410112.0,671062425.6,0.7067,312410112.0,332778700.8,878,0,22.406,True
STQ1_0,6,12,10,16.0,4128768,0.5219,0.2555,0.7774,0.2226,312410112.0,671062425.6,0.7067,312410112.0,332778700.8,878,0,32.009,True
STQ1_0_cold,6,12,,,4128768,0.5219,0.0145,0.5364,0.4636,443654888.72727275,457542562.90909094,,,,878,0,,False
STQ1_0,6,16,1,16.0,4128768,0.5219,0.2555,0.7774,0.2226,312410112.0,671062425.6,0.7067,312410112.0,332778700.8,878,0,3.201,True
STQ1_0,6,16,2,16.0,4128768,0.5219,0.2555,0.7774,0.2226,312410112.0,671062425.6,0.7067,312410112.0,332778700.8,878,0,6.402,True
STQ1_0,6,16,3.5,16.0,4128768,0.5219,0.2555,0.7774,0.2226,312410112.0,671062425.6,0.7067,312410112.0,332778700.8,878,0,11.203,True
STQ1_0,6,16,5,16.0,4128768,0.5219,0.2555,0.7774,0.2226,312410112.0,671062425.6,0.7067,312410112.0,332778700.8,878,0,16.005,True
STQ1_0,6,16,7,16.0,4128768,0.5219,0.2555,0.7774,0.2226,312410112.0,671062425.6,0.7067,312410112.0,332778700.8,878,0,22.406,True
STQ1_0,6,16,10,16.0,4128768,0.5219,0.2555,0.7774,0.2226,312410112.0,671062425.6,0.7067,312410112.0,332778700.8,878,0,32.009,True
STQ1_0_cold,6,16,,,4128768,0.5219,0.0145,0.5364,0.4636,443654888.72727275,457542562.90909094,,,,878,0,,False
STQ1_0,6,20,1,16.0,4128768,0.5219,0.2555,0.7774,0.2226,312410112.0,671062425.6,0.7067,312410112.0,332778700.8,878,0,3.201,True
STQ1_0,6,20,2,16.0,4128768,0.5219,0.2555,0.7774,0.2226,312410112.0,671062425.6,0.7067,312410112.0,332778700.8,878,0,6.402,True
STQ1_0,6,20,3.5,16.0,4128768,0.5219,0.2555,0.7774,0.2226,312410112.0,671062425.6,0.7067,312410112.0,332778700.8,878,0,11.203,True
STQ1_0,6,20,5,16.0,4128768,0.5219,0.2555,0.7774,0.2226,312410112.0,671062425.6,0.7067,312410112.0,332778700.8,878,0,16.005,True
STQ1_0,6,20,7,16.0,4128768,0.5219,0.2555,0.7774,0.2226,312410112.0,671062425.6,0.7067,312410112.0,332778700.8,878,0,22.406,True
STQ1_0,6,20,10,16.0,4128768,0.5219,0.2555,0.7774,0.2226,312410112.0,671062425.6,0.7067,312410112.0,332778700.8,878,0,32.009,True
STQ1_0_cold,6,20,,,4128768,0.5219,0.0145,0.5364,0.4636,443654888.72727275,457542562.90909094,,,,878,0,,False
STQ1_0,8,4,1,16.0,4128768,0.534,0.0,0.534,0.466,653996851.2,653996851.2,0.7036,315713126.4,315713126.4,296,2375,3.167,True
STQ1_0,8,4,2,16.0,4128768,0.534,0.0,0.534,0.466,653996851.2,653996851.2,0.7036,315713126.4,315713126.4,296,2375,6.335,True
STQ1_0,8,4,3.5,16.0,4128768,0.534,0.0,0.534,0.466,653996851.2,653996851.2,0.7036,315713126.4,315713126.4,296,2375,11.086,True
STQ1_0,8,4,5,16.0,4128768,0.534,0.0,0.534,0.466,653996851.2,653996851.2,0.7036,315713126.4,315713126.4,296,2375,15.837,True
STQ1_0,8,4,7,16.0,4128768,0.534,0.0,0.534,0.466,653996851.2,653996851.2,0.7036,315713126.4,315713126.4,296,2375,22.172,True
STQ1_0,8,4,10,16.0,4128768,0.534,0.0,0.534,0.466,653996851.2,653996851.2,0.7036,315713126.4,315713126.4,296,2375,31.674,True
STQ1_0_cold,8,4,,,4128768,0.534,0.0,0.534,0.466,445906944.0,445906944.0,,,,296,1336,,False
STQ1_0,8,8,1,16.0,4128768,0.534,0.2416,0.7756,0.2244,314887372.8,653996851.2,0.7044,314887372.8,315713126.4,296,293,3.176,True
STQ1_0,8,8,2,16.0,4128768,0.534,0.2416,0.7756,0.2244,314887372.8,653996851.2,0.7044,314887372.8,315713126.4,296,293,6.351,True
STQ1_0,8,8,3.5,16.0,4128768,0.534,0.2416,0.7756,0.2244,314887372.8,653996851.2,0.7044,314887372.8,315713126.4,296,293,11.115,True
STQ1_0,8,8,5,16.0,4128768,0.534,0.2416,0.7756,0.2244,314887372.8,653996851.2,0.7044,314887372.8,315713126.4,296,293,15.879,True
STQ1_0,8,8,7,16.0,4128768,0.534,0.2416,0.7756,0.2244,314887372.8,653996851.2,0.7044,314887372.8,315713126.4,296,293,22.23,True
STQ1_0,8,8,10,16.0,4128768,0.534,0.2416,0.7756,0.2244,314887372.8,653996851.2,0.7044,314887372.8,315713126.4,296,293,31.757,True
STQ1_0_cold,8,8,,,4128768,0.534,0.0006,0.5346,0.4654,445343930.1818182,445906944.0,,,,296,293,,False
STQ1_0,8,12,1,16.0,4128768,0.534,0.2434,0.7774,0.2226,312410112.0,653996851.2,0.7067,312410112.0,315713126.4,296,0,3.201,True
STQ1_0,8,12,2,16.0,4128768,0.534,0.2434,0.7774,0.2226,312410112.0,653996851.2,0.7067,312410112.0,315713126.4,296,0,6.402,True
STQ1_0,8,12,3.5,16.0,4128768,0.534,0.2434,0.7774,0.2226,312410112.0,653996851.2,0.7067,312410112.0,315713126.4,296,0,11.203,True
STQ1_0,8,12,5,16.0,4128768,0.534,0.2434,0.7774,0.2226,312410112.0,653996851.2,0.7067,312410112.0,315713126.4,296,0,16.005,True
STQ1_0,8,12,7,16.0,4128768,0.534,0.2434,0.7774,0.2226,312410112.0,653996851.2,0.7067,312410112.0,315713126.4,296,0,22.406,True
STQ1_0,8,12,10,16.0,4128768,0.534,0.2434,0.7774,0.2226,312410112.0,653996851.2,0.7067,312410112.0,315713126.4,296,0,32.009,True
STQ1_0_cold,8,12,,,4128768,0.534,0.0024,0.5364,0.4636,443654888.72727275,445906944.0,,,,296,0,,False
STQ1_0,8,16,1,16.0,4128768,0.534,0.2434,0.7774,0.2226,312410112.0,653996851.2,0.7067,312410112.0,315713126.4,296,0,3.201,True
STQ1_0,8,16,2,16.0,4128768,0.534,0.2434,0.7774,0.2226,312410112.0,653996851.2,0.7067,312410112.0,315713126.4,296,0,6.402,True
STQ1_0,8,16,3.5,16.0,4128768,0.534,0.2434,0.7774,0.2226,312410112.0,653996851.2,0.7067,312410112.0,315713126.4,296,0,11.203,True
STQ1_0,8,16,5,16.0,4128768,0.534,0.2434,0.7774,0.2226,312410112.0,653996851.2,0.7067,312410112.0,315713126.4,296,0,16.005,True
STQ1_0,8,16,7,16.0,4128768,0.534,0.2434,0.7774,0.2226,312410112.0,653996851.2,0.7067,312410112.0,315713126.4,296,0,22.406,True
STQ1_0,8,16,10,16.0,4128768,0.534,0.2434,0.7774,0.2226,312410112.0,653996851.2,0.7067,312410112.0,315713126.4,296,0,32.009,True
STQ1_0_cold,8,16,,,4128768,0.534,0.0024,0.5364,0.4636,443654888.72727275,445906944.0,,,,296,0,,False
STQ1_0,8,20,1,16.0,4128768,0.534,0.2434,0.7774,0.2226,312410112.0,653996851.2,0.7067,312410112.0,315713126.4,296,0,3.201,True
STQ1_0,8,20,2,16.0,4128768,0.534,0.2434,0.7774,0.2226,312410112.0,653996851.2,0.7067,312410112.0,315713126.4,296,0,6.402,True
STQ1_0,8,20,3.5,16.0,4128768,0.534,0.2434,0.7774,0.2226,312410112.0,653996851.2,0.7067,312410112.0,315713126.4,296,0,11.203,True
STQ1_0,8,20,5,16.0,4128768,0.534,0.2434,0.7774,0.2226,312410112.0,653996851.2,0.7067,312410112.0,315713126.4,296,0,16.005,True
STQ1_0,8,20,7,16.0,4128768,0.534,0.2434,0.7774,0.2226,312410112.0,653996851.2,0.7067,312410112.0,315713126.4,296,0,22.406,True
STQ1_0,8,20,10,16.0,4128768,0.534,0.2434,0.7774,0.2226,312410112.0,653996851.2,0.7067,312410112.0,315713126.4,296,0,32.009,True
STQ1_0_cold,8,20,,,4128768,0.534,0.0024,0.5364,0.4636,443654888.72727275,445906944.0,,,,296,0,,False
IQ2_XXS,2,4,1,16.0,6488064,0.2583,0.1216,0.3799,0.6201,1367683891.2,1635857203.2,0.5005,836095180.8,1104268492.8,3452,3162,1.196,True
IQ2_XXS,2,4,2,16.0,6488064,0.2583,0.1216,0.3799,0.6201,1367683891.2,1635857203.2,0.5005,836095180.8,1104268492.8,3452,3162,2.392,True
IQ2_XXS,2,4,3.5,16.0,6488064,0.2583,0.1216,0.3799,0.6201,1367683891.2,1635857203.2,0.5005,836095180.8,1104268492.8,3452,3162,4.186,True
IQ2_XXS,2,4,5,16.0,6488064,0.2583,0.1216,0.3799,0.6201,1367683891.2,1635857203.2,0.5005,836095180.8,1104268492.8,3452,3162,5.98,True
IQ2_XXS,2,4,7,16.0,6488064,0.2583,0.1216,0.3799,0.6201,1367683891.2,1635857203.2,0.5005,836095180.8,1104268492.8,3452,3162,8.372,True
IQ2_XXS,2,4,10,16.0,6488064,0.2583,0.1216,0.3799,0.6201,1367683891.2,1635857203.2,0.5005,836095180.8,1104268492.8,3452,3162,11.96,True
IQ2_XXS_cold,2,4,,,6488064,0.2583,0.1216,0.3799,0.6201,932511744.0,1115357184.0,,,,3452,2501,,False
IQ2_XXS,2,8,1,16.0,6488064,0.2583,0.4699,0.7282,0.2718,599497113.6,1635857203.2,0.6419,599497113.6,1104268492.8,3452,1292,1.668,True
IQ2_XXS,2,8,2,16.0,6488064,0.2583,0.4699,0.7282,0.2718,599497113.6,1635857203.2,0.6419,599497113.6,1104268492.8,3452,1292,3.336,True
IQ2_XXS,2,8,3.5,16.0,6488064,0.2583,0.4699,0.7282,0.2718,599497113.6,1635857203.2,0.6419,599497113.6,1104268492.8,3452,1292,5.838,True
IQ2_XXS,2,8,5,16.0,6488064,0.2583,0.4699,0.7282,0.2718,599497113.6,1635857203.2,0.6419,599497113.6,1104268492.8,3452,1292,8.34,True
IQ2_XXS,2,8,7,16.0,6488064,0.2583,0.4699,0.7282,0.2718,599497113.6,1635857203.2,0.6419,599497113.6,1104268492.8,3452,1292,11.676,True
IQ2_XXS,2,8,10,16.0,6488064,0.2583,0.4699,0.7282,0.2718,599497113.6,1635857203.2,0.6419,599497113.6,1104268492.8,3452,1292,14.489,True
IQ2_XXS_cold,2,8,,,6488064,0.2583,0.2289,0.4872,0.5128,771194880.0,1115357184.0,,,,3452,1292,,False
IQ2_XXS,2,12,1,16.0,6488064,0.2583,0.5097,0.768,0.232,511691980.8,1635857203.2,0.6943,511691980.8,1104268492.8,3452,427,1.954,True
IQ2_XXS,2,12,2,16.0,6488064,0.2583,0.5097,0.768,0.232,511691980.8,1635857203.2,0.6943,511691980.8,1104268492.8,3452,427,3.909,True
IQ2_XXS,2,12,3.5,16.0,6488064,0.2583,0.5097,0.768,0.232,511691980.8,1635857203.2,0.6943,511691980.8,1104268492.8,3452,427,6.84,True
IQ2_XXS,2,12,5,16.0,6488064,0.2583,0.5097,0.768,0.232,511691980.8,1635857203.2,0.6943,511691980.8,1104268492.8,3452,427,9.772,True
IQ2_XXS,2,12,7,16.0,6488064,0.2583,0.5097,0.768,0.232,511691980.8,1635857203.2,0.6943,511691980.8,1104268492.8,3452,427,13.68,True
IQ2_XXS,2,12,10,16.0,6488064,0.2583,0.5097,0.768,0.232,511691980.8,1635857203.2,0.6943,511691980.8,1104268492.8,3452,427,14.489,True
IQ2_XXS_cold,2,12,,,6488064,0.2583,0.2687,0.527,0.473,711327744.0,1115357184.0,,,,3452,427,,False
IQ2_XXS,2,16,1,16.0,6488064,0.2583,0.5191,0.7774,0.2226,490930176.0,1635857203.2,0.7067,490930176.0,1104268492.8,3452,0,2.037,True
IQ2_XXS,2,16,2,16.0,6488064,0.2583,0.5191,0.7774,0.2226,490930176.0,1635857203.2,0.7067,490930176.0,1104268492.8,3452,0,4.074,True
IQ2_XXS,2,16,3.5,16.0,6488064,0.2583,0.5191,0.7774,0.2226,490930176.0,1635857203.2,0.7067,490930176.0,1104268492.8,3452,0,7.129,True
IQ2_XXS,2,16,5,16.0,6488064,0.2583,0.5191,0.7774,0.2226,490930176.0,1635857203.2,0.7067,490930176.0,1104268492.8,3452,0,10.185,True
IQ2_XXS,2,16,7,16.0,6488064,0.2583,0.5191,0.7774,0.2226,490930176.0,1635857203.2,0.7067,490930176.0,1104268492.8,3452,0,14.259,True
IQ2_XXS,2,16,10,16.0,6488064,0.2583,0.5191,0.7774,0.2226,490930176.0,1635857203.2,0.7067,490930176.0,1104268492.8,3452,0,14.489,True
IQ2_XXS_cold,2,16,,,6488064,0.2583,0.2781,0.5364,0.4636,697171968.0,1115357184.0,,,,3452,0,,False
IQ2_XXS,2,20,1,16.0,6488064,0.2583,0.5191,0.7774,0.2226,490930176.0,1635857203.2,0.7067,490930176.0,1104268492.8,3452,0,2.037,True
IQ2_XXS,2,20,2,16.0,6488064,0.2583,0.5191,0.7774,0.2226,490930176.0,1635857203.2,0.7067,490930176.0,1104268492.8,3452,0,4.074,True
IQ2_XXS,2,20,3.5,16.0,6488064,0.2583,0.5191,0.7774,0.2226,490930176.0,1635857203.2,0.7067,490930176.0,1104268492.8,3452,0,7.129,True
IQ2_XXS,2,20,5,16.0,6488064,0.2583,0.5191,0.7774,0.2226,490930176.0,1635857203.2,0.7067,490930176.0,1104268492.8,3452,0,10.185,True
IQ2_XXS,2,20,7,16.0,6488064,0.2583,0.5191,0.7774,0.2226,490930176.0,1635857203.2,0.7067,490930176.0,1104268492.8,3452,0,14.259,True
IQ2_XXS,2,20,10,16.0,6488064,0.2583,0.5191,0.7774,0.2226,490930176.0,1635857203.2,0.7067,490930176.0,1104268492.8,3452,0,14.489,True
IQ2_XXS_cold,2,20,,,6488064,0.2583,0.2781,0.5364,0.4636,697171968.0,1115357184.0,,,,3452,0,,False
IQ2_XXS,4,4,1,16.0,6488064,0.4056,0.0141,0.4197,0.5803,1279878758.4,1311021465.6,0.553,748290048.0,779432755.2,2370,2959,1.336,True
IQ2_XXS,4,4,2,16.0,6488064,0.4056,0.0141,0.4197,0.5803,1279878758.4,1311021465.6,0.553,748290048.0,779432755.2,2370,2959,2.673,True
IQ2_XXS,4,4,3.5,16.0,6488064,0.4056,0.0141,0.4197,0.5803,1279878758.4,1311021465.6,0.553,748290048.0,779432755.2,2370,2959,4.677,True
IQ2_XXS,4,4,5,16.0,6488064,0.4056,0.0141,0.4197,0.5803,1279878758.4,1311021465.6,0.553,748290048.0,779432755.2,2370,2959,6.682,True
IQ2_XXS,4,4,7,16.0,6488064,0.4056,0.0141,0.4197,0.5803,1279878758.4,1311021465.6,0.553,748290048.0,779432755.2,2370,2959,9.355,True
IQ2_XXS,4,4,10,16.0,6488064,0.4056,0.0141,0.4197,0.5803,1279878758.4,1311021465.6,0.553,748290048.0,779432755.2,2370,2959,13.364,True
IQ2_XXS_cold,4,4,,,6488064,0.4056,0.0141,0.4197,0.5803,872644608.0,893878272.0,,,,2370,2298,,False
IQ2_XXS,4,8,1,16.0,6488064,0.4056,0.3358,0.7413,0.2587,570517094.4,1311021465.6,0.6592,570517094.4,779432755.2,2370,1225,1.753,True
IQ2_XXS,4,8,2,16.0,6488064,0.4056,0.3358,0.7413,0.2587,570517094.4,1311021465.6,0.6592,570517094.4,779432755.2,2370,1225,3.506,True
IQ2_XXS,4,8,3.5,16.0,6488064,0.4056,0.3358,0.7413,0.2587,570517094.4,1311021465.6,0.6592,570517094.4,779432755.2,2370,1225,6.135,True
IQ2_XXS,4,8,5,16.0,6488064,0.4056,0.3358,0.7413,0.2587,570517094.4,1311021465.6,0.6592,570517094.4,779432755.2,2370,1225,8.764,True
IQ2_XXS,4,8,7,16.0,6488064,0.4056,0.3358,0.7413,0.2587,570517094.4,1311021465.6,0.6592,570517094.4,779432755.2,2370,1225,12.27,True
IQ2_XXS,4,8,10,16.0,6488064,0.4056,0.3358,0.7413,0.2587,570517094.4,1311021465.6,0.6592,570517094.4,779432755.2,2370,1225,17.528,True
IQ2_XXS_cold,4,8,,,6488064,0.4056,0.0947,0.5003,0.4997,751435776.0,893878272.0,,,,2370,1225,,False
IQ2_XXS,4,12,1,16.0,6488064,0.4056,0.3663,0.7719,0.2281,503041228.8,1311021465.6,0.6995,503041228.8,779432755.2,2370,407,1.988,True
IQ2_XXS,4,12,2,16.0,6488064,0.4056,0.3663,0.7719,0.2281,503041228.8,1311021465.6,0.6995,503041228.8,779432755.2,2370,407,3.976,True
IQ2_XXS,4,12,3.5,16.0,6488064,0.4056,0.3663,0.7719,0.2281,503041228.8,1311021465.6,0.6995,503041228.8,779432755.2,2370,407,6.958,True
IQ2_XXS,4,12,5,16.0,6488064,0.4056,0.3663,0.7719,0.2281,503041228.8,1311021465.6,0.6995,503041228.8,779432755.2,2370,407,9.94,True
IQ2_XXS,4,12,7,16.0,6488064,0.4056,0.3663,0.7719,0.2281,503041228.8,1311021465.6,0.6995,503041228.8,779432755.2,2370,407,13.915,True
IQ2_XXS,4,12,10,16.0,6488064,0.4056,0.3663,0.7719,0.2281,503041228.8,1311021465.6,0.6995,503041228.8,779432755.2,2370,407,19.879,True
IQ2_XXS_cold,4,12,,,6488064,0.4056,0.1253,0.5309,0.4691,705429504.0,893878272.0,,,,2370,407,,False
IQ2_XXS,4,16,1,16.0,6488064,0.4056,0.3718,0.7774,0.2226,490930176.0,1311021465.6,0.7067,490930176.0,779432755.2,2370,0,2.037,True
IQ2_XXS,4,16,2,16.0,6488064,0.4056,0.3718,0.7774,0.2226,490930176.0,1311021465.6,0.7067,490930176.0,779432755.2,2370,0,4.074,True
IQ2_XXS,4,16,3.5,16.0,6488064,0.4056,0.3718,0.7774,0.2226,490930176.0,1311021465.6,0.7067,490930176.0,779432755.2,2370,0,7.129,True
IQ2_XXS,4,16,5,16.0,6488064,0.4056,0.3718,0.7774,0.2226,490930176.0,1311021465.6,0.7067,490930176.0,779432755.2,2370,0,10.185,True
IQ2_XXS,4,16,7,16.0,6488064,0.4056,0.3718,0.7774,0.2226,490930176.0,1311021465.6,0.7067,490930176.0,779432755.2,2370,0,14.259,True
IQ2_XXS,4,16,10,16.0,6488064,0.4056,0.3718,0.7774,0.2226,490930176.0,1311021465.6,0.7067,490930176.0,779432755.2,2370,0,20.369,True
IQ2_XXS_cold,4,16,,,6488064,0.4056,0.1308,0.5364,0.4636,697171968.0,893878272.0,,,,2370,0,,False
IQ2_XXS,4,20,1,16.0,6488064,0.4056,0.3718,0.7774,0.2226,490930176.0,1311021465.6,0.7067,490930176.0,779432755.2,2370,0,2.037,True
IQ2_XXS,4,20,2,16.0,6488064,0.4056,0.3718,0.7774,0.2226,490930176.0,1311021465.6,0.7067,490930176.0,779432755.2,2370,0,4.074,True
IQ2_XXS,4,20,3.5,16.0,6488064,0.4056,0.3718,0.7774,0.2226,490930176.0,1311021465.6,0.7067,490930176.0,779432755.2,2370,0,7.129,True
IQ2_XXS,4,20,5,16.0,6488064,0.4056,0.3718,0.7774,0.2226,490930176.0,1311021465.6,0.7067,490930176.0,779432755.2,2370,0,10.185,True
IQ2_XXS,4,20,7,16.0,6488064,0.4056,0.3718,0.7774,0.2226,490930176.0,1311021465.6,0.7067,490930176.0,779432755.2,2370,0,14.259,True
IQ2_XXS,4,20,10,16.0,6488064,0.4056,0.3718,0.7774,0.2226,490930176.0,1311021465.6,0.7067,490930176.0,779432755.2,2370,0,20.369,True
IQ2_XXS_cold,4,20,,,6488064,0.4056,0.1308,0.5364,0.4636,697171968.0,893878272.0,,,,2370,0,,False
IQ2_XXS,6,4,1,16.0,6488064,0.4693,0.0002,0.4695,0.5305,1170014208.0,1170446745.6,0.6186,638425497.6,638858035.2,1714,2705,1.566,True
IQ2_XXS,6,4,2,16.0,6488064,0.4693,0.0002,0.4695,0.5305,1170014208.0,1170446745.6,0.6186,638425497.6,638858035.2,1714,2705,3.133,True
IQ2_XXS,6,4,3.5,16.0,6488064,0.4693,0.0002,0.4695,0.5305,1170014208.0,1170446745.6,0.6186,638425497.6,638858035.2,1714,2705,5.482,True
IQ2_XXS,6,4,5,16.0,6488064,0.4693,0.0002,0.4695,0.5305,1170014208.0,1170446745.6,0.6186,638425497.6,638858035.2,1714,2705,7.832,True
IQ2_XXS,6,4,7,16.0,6488064,0.4693,0.0002,0.4695,0.5305,1170014208.0,1170446745.6,0.6186,638425497.6,638858035.2,1714,2705,10.964,True
IQ2_XXS,6,4,10,16.0,6488064,0.4693,0.0002,0.4695,0.5305,1170014208.0,1170446745.6,0.6186,638425497.6,638858035.2,1714,2705,15.664,True
IQ2_XXS_cold,6,4,,,6488064,0.4693,0.0002,0.4695,0.5305,797736960.0,798031872.0,,,,1714,2044,,False
IQ2_XXS,6,8,1,16.0,6488064,0.4693,0.2826,0.7519,0.2481,547160064.0,1170446745.6,0.6731,547160064.0,638858035.2,1714,1171,1.828,True
IQ2_XXS,6,8,2,16.0,6488064,0.4693,0.2826,0.7519,0.2481,547160064.0,1170446745.6,0.6731,547160064.0,638858035.2,1714,1171,3.655,True
IQ2_XXS,6,8,3.5,16.0,6488064,0.4693,0.2826,0.7519,0.2481,547160064.0,1170446745.6,0.6731,547160064.0,638858035.2,1714,1171,6.397,True
IQ2_XXS,6,8,5,16.0,6488064,0.4693,0.2826,0.7519,0.2481,547160064.0,1170446745.6,0.6731,547160064.0,638858035.2,1714,1171,9.138,True
IQ2_XXS,6,8,7,16.0,6488064,0.4693,0.2826,0.7519,0.2481,547160064.0,1170446745.6,0.6731,547160064.0,638858035.2,1714,1171,12.793,True
IQ2_XXS,6,8,10,16.0,6488064,0.4693,0.2826,0.7519,0.2481,547160064.0,1170446745.6,0.6731,547160064.0,638858035.2,1714,1171,18.276,True
IQ2_XXS_cold,6,8,,,6488064,0.4693,0.0416,0.5109,0.4891,735510528.0,798031872.0,,,,1714,1171,,False
IQ2_XXS,6,12,1,16.0,6488064,0.4693,0.3034,0.7727,0.2273,501311078.4,1170446745.6,0.7005,501311078.4,638858035.2,1714,403,1.995,True
IQ2_XXS,6,12,2,16.0,6488064,0.4693,0.3034,0.7727,0.2273,501311078.4,1170446745.6,0.7005,501311078.4,638858035.2,1714,403,3.99,True
IQ2_XXS,6,12,3.5,16.0,6488064,0.4693,0.3034,0.7727,0.2273,501311078.4,1170446745.6,0.7005,501311078.4,638858035.2,1714,403,6.982,True
IQ2_XXS,6,12,5,16.0,6488064,0.4693,0.3034,0.7727,0.2273,501311078.4,1170446745.6,0.7005,501311078.4,638858035.2,1714,403,9.974,True
IQ2_XXS,6,12,7,16.0,6488064,0.4693,0.3034,0.7727,0.2273,501311078.4,1170446745.6,0.7005,501311078.4,638858035.2,1714,403,13.963,True
IQ2_XXS,6,12,10,16.0,6488064,0.4693,0.3034,0.7727,0.2273,501311078.4,1170446745.6,0.7005,501311078.4,638858035.2,1714,403,19.948,True
IQ2_XXS_cold,6,12,,,6488064,0.4693,0.0624,0.5317,0.4683,704249856.0,798031872.0,,,,1714,403,,False
IQ2_XXS,6,16,1,16.0,6488064,0.4693,0.3081,0.7774,0.2226,490930176.0,1170446745.6,0.7067,490930176.0,638858035.2,1714,0,2.037,True
IQ2_XXS,6,16,2,16.0,6488064,0.4693,0.3081,0.7774,0.2226,490930176.0,1170446745.6,0.7067,490930176.0,638858035.2,1714,0,4.074,True
IQ2_XXS,6,16,3.5,16.0,6488064,0.4693,0.3081,0.7774,0.2226,490930176.0,1170446745.6,0.7067,490930176.0,638858035.2,1714,0,7.129,True
IQ2_XXS,6,16,5,16.0,6488064,0.4693,0.3081,0.7774,0.2226,490930176.0,1170446745.6,0.7067,490930176.0,638858035.2,1714,0,10.185,True
IQ2_XXS,6,16,7,16.0,6488064,0.4693,0.3081,0.7774,0.2226,490930176.0,1170446745.6,0.7067,490930176.0,638858035.2,1714,0,14.259,True
IQ2_XXS,6,16,10,16.0,6488064,0.4693,0.3081,0.7774,0.2226,490930176.0,1170446745.6,0.7067,490930176.0,638858035.2,1714,0,20.369,True
IQ2_XXS_cold,6,16,,,6488064,0.4693,0.0671,0.5364,0.4636,697171968.0,798031872.0,,,,1714,0,,False
IQ2_XXS,6,20,1,16.0,6488064,0.4693,0.3081,0.7774,0.2226,490930176.0,1170446745.6,0.7067,490930176.0,638858035.2,1714,0,2.037,True
IQ2_XXS,6,20,2,16.0,6488064,0.4693,0.3081,0.7774,0.2226,490930176.0,1170446745.6,0.7067,490930176.0,638858035.2,1714,0,4.074,True
IQ2_XXS,6,20,3.5,16.0,6488064,0.4693,0.3081,0.7774,0.2226,490930176.0,1170446745.6,0.7067,490930176.0,638858035.2,1714,0,7.129,True
IQ2_XXS,6,20,5,16.0,6488064,0.4693,0.3081,0.7774,0.2226,490930176.0,1170446745.6,0.7067,490930176.0,638858035.2,1714,0,10.185,True
IQ2_XXS,6,20,7,16.0,6488064,0.4693,0.3081,0.7774,0.2226,490930176.0,1170446745.6,0.7067,490930176.0,638858035.2,1714,0,14.259,True
IQ2_XXS,6,20,10,16.0,6488064,0.4693,0.3081,0.7774,0.2226,490930176.0,1170446745.6,0.7067,490930176.0,638858035.2,1714,0,20.369,True
IQ2_XXS_cold,6,20,,,6488064,0.4693,0.0671,0.5364,0.4636,697171968.0,798031872.0,,,,1714,0,,False
IQ2_XXS,8,4,1,16.0,6488064,0.5117,0.0,0.5117,0.4883,1077018624.0,1077018624.0,0.6742,545429913.6,545429913.6,1167,2490,1.833,True
IQ2_XXS,8,4,2,16.0,6488064,0.5117,0.0,0.5117,0.4883,1077018624.0,1077018624.0,0.6742,545429913.6,545429913.6,1167,2490,3.667,True
IQ2_XXS,8,4,3.5,16.0,6488064,0.5117,0.0,0.5117,0.4883,1077018624.0,1077018624.0,0.6742,545429913.6,545429913.6,1167,2490,6.417,True
IQ2_XXS,8,4,5,16.0,6488064,0.5117,0.0,0.5117,0.4883,1077018624.0,1077018624.0,0.6742,545429913.6,545429913.6,1167,2490,9.167,True
IQ2_XXS,8,4,7,16.0,6488064,0.5117,0.0,0.5117,0.4883,1077018624.0,1077018624.0,0.6742,545429913.6,545429913.6,1167,2490,12.834,True
IQ2_XXS,8,4,10,16.0,6488064,0.5117,0.0,0.5117,0.4883,1077018624.0,1077018624.0,0.6742,545429913.6,545429913.6,1167,2490,18.334,True
IQ2_XXS_cold,8,4,,,6488064,0.5117,0.0,0.5117,0.4883,734330880.0,734330880.0,,,,1167,1829,,False
IQ2_XXS,8,8,1,16.0,6488064,0.5117,0.2459,0.7576,0.2424,534616473.6,1077018624.0,0.6806,534616473.6,545429913.6,1167,1142,1.87,True
IQ2_XXS,8,8,2,16.0,6488064,0.5117,0.2459,0.7576,0.2424,534616473.6,1077018624.0,0.6806,534616473.6,545429913.6,1167,1142,3.741,True
IQ2_XXS,8,8,3.5,16.0,6488064,0.5117,0.2459,0.7576,0.2424,534616473.6,1077018624.0,0.6806,534616473.6,545429913.6,1167,1142,6.547,True
IQ2_XXS,8,8,5,16.0,6488064,0.5117,0.2459,0.7576,0.2424,534616473.6,1077018624.0,0.6806,534616473.6,545429913.6,1167,1142,9.352,True
IQ2_XXS,8,8,7,16.0,6488064,0.5117,0.2459,0.7576,0.2424,534616473.6,1077018624.0,0.6806,534616473.6,545429913.6,1167,1142,13.093,True
IQ2_XXS,8,8,10,16.0,6488064,0.5117,0.2459,0.7576,0.2424,534616473.6,1077018624.0,0.6806,534616473.6,545429913.6,1167,1142,18.705,True
IQ2_XXS_cold,8,8,,,6488064,0.5117,0.0049,0.5166,0.4834,726958080.0,734330880.0,,,,1167,1142,,False
IQ2_XXS,8,12,1,16.0,6488064,0.5117,0.2622,0.7739,0.2261,498715852.8,1077018624.0,0.7021,498715852.8,545429913.6,1167,397,2.005,True
IQ2_XXS,8,12,2,16.0,6488064,0.5117,0.2622,0.7739,0.2261,498715852.8,1077018624.0,0.7021,498715852.8,545429913.6,1167,397,4.01,True
IQ2_XXS,8,12,3.5,16.0,6488064,0.5117,0.2622,0.7739,0.2261,498715852.8,1077018624.0,0.7021,498715852.8,545429913.6,1167,397,7.018,True
IQ2_XXS,8,12,5,16.0,6488064,0.5117,0.2622,0.7739,0.2261,498715852.8,1077018624.0,0.7021,498715852.8,545429913.6,1167,397,10.026,True
IQ2_XXS,8,12,7,16.0,6488064,0.5117,0.2622,0.7739,0.2261,498715852.8,1077018624.0,0.7021,498715852.8,545429913.6,1167,397,14.036,True
IQ2_XXS,8,12,10,16.0,6488064,0.5117,0.2622,0.7739,0.2261,498715852.8,1077018624.0,0.7021,498715852.8,545429913.6,1167,397,20.051,True
IQ2_XXS_cold,8,12,,,6488064,0.5117,0.0212,0.5328,0.4672,702480384.0,734330880.0,,,,1167,397,,False
IQ2_XXS,8,16,1,16.0,6488064,0.5117,0.2657,0.7774,0.2226,490930176.0,1077018624.0,0.7067,490930176.0,545429913.6,1167,0,2.037,True
IQ2_XXS,8,16,2,16.0,6488064,0.5117,0.2657,0.7774,0.2226,490930176.0,1077018624.0,0.7067,490930176.0,545429913.6,1167,0,4.074,True
IQ2_XXS,8,16,3.5,16.0,6488064,0.5117,0.2657,0.7774,0.2226,490930176.0,1077018624.0,0.7067,490930176.0,545429913.6,1167,0,7.129,True
IQ2_XXS,8,16,5,16.0,6488064,0.5117,0.2657,0.7774,0.2226,490930176.0,1077018624.0,0.7067,490930176.0,545429913.6,1167,0,10.185,True
IQ2_XXS,8,16,7,16.0,6488064,0.5117,0.2657,0.7774,0.2226,490930176.0,1077018624.0,0.7067,490930176.0,545429913.6,1167,0,14.259,True
IQ2_XXS,8,16,10,16.0,6488064,0.5117,0.2657,0.7774,0.2226,490930176.0,1077018624.0,0.7067,490930176.0,545429913.6,1167,0,20.369,True
IQ2_XXS_cold,8,16,,,6488064,0.5117,0.0247,0.5364,0.4636,697171968.0,734330880.0,,,,1167,0,,False
IQ2_XXS,8,20,1,16.0,6488064,0.5117,0.2657,0.7774,0.2226,490930176.0,1077018624.0,0.7067,490930176.0,545429913.6,1167,0,2.037,True
IQ2_XXS,8,20,2,16.0,6488064,0.5117,0.2657,0.7774,0.2226,490930176.0,1077018624.0,0.7067,490930176.0,545429913.6,1167,0,4.074,True
IQ2_XXS,8,20,3.5,16.0,6488064,0.5117,0.2657,0.7774,0.2226,490930176.0,1077018624.0,0.7067,490930176.0,545429913.6,1167,0,7.129,True
IQ2_XXS,8,20,5,16.0,6488064,0.5117,0.2657,0.7774,0.2226,490930176.0,1077018624.0,0.7067,490930176.0,545429913.6,1167,0,10.185,True
IQ2_XXS,8,20,7,16.0,6488064,0.5117,0.2657,0.7774,0.2226,490930176.0,1077018624.0,0.7067,490930176.0,545429913.6,1167,0,14.259,True
IQ2_XXS,8,20,10,16.0,6488064,0.5117,0.2657,0.7774,0.2226,490930176.0,1077018624.0,0.7067,490930176.0,545429913.6,1167,0,20.369,True
IQ2_XXS_cold,8,20,,,6488064,0.5117,0.0247,0.5364,0.4636,697171968.0,734330880.0,,,,1167,0,,False
MIXED_60_30_10,8,16,swept,16.0,variable,0.5115,0.2659,0.7774,0.2226,288477556.3636364,659709207.2727273,,,,1232,0,,True
