trace,budget_gib,capacity_records,lru_hit,min_hit,lru_minus_min_pp,lru_evictions,che_hit,che_finite_hit,che_finite_error_pp,shuffled_lru_hit,coverage_stack,temporal_correlation_gain_pp,che_vs_shuffled_pp
sealed_dsv4,1,80,0.0,0.21572857423024122,-21.57285742302412,5019,0.07077944946258201,0.05509133736213653,5.509133736213653,0.05765836438517356,0.0,-5.765836438517356,1.3121085077408445
sealed_dsv4,2,160,0.0,0.35046087468131004,-35.046087468131006,4939,0.13747028494765484,0.10610641505385938,10.610641505385939,0.11453226122769171,0.0,-11.453226122769172,2.293802371996313
sealed_dsv4,4,321,0.25769758776230633,0.47166111002157285,-21.396352225926652,3464,0.25955606802139847,0.19663279395026784,-6.10647938120385,0.20651108060404,0.25769758776230633,5.118650715826634,5.304498741735847
sealed_dsv4,6,481,0.3269268484016474,0.5157874092959404,-18.8860560894293,2951,0.3655986630907223,0.27131603207093,-5.561081633071735,0.27927044518533045,0.3269268484016474,4.765640321631692,8.632821790539186
sealed_dsv4,8,642,0.4040007844675427,0.5363796822906453,-13.237889782310258,2397,0.45836386879657165,0.33253034612348037,-7.14704383440623,0.34026279662678954,0.4040007844675427,6.373798784075313,11.81010721697821
sealed_dsv4,10,803,0.43537948617375954,0.5363796822906453,-10.100019611688571,2076,0.5389969942520144,0.38161675653584765,-5.37627296379119,0.3928221219847029,0.43537948617375954,4.255736418905665,14.617487226731152
sealed_dsv4,12,963,0.4661698372229849,0.5363796822906453,-7.0209845067660375,1759,0.6091119609241639,0.4203658080546961,-4.58040291682888,0.42518140811923905,0.4661698372229849,4.098842910374584,18.393055280492483
sealed_dsv4,14,1124,0.48852716218866443,0.5363796822906453,-4.785252010198082,1484,0.6715037991271803,0.4511569592582311,-3.7370202930433303,0.4493037850558933,0.48852716218866443,3.922337713277113,22.2200014071287
sealed_dsv4,16,1285,0.50813885075505,0.5363796822906453,-2.82408315355952,1223,0.727303371776488,0.4753910176102525,-3.2747833144797567,0.4775446165914885,0.50813885075505,3.059423416356155,24.975875518499947
sealed_dsv4,20,1606,0.5232398509511669,0.5363796822906453,-1.313983133947838,825,0.8238306332447147,0.5089072933045695,-1.4332557646597355,0.5120611884683272,0.5232398509511669,1.1178662482839719,31.176944477638756
sealed_dsv4,24,1927,0.5314767601490489,0.5363796822906453,-0.49029221415963775,462,0.9057944642278175,0.5278862425529046,-0.35905175961442604,0.5293194744067464,0.5314767601490489,0.21572857423024505,37.64749898210711
sealed_dsv4,28,2248,0.5359874485193176,0.5363796822906453,-0.0392233771327688,118,0.976687622241261,0.5358179316854034,-0.016951683391419614,0.5361835654049814,0.5359874485193176,-0.01961168856637885,44.05040568362797
sealed_dsv4,32,2570,0.5363796822906453,0.5363796822906453,0.0,0,1.0000000000000173,0.5363796822906453,0.0,0.5363796822906453,0.5363796822906453,0.0,46.36203177093721
sealed_dsv4,40,3212,0.5363796822906453,0.5363796822906453,0.0,0,1.0000000000000173,0.5363796822906453,0.0,0.5363796822906453,0.5363796822906453,0.0,46.36203177093721
sealed_dsv4,48,3855,0.5363796822906453,0.5363796822906453,0.0,0,1.0000000000000173,0.5363796822906453,0.0,0.5363796822906453,0.5363796822906453,0.0,46.36203177093721
sealed_dsv4,64,5140,0.5363796822906453,0.5363796822906453,0.0,0,1.0000000000000173,0.5363796822906453,0.0,0.5363796822906453,0.5363796822906453,0.0,46.36203177093721
sealed_dsv4,96,7710,0.5363796822906453,0.5363796822906453,0.0,0,1.0000000000000173,0.5363796822906453,0.0,0.5363796822906453,0.5363796822906453,0.0,46.36203177093721
sealed_dsv4,147,11806,0.5363796822906453,0.5363796822906453,0.0,0,1.0000000000000173,0.5363796822906453,0.0,0.5363796822906453,0.5363796822906453,0.0,46.36203177093721
