family,loglik,ks_D,n_params,degenerate_to_geometric,profile,n_obs,n_categories,n_seen,zero_frac,source,aic,bic,s,q,geometric_decay_rate,geometric_decay_per_rank_pct,powerlaw_bend_rank,mu,sigma,loglik_poissonmix,ks_scale,layer,scope,well_supported,run_id
uniform,-47453.21917932278,0.7852470930233089,0,False,sealed_dsv4_pooled,5099,11008,2364,0.7852470930232558,dee.cpp/experiments/route_pipeline/fill-live-t4x2-20260909/routed_experts.jsonl,94906.43835864557,94906.43835864557,,,,,,,,,,,,,
zipf_pure,-40440.078696045864,0.2913424193680355,1,False,sealed_dsv4_pooled,5099,11008,2364,0.7852470930232558,dee.cpp/experiments/route_pipeline/fill-live-t4x2-20260909/routed_experts.jsonl,80882.15739209173,80888.69419181278,0.8192938521487362,0.0,,,,,,,,,,,
zipf_mandelbrot,-38379.41767108013,0.08789934026488117,2,True,sealed_dsv4_pooled,5099,11008,2364,0.7852470930232558,dee.cpp/experiments/route_pipeline/fill-live-t4x2-20260909/routed_experts.jsonl,76762.83534216027,76775.90894160238,528830643.9543178,361325586348.19293,0.0014635848219304013,0.14635848219304012,246877106768312.25,,,,,,,,
lognormal_rank,-38995.69686687732,0.14840893301431912,2,False,sealed_dsv4_pooled,5099,11008,2364,0.7852470930232558,dee.cpp/experiments/route_pipeline/fill-live-t4x2-20260909/routed_experts.jsonl,77995.39373375464,78008.46733319675,,,,,,1.4596845567226375,1.8373833731149969,,,,,,
poisson_lognormal,nan,0.3044512189836275,3,False,sealed_dsv4_pooled,5099,11008,2364,0.7852470930232558,dee.cpp/experiments/route_pipeline/fill-live-t4x2-20260909/routed_experts.jsonl,nan,nan,,,,,,-10.743162049582418,2.442132660012402,-9041.3281482373,shape_reference_only,,,,
uniform,-88646.9462264976,0.794628906250031,0,False,ornith_pooled,9600,10240,2103,0.79462890625,benchmark_reports/milestone-2.5/.../expert-trace.jsonl.gz route_selection,177293.8924529952,177293.8924529952,,,,,,,,,,,,,
zipf_pure,-75478.63878587386,0.2983484576908263,1,False,ornith_pooled,9600,10240,2103,0.79462890625,benchmark_reports/milestone-2.5/.../expert-trace.jsonl.gz route_selection,150959.27757174772,150966.44709012518,0.8206073846895542,0.0,,,,,,,,,,,
zipf_mandelbrot,-70030.96335785202,0.02804571255973909,2,True,ornith_pooled,9600,10240,2103,0.79462890625,benchmark_reports/milestone-2.5/.../expert-trace.jsonl.gz route_selection,140065.92671570403,140080.26575245894,16005118666.018957,8670907153357.319,0.001845841315440897,0.1845841315440897,4697536608820673.0,,,,,,,,
lognormal_rank,-72428.74281174183,0.1521285986918971,2,False,ornith_pooled,9600,10240,2103,0.79462890625,benchmark_reports/milestone-2.5/.../expert-trace.jsonl.gz route_selection,144861.48562348366,144875.82466023858,,,,,,1.4614147692918742,1.8556864953630283,,,,,,
poisson_lognormal,nan,0.7218700001884748,3,False,ornith_pooled,9600,10240,2103,0.79462890625,benchmark_reports/milestone-2.5/.../expert-trace.jsonl.gz route_selection,nan,nan,,,,,,-11.85632041851175,3.794145637429969,-10524.096563808484,shape_reference_only,,,,
uniform,-715.3278903378636,0.6210937500000013,0,False,layer00,129,256,97,0.62109375,sealed_dsv4,1430.655780675727,1430.655780675727,,,,,,,,,,0,layer,True,
zipf_pure,-643.7163335055939,0.28120106923361343,1,False,layer00,129,256,97,0.62109375,sealed_dsv4,1289.4326670111877,1292.2924794155495,0.7350314642657122,0.0,,,,,,,,0,layer,True,
zipf_mandelbrot,-603.8835212219923,0.08798095462624589,2,True,layer00,129,256,97,0.62109375,sealed_dsv4,1211.7670424439846,1217.486667252708,1342889802.153395,53982419165.283585,0.024876428713610066,2.4876428713610066,2170022867299.655,,,,,0,layer,True,
lognormal_rank,-621.6371919635169,0.17942781823491127,2,False,layer00,129,256,97,0.62109375,sealed_dsv4,1247.2743839270338,1252.9940087357572,,,,,,0.999187850952147,1.2352352903771056,,,0,layer,True,
poisson_lognormal,nan,0.4687832315761876,3,False,layer00,129,256,97,0.62109375,sealed_dsv4,nan,nan,,,,,,-5.58267410097661,0.38731239397514156,-240.71720558979425,shape_reference_only,0,layer,True,
uniform,-726.4182452268227,0.6132812500000011,0,False,layer01,131,256,99,0.61328125,sealed_dsv4,1452.8364904536454,1452.8364904536454,,,,,,,,,,1,layer,True,
zipf_pure,-644.953511175339,0.25999738904309533,1,False,layer01,131,256,99,0.61328125,sealed_dsv4,1291.907022350678,1294.7822196738791,0.7672056349756824,0.0,,,,,,,,1,layer,True,
zipf_mandelbrot,-612.3083595054959,0.09010805050154536,2,True,layer01,131,256,99,0.61328125,sealed_dsv4,1228.6167190109918,1234.3671136573942,15299847018.620409,610568244602.9559,0.02505837333313934,2.505837333313934,24365837178883.758,,,,,1,layer,True,
lognormal_rank,-624.6809745649196,0.16310142372129732,2,False,layer01,131,256,99,0.61328125,sealed_dsv4,1253.361949129839,1259.1123437762415,,,,,,1.0669604159693522,1.2799564204411837,,,1,layer,True,
poisson_lognormal,nan,0.31920776155259145,3,False,layer01,131,256,99,0.61328125,sealed_dsv4,nan,nan,,,,,,-5.689825389477416,0.7602480628196014,-244.31313623149796,shape_reference_only,1,layer,True,
uniform,-698.6923580044249,0.6132812499999979,0,False,layer02,126,256,99,0.61328125,sealed_dsv4,1397.3847160088499,1397.3847160088499,,,,,,,,,,2,layer,True,
zipf_pure,-632.143509815058,0.2828712205486499,1,False,layer02,126,256,99,0.61328125,sealed_dsv4,1266.287019630116,1269.1233015370674,0.7213584049611992,0.0,,,,,,,,2,layer,True,
zipf_mandelbrot,-594.8257251792411,0.09245718910648681,2,True,layer02,126,256,99,0.61328125,sealed_dsv4,1193.6514503584822,1199.3240141723852,524077772.7729272,21991631691.036995,0.02383078164166066,2.383078164166066,922824606499.3315,,,,,2,layer,True,
lognormal_rank,-611.0408376754997,0.18116715015605755,2,False,layer02,126,256,99,0.61328125,sealed_dsv4,1226.0816753509994,1231.7542391649024,,,,,,0.9736778259277323,1.2074272788127642,,,2,layer,True,
poisson_lognormal,nan,0.6132812460121604,3,False,layer02,126,256,99,0.61328125,sealed_dsv4,nan,nan,,,,,,-5.54517744814523,1.0429213976603387e-08,-234.8467418198734,shape_reference_only,2,layer,True,
uniform,-659.8761158930679,0.7812499999999999,0,False,layer03,119,256,56,0.78125,sealed_dsv4,1319.7522317861358,1319.7522317861358,,,,,,,,,,3,layer,True,
zipf_pure,-494.429690028334,0.21908171822155809,1,False,layer03,119,256,56,0.78125,sealed_dsv4,990.859380056668,993.6385035497796,1.0508133190003381,0.0,,,,,,,,3,layer,True,
zipf_mandelbrot,-458.89777534676205,0.05507709338494182,2,True,layer03,119,256,56,0.78125,sealed_dsv4,921.7955506935241,927.3537976797471,65477999.80312123,1138993306.0352154,0.05748760721961327,5.748760721961327,19812849431.774937,,,,,3,layer,True,
lognormal_rank,-475.754113661595,0.14455398220914806,2,False,layer03,119,256,56,0.78125,sealed_dsv4,955.50822732319,961.066474309413,,,,,,1.459565566480157,1.8812666018559638,,,3,layer,True,
poisson_lognormal,nan,0.2669518887372046,3,False,layer03,119,256,56,0.78125,sealed_dsv4,nan,nan,,,,,,-6.899041664823575,2.4267198814686535,-217.09551213449583,shape_reference_only,3,layer,True,
uniform,-637.6954061151497,0.7968749999999987,0,False,layer04,115,256,52,0.796875,sealed_dsv4,1275.3908122302994,1275.3908122302994,,,,,,,,,,4,layer,True,
zipf_pure,-457.02245425407244,0.20026678590677083,1,False,layer04,115,256,52,0.796875,sealed_dsv4,916.0449085081449,918.7898406365082,1.1070055752055916,0.0,,,,,,,,4,layer,True,
zipf_mandelbrot,-427.82945540981757,0.09009164331909805,2,True,layer04,115,256,52,0.796875,sealed_dsv4,859.6589108196351,865.1487750763616,161852015.65315473,2456895294.538592,0.0658766435887333,6.5876643588733295,37295392732.46744,,,,,4,layer,True,
lognormal_rank,-440.78809542041995,0.13256171894782853,2,False,layer04,115,256,52,0.796875,sealed_dsv4,885.5761908408399,891.0660550975664,,,,,,1.5395886421203575,2.000924406755664,,,4,layer,True,
poisson_lognormal,nan,0.3483642162098627,3,False,layer04,115,256,52,0.796875,sealed_dsv4,nan,nan,,,,,,-7.264330234571417,2.9126097958182684,-205.4061032360774,shape_reference_only,4,layer,True,
uniform,-654.3309384485883,0.7851562499999987,0,False,layer05,118,256,55,0.78515625,sealed_dsv4,1308.6618768971766,1308.6618768971766,,,,,,,,,,5,layer,True,
zipf_pure,-469.6959417198268,0.19363358835436129,1,False,layer05,118,256,55,0.78515625,sealed_dsv4,941.3918834396536,944.1625680641192,1.1050549453096639,0.0,,,,,,,,5,layer,True,
zipf_mandelbrot,-444.7054011906306,0.08309482333549034,2,True,layer05,118,256,55,0.78515625,sealed_dsv4,893.4108023812612,898.9521716301925,41136591949.47447,655581964181.7002,0.06274820571188428,6.274820571188427,10447820088942.166,,,,,5,layer,True,
lognormal_rank,-453.5283996272036,0.12520804895589832,2,False,layer05,118,256,55,0.78515625,sealed_dsv4,911.0567992544072,916.5981685033386,,,,,,1.482195168733594,1.9933155301942076,,,5,layer,True,
poisson_lognormal,nan,0.2316561807018932,3,False,layer05,118,256,55,0.78515625,sealed_dsv4,nan,nan,,,,,,-7.004323021374692,2.487617204943132,-209.52786447769188,shape_reference_only,5,layer,True,
uniform,-648.7857610041087,0.8085937499999996,0,False,layer06,117,256,49,0.80859375,sealed_dsv4,1297.5715220082175,1297.5715220082175,,,,,,,,,,6,layer,True,
zipf_pure,-452.70471627264055,0.19197999436782187,1,False,layer06,117,256,49,0.80859375,sealed_dsv4,907.4094325452811,910.1716064800788,1.1389459399431645,0.0,,,,,,,,6,layer,True,
zipf_mandelbrot,-421.1730313768032,0.0752026468400524,2,True,layer06,117,256,49,0.80859375,sealed_dsv4,846.3460627536064,851.8704106232019,36.63146986472773,465.7301374661458,0.07865385320354212,7.865385320354212,5921.262830708616,,,,,6,layer,True,
lognormal_rank,-436.7680461433381,0.12791956904188073,2,False,layer06,117,256,49,0.80859375,sealed_dsv4,877.5360922866762,883.0604401562717,,,,,,1.2576060241950942,2.073121456557212,,,6,layer,True,
poisson_lognormal,nan,0.384787072933194,3,False,layer06,117,256,49,0.80859375,sealed_dsv4,nan,nan,,,,,,-7.500660718252732,3.046559296550247,-199.21499735877245,shape_reference_only,6,layer,True,
uniform,-670.966470782027,0.8085937499999991,0,False,layer07,121,256,49,0.80859375,sealed_dsv4,1341.932941564054,1341.932941564054,,,,,,,,,,7,layer,True,
zipf_pure,-458.5177074351344,0.18013184270455196,1,False,layer07,121,256,49,0.80859375,sealed_dsv4,919.0354148702688,921.8312054158656,1.1630778159285087,0.0,,,,,,,,7,layer,True,
zipf_mandelbrot,-430.0808967676928,0.05725993766524806,2,True,layer07,121,256,49,0.80859375,sealed_dsv4,864.1617935353856,869.7533746265791,9.168827120676111,92.45889159498017,0.099166526469304,9.9166526469304,932.3598888340605,,,,,7,layer,True,
lognormal_rank,-442.8472437590897,0.1192452230522523,2,False,layer07,121,256,49,0.80859375,sealed_dsv4,889.6944875181794,895.2860686093728,,,,,,1.5604985713551254,2.1260480823980132,,,7,layer,True,
poisson_lognormal,nan,0.31031216866304967,3,False,layer07,121,256,49,0.80859375,sealed_dsv4,nan,nan,,,,,,-7.399819681603457,2.81478113448807,-199.34444020574432,shape_reference_only,7,layer,True,
uniform,-648.7857610041087,0.8320312499999992,0,False,layer08,117,256,43,0.83203125,sealed_dsv4,1297.5715220082175,1297.5715220082175,,,,,,,,,,8,layer,True,
zipf_pure,-434.5928089371009,0.18512449277920195,1,False,layer08,117,256,43,0.83203125,sealed_dsv4,871.1856178742019,873.9477918089996,1.1856211451402219,0.0,,,,,,,,8,layer,True,
zipf_mandelbrot,-398.4102541922008,0.04800028854626692,2,True,layer08,117,256,43,0.83203125,sealed_dsv4,800.8205083844016,806.3448562539971,24.604209373022847,250.10432893612074,0.09837578372866557,9.837578372866556,2542.336329700245,,,,,8,layer,True,
lognormal_rank,-419.052137043077,0.14529257655267055,2,False,layer08,117,256,43,0.83203125,sealed_dsv4,842.104274086154,847.6286219557495,,,,,,2.0207374667470113,2.1827931368645843,,,8,layer,True,
poisson_lognormal,nan,0.4452363736764746,3,False,layer08,117,256,43,0.83203125,sealed_dsv4,nan,nan,,,,,,-7.960074174086946,3.344504857014719,-185.58920258792818,shape_reference_only,8,layer,True,
uniform,-665.4212933375475,0.7734374999999996,0,False,layer09,120,256,58,0.7734375,sealed_dsv4,1330.842586675095,1330.842586675095,,,,,,,,,,9,layer,True,
zipf_pure,-492.2405704348255,0.20523325762797162,1,False,layer09,120,256,58,0.7734375,sealed_dsv4,986.481140869651,989.2686326124331,1.0674306945086756,0.0,,,,,,,,9,layer,True,
zipf_mandelbrot,-462.41415089538594,0.08571092091982813,2,True,layer09,120,256,58,0.7734375,sealed_dsv4,928.8283017907719,934.403285276336,9811479458.85083,170180049526.01822,0.05765352334881527,5.765352334881527,2951771889055.1597,,,,,9,layer,True,
lognormal_rank,-474.8562880015545,0.13257872230324852,2,False,layer09,120,256,58,0.7734375,sealed_dsv4,953.712576003109,959.2875594886731,,,,,,0.7139211237437846,1.9109427187392913,,,9,layer,True,
poisson_lognormal,nan,0.18251402322044058,3,False,layer09,120,256,58,0.7734375,sealed_dsv4,nan,nan,,,,,,-6.810540815621113,2.234010351384492,-216.39317649882403,shape_reference_only,9,layer,True,
uniform,-637.6954061151497,0.7656249999999983,0,False,layer10,115,256,60,0.765625,sealed_dsv4,1275.3908122302994,1275.3908122302994,,,,,,,,,,10,layer,True,
zipf_pure,-481.2874416798184,0.2137860564516919,1,False,layer10,115,256,60,0.765625,sealed_dsv4,964.5748833596368,967.3198154880001,1.0412214780839693,0.0,,,,,,,,10,layer,True,
zipf_mandelbrot,-451.9264791088961,0.06993767322966543,2,True,layer10,115,256,60,0.765625,sealed_dsv4,907.8529582177922,913.3428224745187,6685995381.623571,125156192099.11598,0.05342121128396648,5.342121128396648,2342818313007.433,,,,,10,layer,True,
lognormal_rank,-464.1258349302294,0.1384061919683185,2,False,layer10,115,256,60,0.765625,sealed_dsv4,932.2516698604588,937.7415341171853,,,,,,0.0003328434831928463,1.8535908710034061,,,10,layer,True,
poisson_lognormal,nan,0.17189257856206686,3,False,layer10,115,256,60,0.765625,sealed_dsv4,nan,nan,,,,,,-6.680098189087816,2.1444338912051077,-215.72205562123855,shape_reference_only,10,layer,True,
uniform,-654.3309384485883,0.7968749999999992,0,False,layer11,118,256,52,0.796875,sealed_dsv4,1308.6618768971766,1308.6618768971766,,,,,,,,,,11,layer,True,
zipf_pure,-466.98535768893714,0.19767591243190752,1,False,layer11,118,256,52,0.796875,sealed_dsv4,935.9707153778743,938.7414000023399,1.1120929578709888,0.0,,,,,,,,11,layer,True,
zipf_mandelbrot,-436.7273379740344,0.055136043464455414,2,True,layer11,118,256,52,0.796875,sealed_dsv4,877.4546759480688,882.9960451970002,7305870850521.923,109124541614011.84,0.0669498422853749,6.69498422853749,1629944715162532.2,,,,,11,layer,True,
lognormal_rank,-450.04924858518234,0.12990585424864964,2,False,layer11,118,256,52,0.796875,sealed_dsv4,904.0984971703647,909.639866419296,,,,,,1.8976300716400114,2.0146353029347552,,,11,layer,True,
poisson_lognormal,nan,0.2817037658233782,3,False,layer11,118,256,52,0.796875,sealed_dsv4,nan,nan,,,,,,-7.160026572059702,2.6007299907702954,-206.6350791855582,shape_reference_only,11,layer,True,
uniform,-659.8761158930679,0.7890624999999999,0,False,layer12,119,256,54,0.7890625,sealed_dsv4,1319.7522317861358,1319.7522317861358,,,,,,,,,,12,layer,True,
zipf_pure,-481.59812403603644,0.2066105725370767,1,False,layer12,119,256,54,0.7890625,sealed_dsv4,965.1962480720729,967.9753715651844,1.0845405787489633,0.0,,,,,,,,12,layer,True,
zipf_mandelbrot,-451.11756777345795,0.07187836175699419,2,True,layer12,119,256,54,0.7890625,sealed_dsv4,906.2351355469159,911.7933825331389,5269507357.176844,85858504934.17079,0.061374320007284856,6.137432000728485,1398932076542.4329,,,,,12,layer,True,
lognormal_rank,-464.0639865107911,0.1360333210590875,2,False,layer12,119,256,54,0.7890625,sealed_dsv4,932.1279730215822,937.6862200078052,,,,,,1.5247045040130585,1.9526099271168529,,,12,layer,True,
poisson_lognormal,nan,0.24629421241421473,3,False,layer12,119,256,54,0.7890625,sealed_dsv4,nan,nan,,,,,,-6.988002900639755,2.4579873446707863,-212.80664843026256,shape_reference_only,12,layer,True,
uniform,-643.2405835596293,0.789062499999999,0,False,layer13,116,256,54,0.7890625,sealed_dsv4,1286.4811671192585,1286.4811671192585,,,,,,,,,,13,layer,True,
zipf_pure,-465.1342755532388,0.20069190698987938,1,False,layer13,116,256,54,0.7890625,sealed_dsv4,932.2685511064776,935.022141297584,1.096045770215521,0.0,,,,,,,,13,layer,True,
zipf_mandelbrot,-435.328509865562,0.08524488906212341,2,True,layer13,116,256,54,0.7890625,sealed_dsv4,874.657019731124,880.1642001133367,462523843.2780483,7254682820.600969,0.06375521228366168,6.375521228366169,113789642614.99448,,,,,13,layer,True,
lognormal_rank,-448.6202393310359,0.13141989601251036,2,False,layer13,116,256,54,0.7890625,sealed_dsv4,901.2404786620718,906.7476590442845,,,,,,1.5630365848541221,1.9759845358497112,,,13,layer,True,
poisson_lognormal,nan,0.336141448763738,3,False,layer13,116,256,54,0.7890625,sealed_dsv4,nan,nan,,,,,,-7.180011714008245,2.8250867073030217,-207.62131321623153,shape_reference_only,13,layer,True,
uniform,-632.15022867067,0.8242187500000007,0,False,layer14,114,256,45,0.82421875,sealed_dsv4,1264.30045734134,1264.30045734134,,,,,,,,,,14,layer,True,
zipf_pure,-445.127585554573,0.2086717574777921,1,False,layer14,114,256,45,0.82421875,sealed_dsv4,892.255171109146,894.9913695575405,1.1282152760504516,0.0,,,,,,,,14,layer,True,
zipf_mandelbrot,-403.49085734891435,0.03943848300718622,2,True,layer14,114,256,45,0.82421875,sealed_dsv4,810.9817146978287,816.4541115946176,109612323214.0835,1388639539868.3044,0.07893504402480063,7.893504402480063,17592180469703.762,,,,,14,layer,True,
lognormal_rank,-427.6830182483229,0.14467993991519734,2,False,layer14,114,256,45,0.82421875,sealed_dsv4,859.3660364966458,864.8384333934348,,,,,,1.547032976150509,2.059716295769171,,,14,layer,True,
poisson_lognormal,nan,0.4252890492886216,3,False,layer14,114,256,45,0.82421875,sealed_dsv4,nan,nan,,,,,,-7.6751155483666516,3.053755165232182,-193.01830174242275,shape_reference_only,14,layer,True,
uniform,-665.4212933375475,0.7695312499999993,0,False,layer15,120,256,59,0.76953125,sealed_dsv4,1330.842586675095,1330.842586675095,,,,,,,,,,15,layer,True,
zipf_pure,-496.88585955154133,0.208992901331432,1,False,layer15,120,256,59,0.76953125,sealed_dsv4,995.7717191030827,998.5592108458648,1.0552793030104952,0.0,,,,,,,,15,layer,True,
zipf_mandelbrot,-464.7507889630893,0.06472073563905312,2,True,layer15,120,256,59,0.76953125,sealed_dsv4,933.5015779261786,939.0765614117427,180693407940.72925,3195331272678.942,0.05654919397112689,5.654919397112689,56505337181471.17,,,,,15,layer,True,
lognormal_rank,-478.9758146571187,0.1347010811878535,2,False,layer15,120,256,59,0.76953125,sealed_dsv4,961.9516293142374,967.5266127998015,,,,,,1.8215972534971216,1.8859770876824624,,,15,layer,True,
poisson_lognormal,nan,0.21316535663892944,3,False,layer15,120,256,59,0.76953125,sealed_dsv4,nan,nan,,,,,,-6.812811771851752,2.2805839707582427,-217.2948114200439,shape_reference_only,15,layer,True,
uniform,-643.2405835596293,0.8203124999999991,0,False,layer16,116,256,46,0.8203125,sealed_dsv4,1286.4811671192585,1286.4811671192585,,,,,,,,,,16,layer,True,
zipf_pure,-454.02583967476596,0.20724932298644794,1,False,layer16,116,256,46,0.8203125,sealed_dsv4,910.0516793495319,912.8052695406383,1.1253608463600564,0.0,,,,,,,,16,layer,True,
zipf_mandelbrot,-414.1195714148439,0.03794112547167161,2,True,layer16,116,256,46,0.8203125,sealed_dsv4,832.2391428296878,837.7463232119005,60723676.87056844,793242104.023818,0.0765512528426569,7.65512528426569,10362235424.862923,,,,,16,layer,True,
lognormal_rank,-436.4701964950086,0.14191989441325015,2,False,layer16,116,256,46,0.8203125,sealed_dsv4,876.9403929900172,882.44757337223,,,,,,1.6145480096340155,2.0517162933905917,,,16,layer,True,
poisson_lognormal,nan,0.4144079416827514,3,False,layer16,116,256,46,0.8203125,sealed_dsv4,nan,nan,,,,,,-7.585265093648117,3.0301676173182233,-197.54277733396216,shape_reference_only,16,layer,True,
uniform,-621.0598737817111,0.8281249999999996,0,False,layer17,112,256,44,0.828125,sealed_dsv4,1242.1197475634222,1242.1197475634222,,,,,,,,,,17,layer,True,
zipf_pure,-419.40972749177075,0.1868139299266236,1,False,layer17,112,256,44,0.828125,sealed_dsv4,840.8194549835415,843.5379538548366,1.1765231002926348,0.0,,,,,,,,17,layer,True,
zipf_mandelbrot,-389.5230930663892,0.06165418888555735,2,True,layer17,112,256,44,0.828125,sealed_dsv4,783.0461861327784,788.4831838753686,150.25873443074556,1765.6631718736032,0.0851004522404469,8.51004522404469,20747.988117440476,,,,,17,layer,True,
lognormal_rank,-404.58089252974935,0.12758776096726598,2,False,layer17,112,256,44,0.828125,sealed_dsv4,813.1617850594987,818.5987828020889,,,,,,2.0155817132384595,2.160517168142487,,,17,layer,True,
poisson_lognormal,nan,0.4181628821378832,3,False,layer17,112,256,44,0.828125,sealed_dsv4,nan,nan,,,,,,-7.746076699472665,3.3144532763413617,-189.31206148723422,shape_reference_only,17,layer,True,
uniform,-637.6954061151496,0.8085937499999989,0,False,layer18,115,256,49,0.80859375,sealed_dsv4,1275.3908122302992,1275.3908122302992,,,,,,,,,,18,layer,True,
zipf_pure,-451.7986156291466,0.20114817209834202,1,False,layer18,115,256,49,0.80859375,sealed_dsv4,905.5972312582932,908.3421633866565,1.1208885172460363,0.0,,,,,,,,18,layer,True,
zipf_mandelbrot,-421.8816725977273,0.07298013704273551,2,True,layer18,115,256,49,0.80859375,sealed_dsv4,847.7633451954546,853.2532094521811,172303817.66397363,2483733159.8426514,0.06937291833511187,6.937291833511187,35802633353.90856,,,,,18,layer,True,
lognormal_rank,-435.294118810876,0.1351745068426199,2,False,layer18,115,256,49,0.80859375,sealed_dsv4,874.588237621752,880.0781018784785,,,,,,1.5587364912265875,2.035460218077256,,,18,layer,True,
poisson_lognormal,nan,0.28239376849421094,3,False,layer18,115,256,49,0.80859375,sealed_dsv4,nan,nan,,,,,,-7.211166006910004,2.6601798719652754,-203.03900626190165,shape_reference_only,18,layer,True,
uniform,-676.5116482265066,0.7500000000000007,0,False,layer19,122,256,64,0.75,sealed_dsv4,1353.0232964530132,1353.0232964530132,,,,,,,,,,19,layer,True,
zipf_pure,-541.7356530831455,0.24879043804331513,1,False,layer19,122,256,64,0.75,sealed_dsv4,1085.471306166291,1088.2753272110242,0.9569811523084217,0.0,,,,,,,,19,layer,True,
zipf_mandelbrot,-499.05013107154446,0.05849826315930584,2,True,layer19,122,256,64,0.75,sealed_dsv4,1002.1002621430889,1007.7083042325554,96990711.0510849,2132968309.9418461,0.045472176308952894,4.54721763089529,46907108545.888794,,,,,19,layer,True,
lognormal_rank,-520.2642574755141,0.16350428339474665,2,False,layer19,122,256,64,0.75,sealed_dsv4,1044.5285149510282,1050.1365570404948,,,,,,1.6456545639822695,1.6844773194322944,,,19,layer,True,
poisson_lognormal,nan,0.2302671222460494,3,False,layer19,122,256,64,0.75,sealed_dsv4,nan,nan,,,,,,-6.512486871363194,2.0397298872244742,-231.88241989757276,shape_reference_only,19,layer,True,
uniform,-643.2405835596292,0.769531249999999,0,False,layer20,116,256,59,0.76953125,sealed_dsv4,1286.4811671192583,1286.4811671192583,,,,,,,,,,20,layer,True,
zipf_pure,-485.13787551089376,0.2158444552926576,1,False,layer20,116,256,59,0.76953125,sealed_dsv4,972.2757510217875,975.0293412128939,1.0421400488081216,0.0,,,,,,,,20,layer,True,
zipf_mandelbrot,-453.41532461072995,0.059021456685572904,2,True,layer20,116,256,59,0.76953125,sealed_dsv4,910.8306492214599,916.3378296036726,56922374.43711878,1043477721.4142306,0.054550637037052985,5.4550637037052985,19128607438.726307,,,,,20,layer,True,
lognormal_rank,-467.2948167845292,0.1401808475906735,2,False,layer20,116,256,59,0.76953125,sealed_dsv4,938.5896335690584,944.0968139512711,,,,,,1.4579738631844488,1.859048331601078,,,20,layer,True,
poisson_lognormal,nan,0.211218307539253,3,False,layer20,116,256,59,0.76953125,sealed_dsv4,nan,nan,,,,,,-6.739541498001432,2.2134407992086023,-216.23618225244687,shape_reference_only,20,layer,True,
uniform,-648.7857610041087,0.7890624999999997,0,False,layer21,117,256,54,0.7890625,sealed_dsv4,1297.5715220082175,1297.5715220082175,,,,,,,,,,21,layer,True,
zipf_pure,-485.2417969442621,0.22322673087297984,1,False,layer21,117,256,54,0.7890625,sealed_dsv4,972.4835938885242,975.2457678233219,1.0531802667820716,0.0,,,,,,,,21,layer,True,
zipf_mandelbrot,-447.19709734843,0.0402682446012852,2,True,layer21,117,256,54,0.7890625,sealed_dsv4,898.39419469686,903.9185425664556,71052353.4936814,1194459660.9341843,0.05948493349546147,5.948493349546147,20080036922.716206,,,,,21,layer,True,
lognormal_rank,-466.29612804536873,0.1489145321605575,2,False,layer21,117,256,54,0.7890625,sealed_dsv4,936.5922560907375,942.116603960333,,,,,,1.4759083271026578,1.890364883682424,,,21,layer,True,
poisson_lognormal,nan,0.29807607591217833,3,False,layer21,117,256,54,0.7890625,sealed_dsv4,nan,nan,,,,,,-6.9738593446158825,2.4898064945967384,-214.0841355257952,shape_reference_only,21,layer,True,
uniform,-643.2405835596292,0.8085937499999994,0,False,layer22,116,256,49,0.80859375,sealed_dsv4,1286.4811671192583,1286.4811671192583,,,,,,,,,,22,layer,True,
zipf_pure,-444.6692854685547,0.18658578708790052,1,False,layer22,116,256,49,0.80859375,sealed_dsv4,891.3385709371094,894.0921611282157,1.1498148341018786,0.0,,,,,,,,22,layer,True,
zipf_mandelbrot,-419.71771054615806,0.08997562428021855,2,True,layer22,116,256,49,0.80859375,sealed_dsv4,843.4354210923161,848.9426014745288,58.56985191844536,775.1091515680674,0.075563360076393,7.5563360076393,10257.738019913992,,,,,22,layer,True,
lognormal_rank,-429.42521657871515,0.12373114375370675,2,False,layer22,116,256,49,0.80859375,sealed_dsv4,862.8504331574303,868.357613539643,,,,,,1.5726451873779257,2.0956221182592563,,,22,layer,True,
poisson_lognormal,nan,0.2797605040746487,3,False,layer22,116,256,49,0.80859375,sealed_dsv4,nan,nan,,,,,,-7.293189101254778,2.743910438165517,-199.62286802334054,shape_reference_only,22,layer,True,
uniform,-654.3309384485883,0.8164062499999993,0,False,layer23,118,256,47,0.81640625,sealed_dsv4,1308.6618768971766,1308.6618768971766,,,,,,,,,,23,layer,True,
zipf_pure,-469.3501942375931,0.2146409743053409,1,False,layer23,118,256,47,0.81640625,sealed_dsv4,940.7003884751862,943.4710730996518,1.105954520427915,0.0,,,,,,,,23,layer,True,
zipf_mandelbrot,-430.30899180630854,0.049671737561051366,2,True,layer23,118,256,47,0.81640625,sealed_dsv4,864.6179836126171,870.1593528615484,203144231.24343544,2865138569.197466,0.07090206157126172,7.090206157126172,40409806227.11222,,,,,23,layer,True,
lognormal_rank,-451.27272691085216,0.14762381319917095,2,False,layer23,118,256,47,0.81640625,sealed_dsv4,906.5454538217043,912.0868230706357,,,,,,1.553982970110515,2.0071391809999137,,,23,layer,True,
poisson_lognormal,nan,0.41535882300336235,3,False,layer23,118,256,47,0.81640625,sealed_dsv4,nan,nan,,,,,,-7.5646875609057656,3.125065465641414,-203.62214153208143,shape_reference_only,23,layer,True,
uniform,-643.2405835596292,0.832031249999999,0,False,layer24,116,256,43,0.83203125,sealed_dsv4,1286.4811671192583,1286.4811671192583,,,,,,,,,,24,layer,True,
zipf_pure,-432.36860146489767,0.1870301585905948,1,False,layer24,116,256,43,0.83203125,sealed_dsv4,866.7372029297953,869.4907931209017,1.181762396789309,0.0,,,,,,,,24,layer,True,
zipf_mandelbrot,-400.57266171307435,0.05549642362375205,2,True,layer24,116,256,43,0.83203125,sealed_dsv4,805.1453234261487,810.6525038083614,23823060145.67051,276938009766.5149,0.08602307847072209,8.60230784707221,3219345490649.589,,,,,24,layer,True,
lognormal_rank,-416.646755922522,0.12817356784525447,2,False,layer24,116,256,43,0.83203125,sealed_dsv4,837.293511845044,842.8006922272567,,,,,,0.8642918836424286,2.17542862428753,,,24,layer,True,
poisson_lognormal,nan,0.34520430389828916,3,False,layer24,116,256,43,0.83203125,sealed_dsv4,nan,nan,,,,,,-7.691642048662807,2.988053924945301,-189.88439899733464,shape_reference_only,24,layer,True,
uniform,-632.1502286706701,0.8320312500000009,0,False,layer25,114,256,43,0.83203125,sealed_dsv4,1264.3004573413402,1264.3004573413402,,,,,,,,,,25,layer,True,
zipf_pure,-402.23387208063605,0.15893139869023598,1,False,layer25,114,256,43,0.83203125,sealed_dsv4,806.4677441612721,809.2039426096666,1.2415230142852036,0.0,,,,,,,,25,layer,True,
zipf_mandelbrot,-379.72348569549183,0.05936370236078237,2,True,layer25,114,256,43,0.83203125,sealed_dsv4,763.4469713909837,768.9193682877726,4.495476868997992,26.566755132295487,0.16921437513206614,16.921437513206612,157.00058054501,,,,,25,layer,True,
lognormal_rank,-389.90891214793135,0.1203547076740383,2,False,layer25,114,256,43,0.83203125,sealed_dsv4,783.8178242958627,789.2902211926516,,,,,,0.5475324213504781,2.3006794807296798,,,25,layer,True,
poisson_lognormal,nan,0.2544372681155891,3,False,layer25,114,256,43,0.83203125,sealed_dsv4,nan,nan,,,,,,-7.6043475035247825,2.7928575880086663,-180.74359223776017,shape_reference_only,25,layer,True,
uniform,-659.8761158930679,0.8164062499999996,0,False,layer26,119,256,47,0.81640625,sealed_dsv4,1319.7522317861358,1319.7522317861358,,,,,,,,,,26,layer,True,
zipf_pure,-452.14321202984877,0.18679932404213107,1,False,layer26,119,256,47,0.81640625,sealed_dsv4,906.2864240596975,909.0655475528091,1.1600263969999394,0.0,,,,,,,,26,layer,True,
zipf_mandelbrot,-421.66713246212396,0.057863122780626663,2,True,layer26,119,256,47,0.81640625,sealed_dsv4,847.3342649242479,852.892511910471,74.73584392080532,924.7620075073717,0.08081630010109339,8.08163001010934,11442.765956256146,,,,,26,layer,True,
lognormal_rank,-436.00566922853426,0.12482472788405341,2,False,layer26,119,256,47,0.81640625,sealed_dsv4,876.0113384570685,881.5695854432915,,,,,,1.6216271698382996,2.1231386130862937,,,26,layer,True,
poisson_lognormal,nan,0.32340380239828703,3,False,layer26,119,256,47,0.81640625,sealed_dsv4,nan,nan,,,,,,-7.472086840125086,2.8492106036089098,-197.68735331733598,shape_reference_only,26,layer,True,
uniform,-665.4212933375475,0.7929687499999994,0,False,layer27,120,256,53,0.79296875,sealed_dsv4,1330.842586675095,1330.842586675095,,,,,,,,,,27,layer,True,
zipf_pure,-460.3221663018355,0.17708081632121586,1,False,layer27,120,256,53,0.79296875,sealed_dsv4,922.644332603671,925.4318243464531,1.1490100205037042,0.0,,,,,,,,27,layer,True,
zipf_mandelbrot,-439.87121354945145,0.07615079079316883,2,True,layer27,120,256,53,0.79296875,sealed_dsv4,883.7424270989029,889.317410584467,6.765715444001464,69.27494897083885,0.09766467596893472,9.766467596893472,709.3142764623917,,,,,27,layer,True,
lognormal_rank,-445.44296547891463,0.11357686902294584,2,False,layer27,120,256,53,0.79296875,sealed_dsv4,894.8859309578293,900.4609144433933,,,,,,1.5499899625778166,2.0883301183734675,,,27,layer,True,
poisson_lognormal,nan,0.2182895615479482,3,False,layer27,120,256,53,0.79296875,sealed_dsv4,nan,nan,,,,,,-7.148436984635746,2.5809524678944418,-204.81543843036403,shape_reference_only,27,layer,True,
uniform,-670.966470782027,0.7929687499999984,0,False,layer28,121,256,53,0.79296875,sealed_dsv4,1341.932941564054,1341.932941564054,,,,,,,,,,28,layer,True,
zipf_pure,-475.22573369100985,0.19053863740817223,1,False,layer28,121,256,53,0.79296875,sealed_dsv4,952.4514673820197,955.2472579276165,1.121254598376097,0.0,,,,,,,,28,layer,True,
zipf_mandelbrot,-450.40384494714885,0.0854669229157598,2,True,layer28,121,256,53,0.79296875,sealed_dsv4,904.8076898942977,910.3992709854912,63513226278.16266,966183798262.2876,0.06573617399959844,6.573617399959844,14697901314855.8,,,,,28,layer,True,
lognormal_rank,-458.86540067896703,0.12399826547271631,2,False,layer28,121,256,53,0.79296875,sealed_dsv4,921.7308013579341,927.3223824491275,,,,,,1.5309288740158045,2.0303214832588945,,,28,layer,True,
poisson_lognormal,nan,0.2604834109917577,3,False,layer28,121,256,53,0.79296875,sealed_dsv4,nan,nan,,,,,,-7.1364234978640955,2.617112765883921,-209.5347677025336,shape_reference_only,28,layer,True,
uniform,-682.0568256709862,0.7851562500000013,0,False,layer29,123,256,55,0.78515625,sealed_dsv4,1364.1136513419724,1364.1136513419724,,,,,,,,,,29,layer,True,
zipf_pure,-486.63199640096013,0.1899675131476093,1,False,layer29,123,256,55,0.78515625,sealed_dsv4,975.2639928019203,978.0761771572927,1.1124444066927532,0.0,,,,,,,,29,layer,True,
zipf_mandelbrot,-459.41500801761254,0.07267476846349072,2,True,layer29,123,256,55,0.78515625,sealed_dsv4,922.8300160352251,928.45438474597,24.017133053982523,339.0770775966719,0.07083089551264392,7.083089551264392,4787.135262692589,,,,,29,layer,True,
lognormal_rank,-469.8012247352003,0.12198473127740161,2,False,layer29,123,256,55,0.78515625,sealed_dsv4,943.6024494704006,949.2268181811455,,,,,,1.5575077295303315,2.0106261978939752,,,29,layer,True,
poisson_lognormal,nan,0.25702505576395496,3,False,layer29,123,256,55,0.78515625,sealed_dsv4,nan,nan,,,,,,-7.086468851419592,2.549550077921355,-211.58946419481387,shape_reference_only,29,layer,True,
uniform,-648.7857610041087,0.8124999999999999,0,False,layer30,117,256,48,0.8125,sealed_dsv4,1297.5715220082175,1297.5715220082175,,,,,,,,,,30,layer,True,
zipf_pure,-448.0007991825866,0.18855752298351958,1,False,layer30,117,256,48,0.8125,sealed_dsv4,898.0015983651732,900.7637722999709,1.1511122151392907,0.0,,,,,,,,30,layer,True,
zipf_mandelbrot,-420.44579125507335,0.10902080466857272,2,True,layer30,117,256,48,0.8125,sealed_dsv4,844.8915825101467,850.4159303797422,3862354.5652861437,51656307.32873836,0.07477024133193062,7.477024133193062,690867200.7546209,,,,,30,layer,True,
lognormal_rank,-432.6756548797415,0.12628216221939748,2,False,layer30,117,256,48,0.8125,sealed_dsv4,869.351309759483,874.8756576290785,,,,,,1.5991363763809163,2.098413241751105,,,30,layer,True,
poisson_lognormal,nan,0.22691688317529207,3,False,layer30,117,256,48,0.8125,sealed_dsv4,nan,nan,,,,,,-7.264510823418485,2.5721952167385598,-199.26470559360666,shape_reference_only,30,layer,True,
uniform,-654.3309384485883,0.7656249999999986,0,False,layer31,118,256,60,0.765625,sealed_dsv4,1308.6618768971766,1308.6618768971766,,,,,,,,,,31,layer,True,
zipf_pure,-465.2963761932488,0.17648198388072267,1,False,layer31,118,256,60,0.765625,sealed_dsv4,932.5927523864976,935.3634370109633,1.116465860538342,0.0,,,,,,,,31,layer,True,
zipf_mandelbrot,-453.7696680524072,0.1350783250562216,2,True,layer31,118,256,60,0.765625,sealed_dsv4,911.5393361048144,917.0807053537458,4.119166009458065,39.132585810595,0.10526178948141006,10.526178948141006,371.7643981105421,,,,,31,layer,True,
lognormal_rank,-451.83743613770275,0.11014835344081275,2,False,layer31,118,256,60,0.765625,sealed_dsv4,907.6748722754055,913.2162415243369,,,,,,1.5661298394203145,2.0036788384194866,,,31,layer,True,
poisson_lognormal,nan,0.10815631641234735,3,False,layer31,118,256,60,0.765625,sealed_dsv4,nan,nan,,,,,,-6.699996538430861,2.0153442199355065,-209.0588396784515,shape_reference_only,31,layer,True,
uniform,-632.1502286706701,0.8593750000000007,0,False,layer32,114,256,36,0.859375,sealed_dsv4,1264.3004573413402,1264.3004573413402,,,,,,,,,,32,layer,True,
zipf_pure,-381.3211558410226,0.16989418856379854,1,False,layer32,114,256,36,0.859375,sealed_dsv4,764.6423116820451,767.3785101304396,1.2970203423183382,0.0,,,,,,,,32,layer,True,
zipf_mandelbrot,-353.215073677807,0.04512169103691499,2,True,layer32,114,256,36,0.859375,sealed_dsv4,710.430147355614,715.902544252403,6.117301055588821,33.7784400787466,0.18110075661658007,18.110075661658005,186.51738794366872,,,,,32,layer,True,
lognormal_rank,-369.96471872932136,0.1468850279010994,2,False,layer32,114,256,36,0.859375,sealed_dsv4,743.9294374586427,749.4018343554317,,,,,,2.1488751939638315,2.4305737036569877,,,32,layer,True,
poisson_lognormal,nan,0.4905819543468083,3,False,layer32,114,256,36,0.859375,sealed_dsv4,nan,nan,,,,,,-8.610892878964194,3.983924234337132,-165.57256684249566,shape_reference_only,32,layer,True,
uniform,-654.3309384485884,0.8320312499999992,0,False,layer33,118,256,43,0.83203125,sealed_dsv4,1308.6618768971769,1308.6618768971769,,,,,,,,,,33,layer,True,
zipf_pure,-410.12690391496574,0.15465763380764558,1,False,layer33,118,256,43,0.83203125,sealed_dsv4,822.2538078299315,825.0244924543971,1.2573978189761308,0.0,,,,,,,,33,layer,True,
zipf_mandelbrot,-388.26296557520186,0.05977264086016437,2,True,layer33,118,256,43,0.83203125,sealed_dsv4,780.5259311504037,786.0673003993351,3.7554486153647306,18.538249086842384,0.20257838794658226,20.257838794658227,91.51148488618993,,,,,33,layer,True,
lognormal_rank,-398.39292808344305,0.1295504100880242,2,False,layer33,118,256,43,0.83203125,sealed_dsv4,800.7858561668861,806.3272254158175,,,,,,1.7257261801743842,2.333134487450738,,,33,layer,True,
poisson_lognormal,nan,0.25324108746615637,3,False,layer33,118,256,43,0.83203125,sealed_dsv4,nan,nan,,,,,,-7.693092469162085,2.854978544396621,-180.46962613014085,shape_reference_only,33,layer,True,
uniform,-654.3309384485883,0.8281249999999991,0,False,layer34,118,256,44,0.828125,sealed_dsv4,1308.6618768971766,1308.6618768971766,,,,,,,,,,34,layer,True,
zipf_pure,-424.3203651832421,0.1655430063874398,1,False,layer34,118,256,44,0.828125,sealed_dsv4,850.6407303664841,853.4114149909498,1.2212111803253765,0.0,,,,,,,,34,layer,True,
zipf_mandelbrot,-399.40858329942864,0.06069360623051662,2,True,layer34,118,256,44,0.828125,sealed_dsv4,802.8171665988573,808.3585358477886,5.539605731571683,39.06230596580722,0.14181461116045527,14.181461116045528,275.4462720460476,,,,,34,layer,True,
lognormal_rank,-410.88077322418127,0.11588823305490176,2,False,layer34,118,256,44,0.828125,sealed_dsv4,825.7615464483625,831.3029156972939,,,,,,1.6737252116385164,2.255375258059386,,,34,layer,True,
poisson_lognormal,nan,0.42157210730806877,3,False,layer34,118,256,44,0.828125,sealed_dsv4,nan,nan,,,,,,-7.963103091462862,3.465303084816736,-186.82049409154837,shape_reference_only,34,layer,True,
uniform,-682.0568256709862,0.7500000000000016,0,False,layer35,123,256,64,0.75,sealed_dsv4,1364.1136513419724,1364.1136513419724,,,,,,,,,,35,layer,True,
zipf_pure,-535.0863855056987,0.23209242641050165,1,False,layer35,123,256,64,0.75,sealed_dsv4,1072.1727710113973,1074.9849553667698,0.9874971254241702,0.0,,,,,,,,35,layer,True,
zipf_mandelbrot,-495.95458861666094,0.05153856065599871,2,True,layer35,123,256,64,0.75,sealed_dsv4,995.9091772333219,1001.5335459440668,72345255.10947871,1500495712.3843212,0.04821423647690435,4.821423647690435,31121424334.969833,,,,,35,layer,True,
lognormal_rank,-514.557437460152,0.14983312822491424,2,False,layer35,123,256,64,0.75,sealed_dsv4,1033.114874920304,1038.7392436310488,,,,,,1.3737794399261447,1.7450259696204584,,,35,layer,True,
poisson_lognormal,nan,0.22656801920491454,3,False,layer35,123,256,64,0.75,sealed_dsv4,nan,nan,,,,,,-6.600692133212505,2.11532712117115,-229.29506137984313,shape_reference_only,35,layer,True,
uniform,-626.6050512261905,0.8242187500000007,0,False,layer36,113,256,45,0.82421875,sealed_dsv4,1253.210102452381,1253.210102452381,,,,,,,,,,36,layer,True,
zipf_pure,-415.73974086290355,0.17456950882338218,1,False,layer36,113,256,45,0.82421875,sealed_dsv4,833.4794817258071,836.2068695445195,1.1962419392893169,0.0,,,,,,,,36,layer,True,
zipf_mandelbrot,-389.0605785104909,0.06162112743677928,2,True,layer36,113,256,45,0.82421875,sealed_dsv4,782.1211570209819,787.5759326584065,6.8671652292248595,56.435432714143424,0.12168180341609859,12.16818034160986,463.79517010574625,,,,,36,layer,True,
lognormal_rank,-402.10982436357017,0.12584503488941545,2,False,layer36,113,256,45,0.82421875,sealed_dsv4,808.2196487271403,813.674424364565,,,,,,2.3690650086357534,2.199620305632035,,,36,layer,True,
poisson_lognormal,nan,0.4251291707538801,3,False,layer36,113,256,45,0.82421875,sealed_dsv4,nan,nan,,,,,,-7.804131084628811,3.3626647608508384,-186.1737548453766,shape_reference_only,36,layer,True,
uniform,-648.7857610041088,0.8164062499999998,0,False,layer37,117,256,47,0.81640625,sealed_dsv4,1297.5715220082177,1297.5715220082177,,,,,,,,,,37,layer,True,
zipf_pure,-443.12299082208347,0.1849983835936797,1,False,layer37,117,256,47,0.81640625,sealed_dsv4,888.2459816441669,891.0081555789646,1.1636877522221303,0.0,,,,,,,,37,layer,True,
zipf_mandelbrot,-414.39824141082767,0.08179998845558972,2,True,layer37,117,256,47,0.81640625,sealed_dsv4,832.7964828216553,838.3208306912509,19.488266057577746,221.92827383853353,0.08781335392964242,8.781335392964241,2527.2724922492575,,,,,37,layer,True,
lognormal_rank,-427.95141261287677,0.1239996098686329,2,False,layer37,117,256,47,0.81640625,sealed_dsv4,859.9028252257535,865.4271730953491,,,,,,1.6333798408508278,2.1276339201805783,,,37,layer,True,
poisson_lognormal,nan,0.40538400908660843,3,False,layer37,117,256,47,0.81640625,sealed_dsv4,nan,nan,,,,,,-7.668080489072296,3.2423724616672187,-195.8954071357383,shape_reference_only,37,layer,True,
uniform,-676.5116482265066,0.8007812500000004,0,False,layer38,122,256,51,0.80078125,sealed_dsv4,1353.0232964530132,1353.0232964530132,,,,,,,,,,38,layer,True,
zipf_pure,-462.36996456069704,0.1752758660162148,1,False,layer38,122,256,51,0.80078125,sealed_dsv4,926.7399291213941,929.5439501661274,1.16292398300528,0.0,,,,,,,,38,layer,True,
zipf_mandelbrot,-438.60242466828004,0.09586719368825525,2,True,layer38,122,256,51,0.80078125,sealed_dsv4,881.2048493365601,886.8128914260266,5.7860143793186625,51.62432537232375,0.11207922500853822,11.207922500853822,460.6056596875202,,,,,38,layer,True,
lognormal_rank,-447.599928825972,0.11366076417021154,2,False,layer38,122,256,51,0.80078125,sealed_dsv4,899.199857651944,904.8078997414104,,,,,,0.8450015214078062,2.119563493218956,,,38,layer,True,
poisson_lognormal,nan,0.20397032894449835,3,False,layer38,122,256,51,0.80078125,sealed_dsv4,nan,nan,,,,,,-7.208463231358293,2.4877897218549783,-201.73533188298114,shape_reference_only,38,layer,True,
uniform,-670.966470782027,0.7656249999999984,0,False,layer39,121,256,60,0.765625,sealed_dsv4,1341.932941564054,1341.932941564054,,,,,,,,,,39,layer,True,
zipf_pure,-495.01089163133986,0.19860412722983434,1,False,layer39,121,256,60,0.765625,sealed_dsv4,992.0217832626797,994.8175738082765,1.070871725865985,0.0,,,,,,,,39,layer,True,
zipf_mandelbrot,-471.2460975762514,0.09898870037864912,2,True,layer39,121,256,60,0.765625,sealed_dsv4,946.4921951525027,952.0837762436962,17279610.112262145,312315008.1025257,0.05532750480754884,5.532750480754884,5644841732.676759,,,,,39,layer,True,
lognormal_rank,-478.3618230815533,0.12650242476572027,2,False,layer39,121,256,60,0.765625,sealed_dsv4,960.7236461631067,966.3152272543001,,,,,,1.4583765625953642,1.9136538283263516,,,39,layer,True,
poisson_lognormal,nan,0.18114802912079986,3,False,layer39,121,256,60,0.765625,sealed_dsv4,nan,nan,,,,,,-6.788835663469378,2.2660687297186053,-217.94512396159695,shape_reference_only,39,layer,True,
uniform,-648.7857610041087,0.7929687499999997,0,False,layer40,117,256,53,0.79296875,sealed_dsv4,1297.5715220082175,1297.5715220082175,,,,,,,,,,40,layer,True,
zipf_pure,-495.387277077305,0.2413360983237205,1,False,layer40,117,256,53,0.79296875,sealed_dsv4,992.77455415461,995.5367280894077,1.0255435663400336,0.0,,,,,,,,40,layer,True,
zipf_mandelbrot,-448.7922264466308,0.044602169151679694,2,True,layer40,117,256,53,0.79296875,sealed_dsv4,901.5844528932616,907.1088007628572,172033305.77256942,2931788903.9931493,0.05867861275355021,5.867861275355021,49963500608.077484,,,,,40,layer,True,
lognormal_rank,-474.5905516763796,0.16369728205896672,2,False,layer40,117,256,53,0.79296875,sealed_dsv4,953.1811033527592,958.7054512223548,,,,,,1.4448238372802704,1.8386372216216105,,,40,layer,True,
poisson_lognormal,nan,0.38214551714738404,3,False,layer40,117,256,53,0.79296875,sealed_dsv4,nan,nan,,,,,,-7.04767962087623,2.605176334121731,-214.85558446753274,shape_reference_only,40,layer,True,
uniform,-665.4212933375475,0.7578124999999996,0,False,layer41,120,256,62,0.7578125,sealed_dsv4,1330.842586675095,1330.842586675095,,,,,,,,,,41,layer,True,
zipf_pure,-499.936440758872,0.2057502531068942,1,False,layer41,120,256,62,0.7578125,sealed_dsv4,1001.872881517744,1004.6603732605261,1.0472451698206249,0.0,,,,,,,,41,layer,True,
zipf_mandelbrot,-474.3669108988409,0.09535439184467492,2,True,layer41,120,256,62,0.7578125,sealed_dsv4,952.7338217976818,958.3088052832459,111163500.58218645,2130351701.0128717,0.05218082090827255,5.218082090827255,40826335498.9713,,,,,41,layer,True,
lognormal_rank,-482.94473155340097,0.1311540985439862,2,False,layer41,120,256,62,0.7578125,sealed_dsv4,969.8894631068019,975.464446592366,,,,,,1.4901411473751032,1.861868912480843,,,41,layer,True,
poisson_lognormal,nan,0.15412864107981972,3,False,layer41,120,256,62,0.7578125,sealed_dsv4,nan,nan,,,,,,-6.672201010334245,2.1408188969730544,-220.1272154511673,shape_reference_only,41,layer,True,
uniform,-670.966470782027,0.7499999999999987,0,False,layer42,121,256,64,0.75,sealed_dsv4,1341.932941564054,1341.932941564054,,,,,,,,,,42,layer,True,
zipf_pure,-539.1053977706472,0.2516655740558841,1,False,layer42,121,256,64,0.75,sealed_dsv4,1080.2107955412944,1083.006586086891,0.9518177543219839,0.0,,,,,,,,42,layer,True,
zipf_mandelbrot,-494.11495286399827,0.05334363675688503,2,True,layer42,121,256,64,0.75,sealed_dsv4,992.2299057279965,997.82148681919,211770418.18303642,4624350098.980984,0.04579463354855029,4.579463354855029,100980174763.89166,,,,,42,layer,True,
lognormal_rank,-517.2825257693585,0.16536927308171734,2,False,layer42,121,256,64,0.75,sealed_dsv4,1038.565051538717,1044.1566326299105,,,,,,1.3413973689079262,1.6765009590490125,,,42,layer,True,
poisson_lognormal,nan,0.24715498831935323,3,False,layer42,121,256,64,0.75,sealed_dsv4,nan,nan,,,,,,-6.529037349121348,2.062897417731681,-230.8154731441698,shape_reference_only,42,layer,True,
uniform,-11819.59283019968,0.914550781249978,0,False,ornith_dual-cold-primary,1280,10240,875,0.91455078125,expert-trace.jsonl.gz route_selection,23639.18566039936,23639.18566039936,,,,,,,,,,,run,,dual-cold-primary
zipf_pure,-9624.88923158273,0.3723019793373711,1,False,ornith_dual-cold-primary,1280,10240,875,0.91455078125,expert-trace.jsonl.gz route_selection,19251.77846316546,19256.933078522376,0.8769178266570584,0.0,,,,,,,,,run,,dual-cold-primary
zipf_mandelbrot,-8715.295364669895,0.07292287347735527,2,True,ornith_dual-cold-primary,1280,10240,875,0.91455078125,expert-trace.jsonl.gz route_selection,17434.59072933979,17444.89996005362,425989724.5189352,141944081316.89124,0.003001109454982557,0.3001109454982557,47297202400009.18,,,,,,run,,dual-cold-primary
lognormal_rank,-9181.579269392967,0.24809232741420428,2,False,ornith_dual-cold-primary,1280,10240,875,0.91455078125,expert-trace.jsonl.gz route_selection,18367.158538785934,18377.467769499763,,,,,,1.526211004655012,2.0597657970291725,,,,run,,dual-cold-primary
poisson_lognormal,nan,0.31132923106132127,3,False,ornith_dual-cold-primary,1280,10240,875,0.91455078125,expert-trace.jsonl.gz route_selection,nan,nan,,,,,,-10.71650205435317,2.4975833766258373,-3827.718437566784,shape_reference_only,,run,,dual-cold-primary
uniform,-11819.59283019968,0.914550781249978,0,False,ornith_dual-warm-profiled,1280,10240,875,0.91455078125,expert-trace.jsonl.gz route_selection,23639.18566039936,23639.18566039936,,,,,,,,,,,run,,dual-warm-profiled
zipf_pure,-9624.88923158273,0.3723019793373711,1,False,ornith_dual-warm-profiled,1280,10240,875,0.91455078125,expert-trace.jsonl.gz route_selection,19251.77846316546,19256.933078522376,0.8769178266570584,0.0,,,,,,,,,run,,dual-warm-profiled
zipf_mandelbrot,-8715.295364669895,0.07292287347735527,2,True,ornith_dual-warm-profiled,1280,10240,875,0.91455078125,expert-trace.jsonl.gz route_selection,17434.59072933979,17444.89996005362,425989724.5189352,141944081316.89124,0.003001109454982557,0.3001109454982557,47297202400009.18,,,,,,run,,dual-warm-profiled
lognormal_rank,-9181.579269392967,0.24809232741420428,2,False,ornith_dual-warm-profiled,1280,10240,875,0.91455078125,expert-trace.jsonl.gz route_selection,18367.158538785934,18377.467769499763,,,,,,1.526211004655012,2.0597657970291725,,,,run,,dual-warm-profiled
poisson_lognormal,nan,0.31132923106132127,3,False,ornith_dual-warm-profiled,1280,10240,875,0.91455078125,expert-trace.jsonl.gz route_selection,nan,nan,,,,,,-10.71650205435317,2.4975833766258373,-3827.718437566784,shape_reference_only,,run,,dual-warm-profiled
uniform,-11819.59283019968,0.914550781249978,0,False,ornith_dual-warm-reference-present,1280,10240,875,0.91455078125,expert-trace.jsonl.gz route_selection,23639.18566039936,23639.18566039936,,,,,,,,,,,run,,dual-warm-reference-present
zipf_pure,-9624.88923158273,0.3723019793373711,1,False,ornith_dual-warm-reference-present,1280,10240,875,0.91455078125,expert-trace.jsonl.gz route_selection,19251.77846316546,19256.933078522376,0.8769178266570584,0.0,,,,,,,,,run,,dual-warm-reference-present
zipf_mandelbrot,-8715.295364669895,0.07292287347735527,2,True,ornith_dual-warm-reference-present,1280,10240,875,0.91455078125,expert-trace.jsonl.gz route_selection,17434.59072933979,17444.89996005362,425989724.5189352,141944081316.89124,0.003001109454982557,0.3001109454982557,47297202400009.18,,,,,,run,,dual-warm-reference-present
lognormal_rank,-9181.579269392967,0.24809232741420428,2,False,ornith_dual-warm-reference-present,1280,10240,875,0.91455078125,expert-trace.jsonl.gz route_selection,18367.158538785934,18377.467769499763,,,,,,1.526211004655012,2.0597657970291725,,,,run,,dual-warm-reference-present
poisson_lognormal,nan,0.31132923106132127,3,False,ornith_dual-warm-reference-present,1280,10240,875,0.91455078125,expert-trace.jsonl.gz route_selection,nan,nan,,,,,,-10.71650205435317,2.4975833766258373,-3827.718437566784,shape_reference_only,,run,,dual-warm-reference-present
uniform,-5909.79641509984,0.9444335937500097,0,False,ornith_dual-cache-disabled,640,10240,569,0.94443359375,expert-trace.jsonl.gz route_selection,11819.59283019968,11819.59283019968,,,,,,,,,,,run,,dual-cache-disabled
zipf_pure,-4715.831690680055,0.4017118267066724,1,False,ornith_dual-cache-disabled,640,10240,569,0.94443359375,expert-trace.jsonl.gz route_selection,9433.66338136011,9438.124849536463,0.8995336809419409,0.0,,,,,,,,,run,,dual-cache-disabled
zipf_mandelbrot,-4191.100810954672,0.12130212327089657,2,True,ornith_dual-cache-disabled,640,10240,569,0.94443359375,expert-trace.jsonl.gz route_selection,8386.201621909344,8395.12455826205,329877666.4033321,84735685755.53091,0.003893019375037042,0.3893019375037042,21766058062509.555,,,,,,run,,dual-cache-disabled
lognormal_rank,-4484.479434418112,0.29461912595103246,2,False,ornith_dual-cache-disabled,640,10240,569,0.94443359375,expert-trace.jsonl.gz route_selection,8972.958868836224,8981.88180518893,,,,,,1.6215498507022819,2.14679588255884,,,,run,,dual-cache-disabled
poisson_lognormal,nan,0.45941737607651845,3,False,ornith_dual-cache-disabled,640,10240,569,0.94443359375,expert-trace.jsonl.gz route_selection,nan,nan,,,,,,-9.952537812087472,1.7000231369274743,-2427.121506453466,shape_reference_only,,run,,dual-cache-disabled
uniform,-5909.79641509984,0.9444335937500097,0,False,ornith_dual-cache-capacity-4,640,10240,569,0.94443359375,expert-trace.jsonl.gz route_selection,11819.59283019968,11819.59283019968,,,,,,,,,,,run,,dual-cache-capacity-4
zipf_pure,-4715.831690680055,0.4017118267066724,1,False,ornith_dual-cache-capacity-4,640,10240,569,0.94443359375,expert-trace.jsonl.gz route_selection,9433.66338136011,9438.124849536463,0.8995336809419409,0.0,,,,,,,,,run,,dual-cache-capacity-4
zipf_mandelbrot,-4191.100810954672,0.12130212327089657,2,True,ornith_dual-cache-capacity-4,640,10240,569,0.94443359375,expert-trace.jsonl.gz route_selection,8386.201621909344,8395.12455826205,329877666.4033321,84735685755.53091,0.003893019375037042,0.3893019375037042,21766058062509.555,,,,,,run,,dual-cache-capacity-4
lognormal_rank,-4484.479434418112,0.29461912595103246,2,False,ornith_dual-cache-capacity-4,640,10240,569,0.94443359375,expert-trace.jsonl.gz route_selection,8972.958868836224,8981.88180518893,,,,,,1.6215498507022819,2.14679588255884,,,,run,,dual-cache-capacity-4
poisson_lognormal,nan,0.45941737607651845,3,False,ornith_dual-cache-capacity-4,640,10240,569,0.94443359375,expert-trace.jsonl.gz route_selection,nan,nan,,,,,,-9.952537812087472,1.7000231369274743,-2427.121506453466,shape_reference_only,,run,,dual-cache-capacity-4
uniform,-32503.88028304912,0.8305664062499807,0,False,ornith_dual-long-prompt,3520,10240,1735,0.83056640625,expert-trace.jsonl.gz route_selection,65007.76056609824,65007.76056609824,,,,,,,,,,,run,,dual-long-prompt
zipf_pure,-27370.895520624472,0.31588903666817136,1,False,ornith_dual-long-prompt,3520,10240,1735,0.83056640625,expert-trace.jsonl.gz route_selection,54743.791041248944,54749.95725751753,0.8355961498031346,0.0,,,,,,,,,run,,dual-long-prompt
zipf_mandelbrot,-25583.29397623967,0.055574237706926266,2,True,ornith_dual-long-prompt,3520,10240,1735,0.83056640625,expert-trace.jsonl.gz route_selection,51170.58795247934,51182.92038501653,8988425203705.436,4767752901390879.0,0.0018852539948291521,0.18852539948291522,2.5289711171374275e+18,,,,,,run,,dual-long-prompt
lognormal_rank,-26293.562679076414,0.1745684669070089,2,False,ornith_dual-long-prompt,3520,10240,1735,0.83056640625,expert-trace.jsonl.gz route_selection,52591.12535815283,52603.457790690016,,,,,,0.0008218484949320554,1.8980756272331456,,,,run,,dual-long-prompt
poisson_lognormal,nan,0.32998858773579764,3,False,ornith_dual-long-prompt,3520,10240,1735,0.83056640625,expert-trace.jsonl.gz route_selection,nan,nan,,,,,,-10.783830886316338,2.5199294793472067,-7034.865361963436,shape_reference_only,,run,,dual-long-prompt
uniform,-2954.89820754992,0.9687500000000056,0,False,ornith_dual-one-token,320,10240,320,0.96875,expert-trace.jsonl.gz route_selection,5909.79641509984,5909.79641509984,,,,,,,,,,,run,,dual-one-token
zipf_pure,-2256.4470982214466,0.4169253841094541,1,False,ornith_dual-one-token,320,10240,320,0.96875,expert-trace.jsonl.gz route_selection,4514.894196442893,4518.662517438687,0.9440480370850652,0.0,,,,,,,,,run,,dual-one-token
zipf_mandelbrot,-1910.5952498997458,0.196655706383413,2,True,ornith_dual-one-token,320,10240,320,0.96875,expert-trace.jsonl.gz route_selection,3825.1904997994916,3832.7271417910792,190444959478753.97,3.0458189783243476e+16,0.006252668357314096,0.6252668357314096,4.87123065588707e+18,,,,,,run,,dual-one-token
lognormal_rank,-2136.105101207663,0.33374587135002554,2,False,ornith_dual-one-token,320,10240,320,0.96875,expert-trace.jsonl.gz route_selection,4276.210202415326,4283.746844406914,,,,,,1.6779992580413778,2.315128926525028,,,,run,,dual-one-token
poisson_lognormal,nan,0.968749970064083,3,False,ornith_dual-one-token,320,10240,320,0.96875,expert-trace.jsonl.gz route_selection,nan,nan,,,,,,-9.234056894641721,4.2538315624959523e-07,-1429.03548889591,shape_reference_only,,run,,dual-one-token
uniform,-5909.79641509984,0.9444335937500097,0,False,ornith_single-t4-warm,640,10240,569,0.94443359375,expert-trace.jsonl.gz route_selection,11819.59283019968,11819.59283019968,,,,,,,,,,,run,,single-t4-warm
zipf_pure,-4715.831690680055,0.4017118267066724,1,False,ornith_single-t4-warm,640,10240,569,0.94443359375,expert-trace.jsonl.gz route_selection,9433.66338136011,9438.124849536463,0.8995336809419409,0.0,,,,,,,,,run,,single-t4-warm
zipf_mandelbrot,-4191.100810954672,0.12130212327089657,2,True,ornith_single-t4-warm,640,10240,569,0.94443359375,expert-trace.jsonl.gz route_selection,8386.201621909344,8395.12455826205,329877666.4033321,84735685755.53091,0.003893019375037042,0.3893019375037042,21766058062509.555,,,,,,run,,single-t4-warm
lognormal_rank,-4484.479434418112,0.29461912595103246,2,False,ornith_single-t4-warm,640,10240,569,0.94443359375,expert-trace.jsonl.gz route_selection,8972.958868836224,8981.88180518893,,,,,,1.6215498507022819,2.14679588255884,,,,run,,single-t4-warm
poisson_lognormal,nan,0.45941737607651845,3,False,ornith_single-t4-warm,640,10240,569,0.94443359375,expert-trace.jsonl.gz route_selection,nan,nan,,,,,,-9.952537812087472,1.7000231369274743,-2427.121506453466,shape_reference_only,,run,,single-t4-warm
