name,value,unit,tag,source,note,uncertainty
d4_layers,43,layers,MEASURED,"dee.cpp/experiments/route_pipeline/fill-live-t4x2-20260909/result.json (layer_count_executed=43, engine_config.num_layers=43)",43 routed MoE layers + 3 MTP buckets in the full universe,
d4_experts_per_layer,256,,MEASURED,dee.cpp/experiments/route_pipeline/fill-live-t4x2-20260909/result.json (engine_config.num_experts=256),routed experts per layer,
d4_topk,6,experts,MEASURED,dee.cpp/experiments/route_pipeline/fill-live-t4x2-20260909/result.json (engine_config.topk=6) + routed_experts.jsonl topk field,authoritative routed top-k; 1 shared expert handled off the cached path,
d4_hidden,4096,,MEASURED,dee.cpp/experiments/route_pipeline/fill-live-t4x2-20260909/result.json (engine_config.hidden=4096),,
d4_inter,2048,,MEASURED,dee.cpp/experiments/route_pipeline/fill-live-t4x2-20260909/result.json (engine_config.inter=2048),,
d4_record_bytes,13369344,bytes,MEASURED,dee.cpp/experiments/route_pipeline/fill-live-t4x2-20260909/result.json (expert_store.average_request_bytes=13369344.0; same value in tools/phase3/p3_builder.py DEE4 packing),packed FP4 record: 12.75 MiB = 12.00 MiB e2m1 payload + 0.75 MiB e8m0 scales,
d4_universe_records,11776,records,MEASURED,dee.cpp/tools/phase3/p3_bench.py (P3_BENCH_UNIVERSE=11776 = 46x256),"46 buckets x 256 experts incl. mtp.{0,1,2}",
d4_universe_bytes,157437394944,bytes,MEASURED,"AGENTS.md CPU-4/10 ledger (157,437,394,944 B = 146.625 GiB published)",complete published packed store,
d4_sealed_unique_records,2364,,MEASURED,"dee.cpp/experiments/route_pipeline/fill-live-t4x2-20260909/routed_experts.jsonl (unique (layer,expert) over 5676 rank slots)",records,
d4_sealed_repeat_records,935,records,MEASURED,dee.cpp/experiments/route_pipeline/fill-live-t4x2-20260909/routed_experts.jsonl recomputed; matches AGENTS.md 935/2364,records used by >=2 distinct layer-calls,
d4_sealed_accesses_raw,5676,,MEASURED,dee.cpp/experiments/route_pipeline/fill-live-t4x2-20260909/routed_experts.jsonl (946 token-rows x topk 6),rank slots,
d4_sealed_accesses_dedup,5099,,MEASURED,dee.cpp/experiments/route_pipeline/fill-live-t4x2-20260909/routed_experts.jsonl per-layer-call deduplicated stream,cache requests,
anchor_decode_tok_s,0.21,,MEASURED,dee.cpp/experiments/route_pipeline/fill-live-t4x2-20260909/result.json (decode_tok_s=0.21; decode 15 tok / 71.479 s),tok/s,0.2..0.22
anchor_decode_tok_s_raw,0.20985184459771403,,DERIVED,"dee.cpp/experiments/route_pipeline/fill-live-t4x2-20260909/result.json (decode_tokens=15, decode_wall_s=71.479)",tok/s,
anchor_bank_B_ssd_lo,311385128.96,,MEASURED,research/route-pipeline/STORAGE_VERDICT.md (0.29 GB/s production),B/s,
anchor_bank_B_ssd_hi,397284474.88,,MEASURED,research/route-pipeline/STORAGE_VERDICT.md (0.37-0.51 GB/s rider rand; 0.37 qd1),B/s,
anchor_storage_bytes_per_tok,2073083904.0,bytes/tok,MEASURED,dee.cpp/experiments/route_pipeline/fill-live-t4x2-20260909/result.json (measured_roofline.storage.bytes_per_emitted_token),33.17 GB over 16 emitted tokens incl. prefill,
anchor_h2d_bytes_total,59413364736,,MEASURED,dee.cpp/experiments/route_pipeline/fill-live-t4x2-20260909/result.json (byte_accounting.expert_h2d_bytes_total),bytes,
anchor_storage_requests_per_tok,155.0625,,MEASURED,dee.cpp/experiments/route_pipeline/fill-live-t4x2-20260909/result.json (byte_accounting.storage_requests_per_generated_token),req/tok,
anchor_source_read_Bps,129053541.84288082,B/s,MEASURED,dee.cpp/experiments/route_pipeline/fill-live-t4x2-20260909/result.json (measured_roofline.storage.observed_source_read_bytes_per_second),effective aggregate source-read rate of the run (lane-sum read time / wall),
anchor_mean_read_ms,103.59,ms,MEASURED,dee.cpp/experiments/route_pipeline/fill-live-t4x2-20260909/result.json (expert_store.cuda0.average_read_ms=103.5997),single-record pread service time ~= device busy time,
anchor_vram_slots,281,slots,MEASURED,dee.cpp/experiments/route_pipeline/fill-live-t4x2-20260909/result.json (engine_stats.cuda0.resident_experts=281 @ 3.5 GiB budget),device resident packed records per GPU,
anchor_host_slots,682,slots,MEASURED,dee.cpp/experiments/route_pipeline/fill-live-t4x2-20260909/result.json (host_pack.cuda0.entries=682 @ 8.5 GiB per GPU),host-tier packed records per GPU,
anchor_vram_budget,3758096384,,MEASURED,dee.cpp/experiments/route_pipeline/fill-live-t4x2-20260909/run_config.json (cache_budget_bytes_per_gpu=3758096384 = 3.5 GiB),bytes,
anchor_host_budget,9126805504,,MEASURED,dee.cpp/experiments/route_pipeline/fill-live-t4x2-20260909/result.json (engine_config.host_pack_cache_bytes=9126805504 = 8.5 GiB/GPU),bytes,
ws_lru_knee_gib,16.0,GiB,MEASURED,"dee.cpp/theory/AGENT_BRIEF.md L33-34 (research/phase2-ws-policy @ 95dfe0d, sealed-trace pooled LRU)",causal pooled LRU RAM knee,
ws_lru_minus_min_pp,2.8,,MEASURED,dee.cpp/theory/AGENT_BRIEF.md L33-34 (LRU ~2.8pp below offline MIN at the knee),pp,
ws_reaches_min_gib,32.0,,MEASURED,dee.cpp/theory/AGENT_BRIEF.md L34 (LRU reaches MIN by ~32 GiB),GiB,
ws_vram_repair_gb_per_response,14.48,,MEASURED,"dee.cpp/theory/AGENT_BRIEF.md L35 (candidate `pure last_used`, ~281-slot VRAM cap)",GB/response,
t4_h2d_Bps,11436367189.722427,B/s,MEASURED,dee.cpp/experiments/route_pipeline/fill-live-t4x2-20260909/result.json (measured_roofline.pcie_h2d.observed_bytes_per_second=11.44 GB/s agg.),"aggregate observed H2D copy-engine rate, 2xT4",
d4_flop_per_record_touch,50331648,FLOP,DERIVED,"2 x (2048x4096 + 2048x4096 + 4096x2048) MACs = 2 x 25,165,824, shapes from result.json engine_config hidden=4096 inter=2048 + tools/phase3 mimo spec expected tensor shapes",routed-FFN FLOPs for one token through one expert record,
t4_routed_ms_per_tok,101.571578,ms,MEASURED,dee.cpp/experiments/route_pipeline/fill-live-t4x2-20260909/result.json (measured_roofline.routed_compute.measured_gpu_ms_per_emitted_token),GPU routed-expert time per emitted decode token (b=1),
t4_eff_flops_per_s,127846445232.93712,FLOP/s,DERIVED,"topk 6 x 43 layers x 50331648 FLOP / 0.101571578 s (T4_ROUTED_MS_PER_TOK, T4_FLOP_PER_TOUCH)",effective routed-expert arithmetic rate at b=1 (launch-bound),
t4_touch_us,393.6882868217054,us,DERIVED,T4_ROUTED_MS_PER_TOK / (topk 6 x 43 layers),mean per-record-touch cost at b=1,
t4_touch_overhead_us,387.47450311800173,us,DERIVED,(T4_ROUTED_MS_PER_TOK - W_tok/8.1e12 peak) / 258 touches,per-touch cost beyond arithmetic (dispatch + gather + setup) in the anchor run (use_batched_experts=false): ~387 us/touch; carried to all cells as CALIBRATED implementation cost (range 50-400 us in FALSIFICATION); uses T4 dense-FP16 peak 8.1 TFLOP/s (ASSUMPTION),
t4_dense_ms_per_tok,180.0,ms,CALIBRATED,"dee.cpp/experiments/route_pipeline/fill-live-t4x2-20260909/host-profile-rows-l*.json (shared_device_ms ~3.86 ms/layer-call at b=1 + combine_ms ~0.2 ms) x 43 layers, attention/router from the same rows",dense path (attention + router + shared expert + combine) per decode token,
cpu_exec_ms_per_expert,2750.0,,MEASURED,"AGENTS.md CPU 6/10 (portable-torch 2,750 ms/expert real-geometry bench)",ms,
compute_eff_assumption,0.6,,ASSUMPTION,fraction of vendor dense-tensor peak realized by batched FP4->FP16 dequant GEMMs at decode batch sizes; no in-repo microbenchmark exists (data needed),fraction,0.3..0.8
modal_price_schedule,see Cell entries,,ASSUMPTION,dee.cpp/theory/AGENT_BRIEF.md,"L4 $0.000222/s, A10 $0.000306/s, L40S $0.000542/s, RTX PRO 6000 $0.000842/s, CPU $0.0000131/core/s, RAM $0.00000222/GiB/s, volume $0.09/GiB/mo, first 1 TiB free",
dense_baseline,"{""achieved_tok_s"": 200.0, ""gpu"": ""8xH100-80GB-class"", ""n_gpu"": 8, ""price_gpu_s"": 0.003223, ""resident_bytes"": 609885356032.0}",,ASSUMPTION,AGENT_BRIEF L110 + conservative cloud pricing,"DSv4-Flash bf16 ~568 GiB resident on H100-class hardware; $11.60/GPU/h (code value price_gpu_s=0.003223 $/GPU/s = 3.223/1000 — ambiguous whether $3.223/GPU/h was divided by 1000 instead of 3600; if the intended rate was $3.223/GPU/h = 0.000895 $/GPU/s, dense cost is 3.57x LOWER and the b=8 break-even conclusions FLIP, see theory/solve/SOLVER.md); 200 tok/s achieved decode is deliberately conservative for a 13B-active model",
serve_assumptions,"{""arrival"": ""Poisson(lambda)"", ""cross_request_popularity"": ""mixture of per-request popularity over K~Poisson(lambda*W) concurrent"", ""prefill_positions"": 512, ""request_tokens"": 512, ""service"": ""decode batch-of-b, exponential-ish durations (M/M/1 per replica)""}",,ASSUMPTION,AGENT_BRIEF L102-106 (structure); numbers chosen here,request length 512 decode + 512 prefill positions; W = mean response time,
volume_price_gib_month,0.09,$/GiB/mo,ASSUMPTION,dee.cpp/theory/AGENT_BRIEF.md,first 1 TiB free,
popularity_fit,generated,,CALIBRATED,theory/data/popularity_fits.csv (regenerated by theory.popularity),"Zipf-Mandelbrot (s,q), lognormal (mu,sigma), uniform per layer + pooled",
s_transfer_assumption,DSv4-Flash pooled s applied to MiMo/MiniMax,,ASSUMPTION,AGENT_BRIEF L82 ('H(M) curves for all four store specs'),"no router traces exist for MiMo-V2.6 / MiniMax-M3 in-repo (data needed, see FALSIFICATION.md); popularity shape is transferred from DSv4-Flash, NOT asserted to be universal",
anchor_gate_tolerance,"{""calibration_policy"": ""any sim parameter fitted to anchor data must be declared CALIBRATED with fitted quantity + residual, and the gate then holds only over quantities NOT used in the fit (the fit/holdout split must be stated in SIM_VS_THEORY.md)"", ""decode_wall_shape"": {""mean_tol_rel"": 0.3, ""min_tokens_in_tol"": 12, ""per_token_tol_rel"": 0.5, ""spearman_min"": 0.5}, ""host_pack_hit_share"": {""definition"": ""pooled_dedup = sum(host_pack_hits) / sum(host_pack_hits + host_pack_misses)"", ""tol_pp"": 3.0}, ""pooled_counters"": {""cold_loads_tol_rel"": 0.05, ""h2d_copies_tol_rel"": 0.05, ""resident_hits_tol_rel"": 0.2}, ""storage_requests_per_decode_token"": {""mean_tol_rel"": 0.1, ""min_tokens_in_tol"": 12, ""per_token_tol_rel"": 0.15}}",mixed,ASSUMPTION,dee.cpp/theory/theory/anchor_gate.py (Phase-7 scaffold; declared before any simulator existed),"gate floor for theory.sim REPLAY MODE; method choice, not a measurement",
anchor_host_share_definitions,computed in data/anchor_gate.json,fraction,DERIVED,dee.cpp/experiments/route_pipeline/fill-live-t4x2-20260909/result.json (per_token_accounting + host_pack + engine_stats),"host_pack hit share is definition-dependent: pooled_dedup 51.3% vs the Phase-7 brief's claimed 23-25% (only cuda0_hits/pooled_requests = 24.0% lands in that band); THEORY.md L327 is internally inconsistent (cites 2,618/5,099 for a 23-25% claim = 51.3%)",
pred_seed,20260915,seed,CALIBRATED,theory/pred/__init__.py (fixed a priori for deterministic regeneration),numpy / scikit-learn / torch CPU seeds,
pred_m_required,"[4, 8, 16]",records,CALIBRATED,"AGENT_BRIEF_PHASE7.md deliverable B (metrics at m in {4,8,16})",required candidate-list sizes per source context,
pred_m_sweep,"[1, 2, 4, 8, 16, 32]",records,CALIBRATED,theory/pred/__init__.py (superset sweep so m can be traded off),swept candidate-list sizes per source context,
pred_min_pair_support,5,observations,CALIBRATED,theory/temporal.py MIN_PAIR_SUPPORT (same convention for the empirical-conditional arms),min source-expert observations before a P(j|i) pair is trusted,
pred_bootstrap_resamples,400,resamples,CALIBRATED,"theory/pred/metrics.py (percentile bootstrap, cluster resampling)",cluster bootstrap resamples (0 under --fast); clusters are tokens (T2) or forward steps (T1),
pred_ornith_record_bytes,6291456,bytes,MEASURED,dee.cpp/benchmark_reports/milestone-2.5/kaggle-forensics-latest-output/ornith-milestone25-evidence/expert-trace.jsonl.gz (expert_request.expert_bytes = 6291456 on all 8011 rows),"DISAGREEMENT with the task brief's carried 13,369,344 B 'Ornith-class' figure: the Ornith trace records 6 MiB/expert. Both are reported in data/pred_byte_value.csv; the saved/consumed ratio is invariant to record size",
pred_vram_scenarios_slots,"[0, 281, 1024]",slots,ASSUMPTION,"281 = theory/constants.py ANCHOR_VRAM_SLOTS (MEASURED anchor device residency); 0 = always-cold bound; 1024 = generous residency ceiling (ASSUMPTION, no measured tier holds it)",would-have-been-cold is evaluated against LRU residency at these capacities (slots),0..1024
pred_split_t2,"{""dropped_stream_groups"": [[""dual-one-token""]], ""test_stream_groups"": [[""dual-long-prompt""]], ""train_stream_groups"": [[""dual-cold-primary"", ""dual-warm-profiled"", ""dual-warm-reference-present""], [""dual-cache-disabled"", ""dual-cache-capacity-4"", ""single-t4-warm""]]}",,DERIVED,"dee.cpp/benchmark_reports/milestone-2.5/kaggle-forensics-latest-output/ornith-milestone25-evidence/expert-trace.jsonl.gz (stream-identity analysis: byte-identical route_selection streams across runs, sha compared per run)","TRAIN = routing-stream groups 1-2 (240 layer-calls after dedup), TEST = dual-long-prompt (440 layer-calls, disjoint run_id, strictly later in trace time). Grouping is REQUIRED: runs 1-3 carry byte-identical routing streams and runs 4/5/8 are one stream, so any run-level split would leak test routing into training. dual-one-token is a strict prefix of group 1 and is dropped.",
pred_split_t1,"{""test_forward_steps"": [11, 12, 13, 14, 15], ""train_forward_steps"": [0, 1, 2, 3, 4, 5, 6, 7, 8, 9, 10]}",,DERIVED,dee.cpp/experiments/route_pipeline/fill-live-t4x2-20260909/routed_experts.jsonl (16 forward_steps x 43 layers; time-ordered cut),"T1 has a single stream, so the split is a strict time cut: train = steps 0-10 (473 layer-calls), test = steps 11-15 (215). All test calls are decode-phase.",
pred_logreg,"{""alpha"": 0.0001, ""classes"": 256, ""hash_dim"": 1024, ""loss"": ""log_loss"", ""max_iter"": 50}",,ASSUMPTION,theory/pred/arms.py (scikit-learn SGDClassifier on crc32-hashed features),"hashed-feature logistic regression, shared across layers; fixed a priori, no hyperparameter search on any evaluation data",
pred_mlp,"{""device"": ""cpu"", ""emb_dim"": 8, ""hidden"": 32, ""lr"": 0.01, ""steps"": 300, ""threads"": 1}",,ASSUMPTION,"theory/pred/arms.py (torch CPU, small multi-label MLP, Adam lr=0.01)",source features -> 256-way BCE set predictor; fixed a priori,
pred_xlayer,"{""device"": ""cpu"", ""emb_dim"": 8, ""hidden"": 32, ""history_layers"": 3, ""lr"": 0.01, ""steps"": 300, ""threads"": 1}",,ASSUMPTION,"theory/pred/arms.py (torch CPU, learned set embeddings, Adam lr=0.01)","within-token cross-layer arm: mean set embeddings of layers l,l-1,l-2 -> 256-way BCE; fixed a priori",
pred_dsv4_record_bytes_handle,13369344,bytes,MEASURED,theory/constants.py D4_RECORD (fill-live-t4x2-20260909/result.json),T1 (sealed DSv4) packed expert record size used for T1 byte accounting; handle registered here for the pred ledger,
solve_slo_set,"[5, 20, 50]",tok/s,ASSUMPTION,component-C task statement (SLO set chosen by the solver),per-stream decode tok/s SLOs for 512-token requests; equivalent mean response budgets L/SLO = 102.4 s / 25.6 s / 10.2 s,1..100
solve_lambda_grid,"[0.01, 0.02, 0.05, 0.1, 0.2, 0.5, 1.0, 2.0, 5.0, 10.0]",req/s,ASSUMPTION,component-C task statement (arrival-rate grid 0.01-10 req/s),Poisson arrival rates per second,
solve_request_len_grid,"[64, 128, 256, 512, 1024, 2048, 4096]",tokens,ASSUMPTION,component-C task statement (break-even surface axis: request length); 512 is the SERVE_ASSUMPTIONS request shape,decode tokens per request,
solve_batch_policy_grid,"[1, 2, 3, 4, 6, 8, 12, 16, 24, 32]",streams,ASSUMPTION,dee-serve continuous-batching window (no measured scheduler exists yet),decode batch policy b = concurrently decoded request streams per replica; ceiling 32 = SOLVE_BATCH_CAP,4..64
solve_batch_cap,32,streams,ASSUMPTION,dee-serve continuous-batching window (no measured scheduler exists yet),max concurrently decoded request streams per replica,8..64
solve_rho_headroom,0.7,fraction,ASSUMPTION,standard capacity-planning headroom for Poisson burstiness,max replica utilisation rho = lambda_r * L / X admitted as feasible,0.5..0.9
solve_cpu_cores_per_replica,2,cores,ASSUMPTION,Modal container floor for a GPU worker (orchestration/IO threads),billed CPU cores per dee replica; deliberately NOT the full cell n_cpu_cores constant (a scheduler does not pin 8-32 cores to one worker) - the delta vs serving.py's accounting is reported as a disagreement in SOLVER.md,1..4
solve_prefetch_arms,"{""m1_announced_per_call"": 6.119047619047619, ""m1_precision"": 0.27456225680933855, ""m1_recall"": 0.22716297786720321, ""off"": 0}",,MEASURED,"dee.cpp/theory/data/prefetch_predictor.csv (m_per_source=1 row: announced_records_per_call=6.119, precision=0.2746, recall=0.2272)","the two legal prefetch budgets compared: hints off (0) and one legal hint budget (1 candidate per source expert, the measured next-layer empirical-conditional predictor). Wrong hints can only waste bandwidth (exactness contract).",
solve_prefetch_cost_model,dt = (wasted - saved) * (1 - eta_s) * t_service; saved = A_tok * miss_frac * precision; wasted = A_tok * miss_frac - saved,,DERIVED,THEORY.md 5.1 fill-service model + data/prefetch_predictor.csv,"a right hint replaces one demand-gated fill earlier in the same saturated device (saves one exposed service slice), a wrong hint adds one; both credited/debited at the same hiding fraction (symmetric treatment). At measured precision 0.275 < 0.5 the sign is negative under ANY symmetric hiding treatment (P12-consistent: k=1 hints worth ~0 s on the sealed bank shape).",
solve_dense_ref_active_params,13000000000.0,params,MEASURED,"AGENTS.md project overview (~13B active/token, ~284B backbone, DSv4-Flash)",reference active parameters/token of the dense-baseline anchor model,
solve_dense_backbone_gib,17.4,GiB,DERIVED,"constants.DENSE_BASELINE.resident_bytes 568 GiB minus routed-universe bf16 (11776 records x 25,165,824 params x 2 B = 550.7 GiB)","non-routed (attention + dense/shared) bf16 footprint of DSv4-Flash; carried unchanged to the other three stores (ASSUMPTION sub-range 10-40 GiB - their attention shapes are not in-repo, data needed)",10.0..40.0
solve_dense_price_gpu_s_computed,0.003223,$/GPU/s,ASSUMPTION,constants.DENSE_BASELINE price_gpu_s AS COMPUTED (0.003223 $/GPU/s = $11.60/GPU/h); the constant's own note and serving.py claim '$3.223/GPU/h' = 0.000895 $/GPU/s - the constant is AMBIGUOUS (orchestrator review 2026-09). Both readings are carried through the break-even surface; this is the primary (computed) reading.,"dense-baseline H100 price per GPU per second, computed reading",0.000895..0.003223
solve_dense_price_gpu_s_cheap,0.000895,$/GPU/s,ASSUMPTION,the '$3.223/GPU/h' reading of constants.DENSE_BASELINE's note (3.223/3600) - 3.57x cheaper than the computed reading,"dense-baseline H100 price per GPU per second, cheap reading",0.000895..0.003223
solve_dense_tok_s,200.0,tok/s,ASSUMPTION,constants.DENSE_BASELINE (deliberately high achieved aggregate decode for a 13B-active MoE on 8xH100),dense baseline aggregate decode throughput at the reference model,100.0..400.0
solve_dense_scaling_law,X_dense = 200 * (13.0e9 / active_params); n_H100 = ceil((universe_params*2 B)/GIB + 17.4) / 74.5 GiB,,ASSUMPTION,dense decode is memory-bandwidth bound in active parameters (no in-repo dense serving measurement exists - data needed),"cross-model dense baseline scaling; deliberately CONSERVATIVE TOWARD THE COMPETITOR: aggregate throughput does NOT fall with resident footprint (only with active parameters), price scales only with the H100 count needed to hold the bf16 weights (74.5 usable GiB per H100-80GB), and the dense side is granted rho<=1.0 with no SLO and no headroom while dee must hold rho<=0.7 plus the SLO",
solve_h100_usable_gib,74.5,GiB,ASSUMPTION,H100-80GB nominal 80 GiB minus runtime/allocator reserve,usable bf16 weight capacity per dense-baseline H100,70.0..80.0
solve_month_seconds,2592000.0,s,DERIVED,30-day month,converts VOLUME_PRICE_GIB_MO to $/s,
solve_che_tau_grid,200,points,ASSUMPTION,CheTable tau-grid resolution (theory/cache.py default 400),log-spaced tau grid used for the Che TTL inversion in the solver's 20k-point enumeration; 400 is kept for the dsv4 disagreement cross-check and the interpolation residual is reported in SOLVER.md,100..400
solve_knee_method,"maximum perpendicular distance from the chord between the frontier endpoints in (log10 TPS, log10 $/1k-tok) space",,ASSUMPTION,named knee heuristic (kneedle-style),how the 'knee' allocation is selected on each model's Pareto frontier,
solve_t4_zero_price_artifact,0.0,$/GPU/s,MEASURED,constants.T4_CELL price_gpu_s=0.0 (anchor cell ran on a free Kaggle tier; no purchasable T4 price exists in the price table),"2xT4 carries a ZERO GPU price: its cost-frontier position is a price-table artifact, not a purchasable quote. The solver reports it but flags is_purchasable=False and computes the T4 break-even price at which it would match the best purchasable cell.",
solve_breakeven_L_grid,"[64.0, 256.0, 512.0, 2048.0, 4096.0]",tokens,ASSUMPTION,theory/solve/model.py LEN_GRID subset (surface runtime),request length (decode tokens) grid of the break-even surface; 512 is the SERVE_ASSUMPTIONS economics convention,
predecl_registration_utc,2026-09-30T03:45:16Z,,DERIVED,Phase-7 campaign clock at freeze (component D); no Phase-6 hardware run existed at this instant,the git commit timestamp of PREDICTIONS_PHASE6.md is the pre-registration; frozen ranges must not be edited later -- later information is addenda only,
predecl_mimo_layers,48,,DERIVED,"data/cache_store_knees.csv mimo_v2_flash universe_records 12288 = 48x256; AGENT_BRIEF.md L22-23 and THEORY.md L40-41 (48x256 records, 13,369,344 B)","AGENT_BRIEF.md quotes 12,032 records for MiMo-V2.6-Flash -- inconsistent with 48x256 = 12,288 (PREDICTIONS_PHASE6.md section 7)",
predecl_mimo_topk,6,,ASSUMPTION,top-6 routed assumed for MiMo-V2.6-Flash matching DSv4-Flash; the authoritative value lives in tools/phase3/specs/mimo_v2_flash.json (outside component D read scope),DATA NEEDED: confirm routed top-k for MiMo-V2.6-Flash,
predecl_mimo_touch_ratio,1.1162790697674418,,DERIVED,"record touches per decode token: (48 x topk 6) / (43 x 6) = 288/258 = 1.1163; MiMo-V2.6-Flash records are byte-identical to DEE4 (13,369,344 B) so W_touch is unchanged",MiMo per-token compute / spill / cold terms = DSv4 closed form scaled by this ratio,
predecl_host_hit_curve,"{""calibration_check"": ""curve reads 47.9% at 682 records/GPU vs anchor measured host share 51.3% pooled-dedup (residual -3.4pp); P2 band 0.48-0.54"", ""dsv4_flash"": {""n50"": 900, ""n80"": 1523, ""n95"": 2459, ""universe"": 11776}, ""form"": ""piecewise log-linear through (0,0),(N50,0.50),(N80,0.80),(N95,0.95),(2.5*N95,0.99); 1.0 once per-GPU host slots >= universe records"", ""known_model_error"": ""steady-state Che reads +25pp HIGH on short windows; finite-window Che reads up to -7pp LOW (FALSIFICATION.md known-failure 1)"", ""mimo_v2_flash"": {""n50"": 939, ""n80"": 1590, ""n95"": 2566, ""universe"": 12288}}",,DERIVED,knee points from data/cache_store_knees.csv (H50/H80/H95 record counts); host-share prior 51.3% pooled-dedup (46.8%/56.1% per-GPU) from data/anchor_gate.json host_share.definitions (Phase-7 correction 2026-09-30),"host-tier hit rate vs per-GPU host slots; host budgets are TOTAL, split evenly over GPUs",
predecl_eta_ranges,"{""eta_h"": [0.3, 0.5, 0.7], ""eta_s"": [0.15, 0.292, 0.45]}",,ASSUMPTION,"eta_s nominal 0.292 CALIBRATED on the 2xT4 anchor (THEORY.md 5.1); range = FALSIFICATION.md P5; eta_h nominal 0.5 ASSUMPTION (THEORY.md 5.1), range chosen here",used as the T_pred sensitivity corners,
predecl_finite_hit_prior,"{""calibration"": ""0.51 at 16 GiB pooled = midpoint of FALSIFICATION P2's registered 0.48-0.54 (ws-policy LRU replay, knee 16 GiB pooled; P2b: LRU -2.8pp vs MIN there; LRU reaches MIN by 32 GiB)"", ""form"": ""piecewise linear in pooled host GiB through (0,0),(16,0.51),(32,0.53),(64,0.54),(256,0.54); the SHORT-WINDOW (4-20 decode token) LRU prior"", ""known_model_error"": ""steady-state Che over-predicts short-window hits by +25pp at 16 GiB (FALSIFICATION known-failure 1) and is carried as the UPPER band edge (valid for >=512-token serving windows), NOT as the short-run nominal"", ""points_gib"": [0, 16, 32, 64, 256], ""points_hit"": [0.0, 0.51, 0.53, 0.54, 0.54], ""saturation"": ""0.536-0.54 = the finite-window repeat ceiling (5,099 dedup cache requests - 2,364 unique records)/5,099 on the sealed window; P2c 850-1000 of 2,364-2,500 records ever repeat""}",,DERIVED,"P2/P2c/P2b + ws_lru_knee_gib (provenance.csv) + sealed-window repeat structure (provenance.csv d4_sealed_accesses_dedup=5099, d4_sealed_unique_records=2364)",host-tier hit rate nominal for short windows; independent of cell and GPU count (pooled host budget basis); MiMo-Flash uses the same prior (S_TRANSFER) with wider band,
predecl_t0_range_us,"[50.0, 387.47450311800173, 420.0]",,ASSUMPTION,"per-touch dispatch cost: nominal 387.47 us = T4_TOUCH_OVERHEAD_US (CALIBRATED, carried to all cells); range = union of FALSIFICATION.md P8c (50-150 us batched kernel) and P8b (300-420 us anchor dispatch path)","used as the T_pred sensitivity corner t_0 in [50, 420] us",
predecl_bssd_mult_range,"[0.9, 1.1]",,ASSUMPTION,B_SSD uncertainty band around each Cell spec value (spec values are ASSUMPTION per Cell provenance); a live run must report its measured B_SSD or the row is UNTESTABLE,used as the T_pred sensitivity corner,
predecl_kill_rules,"{""cold_records_per_tok"": ""kill if measured outside [0.75*lo, 1.25*hi] of the [steady-Che, 2x finite-Che] bracket (P4 construction)"", ""decode_tps"": ""kill if measured outside [0.70*lo, 1.43*hi]"", ""grading"": ""PASS = every measured metric inside its [lo,hi] range; KILLED = any metric outside its kill band (or outside a referenced FALSIFICATION id's own registered kill band, whichever is tighter); UNTESTABLE = missing prerequisite/artifact, or the value lands in the deliberate gap band between range edge and kill edge (weakened, neither confirmed nor killed)"", ""host_hit_rate"": ""kill if measured outside nominal -/+ 0.15 (DSv4) or -/+ 0.22 (MiMo, S_TRANSFER)"", ""registered_id_rule"": ""where a row references a FALSIFICATION.md id, that id's own registered kill criterion additionally applies and is the tighter one where they conflict"", ""usd_per_1k_tok"": ""kill if measured outside [0.60*lo, 1.67*hi]""}",,ASSUMPTION,"component D scoring design (method, not a measurement)","kill margins are deliberate: wide enough that instrumentation noise cannot kill, narrow enough that a wrong regime (storage-bound vs compute-bound) always kills",
predecl_dense_price_readings,"{""cheap_reading_price_gpu_s"": 0.0008952777777777777, ""cheap_reading_usd_per_1k"": 0.035811111111111106, ""expensive_reading_usd_per_1k"": 0.12892, ""note"": ""DENSE_BASELINE price_gpu_s=0.003223 $/GPU/s (= $11.60/GPU/h) conflicts with its own note '$3.223/GPU/h' (= 0.000895 $/GPU/s); 3.57x ambiguity (Phase-7 correction 2026-09-30). Both readings carried; every break-even kill criterion states which reading it assumes."", ""sensitivity_ratio"": 3.6000000000000005}",,ASSUMPTION,dee.cpp/theory/theory/constants.py DENSE_BASELINE (both readings),dense-residency baseline $/1k tok: 0.12892 (expensive reading) vs 0.03581 (cheap reading); P15b 'dee beats dense at b=8' holds only under the expensive reading,
predecl_cpu_kernel_bound,"{""max_speedup_vs_measured"": 90.0, ""portable_torch_ms_per_expert"": 2750.0, ""tuned_kernel_bound_ms_per_expert"": [25.0, 30.0]}",,DERIVED,"CPU_EXEC_MS_PER_EXPERT (MEASURED, AGENTS.md CPU 6/10) vs the 25-30 ms/expert arithmetic bound (~90x over, AGENTS.md research assimilation)",CPU-only rows: nominal = portable-torch MEASURED; range upper edge = the unbuilt tuned-kernel bound (DATA NEEDED: tuned AVX2 expert kernel),
