cell,host_gib,batch,tps_pred,usd_per_1k_tok_dee,usd_per_1k_tok_dense,ratio_dee_over_dense,beats_dense,lambda_saturation_per_s,note
2xT4,64,1,2.3361334099021263,0.11233091350334921,0.12892,0.8713226303393516,True,0.25,dee wins where ratio<1 at the batch the replica can actually sustain (lambda_sat)
2xT4,64,4,1.7027222535116135,0.1541179129237299,0.12892,1.195453870025829,False,1.0,dee wins where ratio<1 at the batch the replica can actually sustain (lambda_sat)
2xT4,64,8,1.3065478852782166,0.2008498907363967,0.12892,1.5579420628017118,False,2.0,dee wins where ratio<1 at the batch the replica can actually sustain (lambda_sat)
2xT4,64,16,1.0326443931937817,0.25412426749191225,0.12892,1.9711779979205106,False,4.0,dee wins where ratio<1 at the batch the replica can actually sustain (lambda_sat)
2xT4,256,1,2.3361334099021263,0.29478624683033483,0.12892,2.286582739918824,False,0.25,dee wins where ratio<1 at the batch the replica can actually sustain (lambda_sat)
2xT4,256,4,1.7027222535116135,0.4044464671673494,0.12892,3.137189475390547,False,1.0,dee wins where ratio<1 at the batch the replica can actually sustain (lambda_sat)
2xT4,256,8,1.3065478852782166,0.527083628361127,0.12892,4.088455075714606,False,2.0,dee wins where ratio<1 at the batch the replica can actually sustain (lambda_sat)
2xT4,256,16,1.0326443931937817,0.666889787558038,0.12892,5.172896273332594,False,4.0,dee wins where ratio<1 at the batch the replica can actually sustain (lambda_sat)
1xL4,64,1,6.75899481237822,0.07659718854227601,0.12892,0.5941451174548248,True,0.25,dee wins where ratio<1 at the batch the replica can actually sustain (lambda_sat)
1xL4,64,4,7.304243331033731,0.07087934732408893,0.12892,0.5497932618995418,True,1.0,dee wins where ratio<1 at the batch the replica can actually sustain (lambda_sat)
1xL4,64,8,6.7514685122787546,0.07668257639925796,0.12892,0.5948074495753798,True,2.0,dee wins where ratio<1 at the batch the replica can actually sustain (lambda_sat)
1xL4,64,16,5.953922860328757,0.08695443527654524,0.12892,0.6744836741897707,True,4.0,dee wins where ratio<1 at the batch the replica can actually sustain (lambda_sat)
1xL4,256,1,6.75899481237822,0.13965982016604894,0.12892,1.0833060825787226,False,0.25,dee wins where ratio<1 at the batch the replica can actually sustain (lambda_sat)
1xL4,256,4,7.304243331033731,0.12923446785916515,0.12892,1.0024392480543372,False,1.0,dee wins where ratio<1 at the batch the replica can actually sustain (lambda_sat)
1xL4,256,8,6.7514685122787546,0.13981550803106607,0.12892,1.0845137141720917,False,2.0,dee wins where ratio<1 at the batch the replica can actually sustain (lambda_sat)
1xL4,256,16,5.953922860328757,0.15854421062282245,0.12892,1.229787547493193,False,4.0,dee wins where ratio<1 at the batch the replica can actually sustain (lambda_sat)
2xL4,64,1,7.690883089273608,0.11615831233294387,0.12892,0.9010107999762943,True,0.25,dee wins where ratio<1 at the batch the replica can actually sustain (lambda_sat)
2xL4,64,4,11.117977640661493,0.08035274299641848,0.12892,0.6232760083495072,True,1.0,dee wins where ratio<1 at the batch the replica can actually sustain (lambda_sat)
2xL4,64,8,14.627675607390909,0.06107327124130461,0.12892,0.47372999721769005,True,2.0,dee wins where ratio<1 at the batch the replica can actually sustain (lambda_sat)
2xL4,64,16,20.855124605475076,0.04283647385954563,0.12892,0.3322717488329633,True,4.0,dee wins where ratio<1 at the batch the replica can actually sustain (lambda_sat)
2xL4,256,1,7.690883089273608,0.17157977629908738,0.12892,1.3309011503187045,False,0.25,dee wins where ratio<1 at the batch the replica can actually sustain (lambda_sat)
2xL4,256,4,11.117977640661493,0.11869065064260077,0.12892,0.9206535110347562,True,1.0,dee wins where ratio<1 at the batch the replica can actually sustain (lambda_sat)
2xL4,256,8,14.627675607390909,0.09021255566627737,0.12892,0.6997560942156171,True,2.0,dee wins where ratio<1 at the batch the replica can actually sustain (lambda_sat)
2xL4,256,16,20.855124605475076,0.06327461594996016,0.12892,0.4908052742007459,True,4.0,dee wins where ratio<1 at the batch the replica can actually sustain (lambda_sat)
1xA10,64,1,6.778172912054693,0.08877318531220509,0.12892,0.6885912605662821,True,0.25,dee wins where ratio<1 at the batch the replica can actually sustain (lambda_sat)
1xA10,64,4,7.3208378249123385,0.0821927782572079,0.12892,0.6375486988613706,True,1.0,dee wins where ratio<1 at the batch the replica can actually sustain (lambda_sat)
1xA10,64,8,6.76481796198488,0.08894843931963664,0.12892,0.6899506618029525,True,2.0,dee wins where ratio<1 at the batch the replica can actually sustain (lambda_sat)
1xA10,64,16,5.963981287411597,0.10089233533815295,0.12892,0.7825964577889617,True,4.0,dee wins where ratio<1 at the batch the replica can actually sustain (lambda_sat)
1xA10,256,1,6.778172912054693,0.1516573881099753,0.12892,1.1763681981847294,False,0.25,dee wins where ratio<1 at the batch the replica can actually sustain (lambda_sat)
1xA10,256,4,7.3208378249123385,0.14041562244445827,0.12892,1.089168650670635,False,1.0,dee wins where ratio<1 at the batch the replica can actually sustain (lambda_sat)
1xA10,256,8,6.76481796198488,0.15195678668319762,0.12892,1.178690557579876,False,2.0,dee wins where ratio<1 at the batch the replica can actually sustain (lambda_sat)
1xA10,256,16,5.963981287411597,0.17236137245597238,0.12892,1.3369637950354667,False,4.0,dee wins where ratio<1 at the batch the replica can actually sustain (lambda_sat)
1xL40S,64,1,7.821307561649136,0.12788654481567244,0.12892,0.99198374818238,True,0.25,dee wins where ratio<1 at the batch the replica can actually sustain (lambda_sat)
1xL40S,64,4,11.320281285997366,0.08835822845120005,0.12892,0.6853725446106116,True,1.0,dee wins where ratio<1 at the batch the replica can actually sustain (lambda_sat)
1xL40S,64,8,14.95894240917215,0.0668656896082906,0.12892,0.518660328950439,True,2.0,dee wins where ratio<1 at the batch the replica can actually sustain (lambda_sat)
1xL40S,64,16,21.5133961174307,0.04649382154915002,0.12892,0.36064087456678573,True,4.0,dee wins where ratio<1 at the batch the replica can actually sustain (lambda_sat)
1xL40S,256,1,7.821307561649136,0.18238382633034114,0.12892,1.4147054477997296,False,0.25,dee wins where ratio<1 at the batch the replica can actually sustain (lambda_sat)
1xL40S,256,4,11.320281285997366,0.12601100308032856,0.12892,0.9774356428818535,True,1.0,dee wins where ratio<1 at the batch the replica can actually sustain (lambda_sat)
1xL40S,256,8,14.95894240917215,0.09535968258861312,0.12892,0.7396810625862016,True,2.0,dee wins where ratio<1 at the batch the replica can actually sustain (lambda_sat)
1xL40S,256,16,21.5133961174307,0.06630659298111606,0.12892,0.514323557098325,True,4.0,dee wins where ratio<1 at the batch the replica can actually sustain (lambda_sat)
1xRTXPRO6000,64,1,7.952632305425414,0.17689740276817,0.12892,1.3721486407707881,False,0.25,dee wins where ratio<1 at the batch the replica can actually sustain (lambda_sat)
1xRTXPRO6000,64,4,11.52447953484938,0.12207058858891767,0.12892,0.9468708391942109,True,1.0,dee wins where ratio<1 at the batch the replica can actually sustain (lambda_sat)
1xRTXPRO6000,64,8,15.296261303738001,0.09197018618243762,0.12892,0.7133895918588087,True,2.0,dee wins where ratio<1 at the batch the replica can actually sustain (lambda_sat)
1xRTXPRO6000,64,16,22.195596360835975,0.06338194194602907,0.12892,0.49163777494592825,True,4.0,dee wins where ratio<1 at the batch the replica can actually sustain (lambda_sat)
1xRTXPRO6000,256,1,7.952632305425414,0.23049475061854305,0.12892,1.7878897814035295,False,0.25,dee wins where ratio<1 at the batch the replica can actually sustain (lambda_sat)
1xRTXPRO6000,256,4,11.52447953484938,0.15905620678634463,0.12892,1.2337589729005944,False,1.0,dee wins where ratio<1 at the batch the replica can actually sustain (lambda_sat)
1xRTXPRO6000,256,8,15.296261303738001,0.11983581893649094,0.12892,0.9295362933330045,True,2.0,dee wins where ratio<1 at the batch the replica can actually sustain (lambda_sat)
1xRTXPRO6000,256,16,22.195596360835975,0.0825857512544421,0.12892,0.6405968915175465,True,4.0,dee wins where ratio<1 at the batch the replica can actually sustain (lambda_sat)
CPU-only,64,1,0.0013171888861115604,426.1195990325581,0.12892,3305.3025056822685,False,0.25,dee wins where ratio<1 at the batch the replica can actually sustain (lambda_sat)
CPU-only,64,4,0.005266150963524985,106.58258828651161,0.12892,826.734318077192,False,1.0,dee wins where ratio<1 at the batch the replica can actually sustain (lambda_sat)
CPU-only,64,8,0.01052536438413737,53.32641982883721,0.12892,413.6396201430128,False,2.0,dee wins where ratio<1 at the batch the replica can actually sustain (lambda_sat)
CPU-only,64,16,0.021023033360926063,26.698335599999997,0.12892,207.092271175923,False,4.0,dee wins where ratio<1 at the batch the replica can actually sustain (lambda_sat)
CPU-only,256,1,0.0013171888861115604,749.7178350139535,0.12892,5815.372595516238,False,0.25,dee wins where ratio<1 at the batch the replica can actually sustain (lambda_sat)
CPU-only,256,4,0.005266150963524985,187.52215932279069,0.12892,1454.5622038689937,False,1.0,dee wins where ratio<1 at the batch the replica can actually sustain (lambda_sat)
CPU-only,256,8,0.01052536438413737,93.82288004093023,0.12892,727.7604719277864,False,2.0,dee wins where ratio<1 at the batch the replica can actually sustain (lambda_sat)
CPU-only,256,16,0.021023033360926063,46.9732404,0.12892,364.35960595718274,False,4.0,dee wins where ratio<1 at the batch the replica can actually sustain (lambda_sat)
