step,phase,target_storage_requests,sim_storage_requests,target_wall_ms,sim_wall_ms,target_cold_loads,sim_cold_loads,target_resident_hits,sim_resident_hits,target_h2d_copies,sim_h2d_copies
0,prefill,1229,1229,91938.637,74046.1487043414,1229,1229,0,0,1229,1229
1,decode,96,96,5754.45,4414.295161865521,191,191,67,67,191,191
2,decode,69,69,4117.283,3665.8896450924076,184,184,74,74,184,184
3,decode,80,80,4311.571,4081.670487744137,187,187,71,71,187,187
4,decode,111,111,6084.462,4913.232173047596,209,209,49,49,209,209
5,decode,125,125,6919.384,5245.85684716898,220,220,38,38,220,220
6,decode,114,114,6106.814,5245.85684716898,217,217,41,41,217,217
7,decode,96,96,5181.947,4830.07600451725,230,230,28,28,230,230
8,decode,80,80,4642.983,3915.3581506834453,227,227,31,31,227,227
9,decode,56,56,3469.485,3499.577308031716,227,227,31,31,227,227
10,decode,64,64,3563.975,3832.2019821530994,215,215,43,43,215,215
11,decode,79,79,4650.073,4497.4513303958665,218,218,40,40,218,218
12,decode,61,61,3582.416,3582.7334765620617,223,223,35,35,223,223
13,decode,69,69,4204.776,3665.8896450924076,224,224,34,34,224,224
14,decode,91,91,5129.065,4414.295161865972,221,221,37,37,221,221
15,decode,61,61,3760.627,3416.4211395019956,222,222,36,36,222,222
