model,lambda_req_s,slo_tok_s,L_req,reason
dsv4_flash,0.01,5.0,512.0,"no feasible (cell, host, VRAM, batch, r) at rho<=0.7 with batch-fillability and the per-stream SLO"
dsv4_flash,0.01,20.0,512.0,"no feasible (cell, host, VRAM, batch, r) at rho<=0.7 with batch-fillability and the per-stream SLO"
dsv4_flash,0.01,50.0,512.0,"no feasible (cell, host, VRAM, batch, r) at rho<=0.7 with batch-fillability and the per-stream SLO"
dsv4_flash,0.02,5.0,512.0,"no feasible (cell, host, VRAM, batch, r) at rho<=0.7 with batch-fillability and the per-stream SLO"
dsv4_flash,0.02,20.0,512.0,"no feasible (cell, host, VRAM, batch, r) at rho<=0.7 with batch-fillability and the per-stream SLO"
dsv4_flash,0.02,50.0,512.0,"no feasible (cell, host, VRAM, batch, r) at rho<=0.7 with batch-fillability and the per-stream SLO"
dsv4_flash,0.05,5.0,512.0,"no feasible (cell, host, VRAM, batch, r) at rho<=0.7 with batch-fillability and the per-stream SLO"
dsv4_flash,0.05,20.0,512.0,"no feasible (cell, host, VRAM, batch, r) at rho<=0.7 with batch-fillability and the per-stream SLO"
dsv4_flash,0.05,50.0,512.0,"no feasible (cell, host, VRAM, batch, r) at rho<=0.7 with batch-fillability and the per-stream SLO"
dsv4_flash,0.1,5.0,512.0,"no feasible (cell, host, VRAM, batch, r) at rho<=0.7 with batch-fillability and the per-stream SLO"
dsv4_flash,0.1,20.0,512.0,"no feasible (cell, host, VRAM, batch, r) at rho<=0.7 with batch-fillability and the per-stream SLO"
dsv4_flash,0.1,50.0,512.0,"no feasible (cell, host, VRAM, batch, r) at rho<=0.7 with batch-fillability and the per-stream SLO"
dsv4_flash,0.2,5.0,512.0,"no feasible (cell, host, VRAM, batch, r) at rho<=0.7 with batch-fillability and the per-stream SLO"
dsv4_flash,0.2,20.0,512.0,"no feasible (cell, host, VRAM, batch, r) at rho<=0.7 with batch-fillability and the per-stream SLO"
dsv4_flash,0.2,50.0,512.0,"no feasible (cell, host, VRAM, batch, r) at rho<=0.7 with batch-fillability and the per-stream SLO"
dsv4_flash,0.5,5.0,512.0,"no feasible (cell, host, VRAM, batch, r) at rho<=0.7 with batch-fillability and the per-stream SLO"
dsv4_flash,0.5,20.0,512.0,"no feasible (cell, host, VRAM, batch, r) at rho<=0.7 with batch-fillability and the per-stream SLO"
dsv4_flash,0.5,50.0,512.0,"no feasible (cell, host, VRAM, batch, r) at rho<=0.7 with batch-fillability and the per-stream SLO"
dsv4_flash,1.0,5.0,512.0,"no feasible (cell, host, VRAM, batch, r) at rho<=0.7 with batch-fillability and the per-stream SLO"
dsv4_flash,1.0,20.0,512.0,"no feasible (cell, host, VRAM, batch, r) at rho<=0.7 with batch-fillability and the per-stream SLO"
dsv4_flash,1.0,50.0,512.0,"no feasible (cell, host, VRAM, batch, r) at rho<=0.7 with batch-fillability and the per-stream SLO"
dsv4_flash,2.0,5.0,512.0,"no feasible (cell, host, VRAM, batch, r) at rho<=0.7 with batch-fillability and the per-stream SLO"
dsv4_flash,2.0,20.0,512.0,"no feasible (cell, host, VRAM, batch, r) at rho<=0.7 with batch-fillability and the per-stream SLO"
dsv4_flash,2.0,50.0,512.0,"no feasible (cell, host, VRAM, batch, r) at rho<=0.7 with batch-fillability and the per-stream SLO"
dsv4_flash,5.0,5.0,512.0,"no feasible (cell, host, VRAM, batch, r) at rho<=0.7 with batch-fillability and the per-stream SLO"
dsv4_flash,5.0,20.0,512.0,"no feasible (cell, host, VRAM, batch, r) at rho<=0.7 with batch-fillability and the per-stream SLO"
dsv4_flash,5.0,50.0,512.0,"no feasible (cell, host, VRAM, batch, r) at rho<=0.7 with batch-fillability and the per-stream SLO"
dsv4_flash,10.0,5.0,512.0,"no feasible (cell, host, VRAM, batch, r) at rho<=0.7 with batch-fillability and the per-stream SLO"
dsv4_flash,10.0,20.0,512.0,"no feasible (cell, host, VRAM, batch, r) at rho<=0.7 with batch-fillability and the per-stream SLO"
dsv4_flash,10.0,50.0,512.0,"no feasible (cell, host, VRAM, batch, r) at rho<=0.7 with batch-fillability and the per-stream SLO"
mimo_v2_flash,0.01,5.0,512.0,"no feasible (cell, host, VRAM, batch, r) at rho<=0.7 with batch-fillability and the per-stream SLO"
mimo_v2_flash,0.01,20.0,512.0,"no feasible (cell, host, VRAM, batch, r) at rho<=0.7 with batch-fillability and the per-stream SLO"
mimo_v2_flash,0.01,50.0,512.0,"no feasible (cell, host, VRAM, batch, r) at rho<=0.7 with batch-fillability and the per-stream SLO"
mimo_v2_flash,0.02,5.0,512.0,"no feasible (cell, host, VRAM, batch, r) at rho<=0.7 with batch-fillability and the per-stream SLO"
mimo_v2_flash,0.02,20.0,512.0,"no feasible (cell, host, VRAM, batch, r) at rho<=0.7 with batch-fillability and the per-stream SLO"
mimo_v2_flash,0.02,50.0,512.0,"no feasible (cell, host, VRAM, batch, r) at rho<=0.7 with batch-fillability and the per-stream SLO"
mimo_v2_flash,0.05,5.0,512.0,"no feasible (cell, host, VRAM, batch, r) at rho<=0.7 with batch-fillability and the per-stream SLO"
mimo_v2_flash,0.05,20.0,512.0,"no feasible (cell, host, VRAM, batch, r) at rho<=0.7 with batch-fillability and the per-stream SLO"
mimo_v2_flash,0.05,50.0,512.0,"no feasible (cell, host, VRAM, batch, r) at rho<=0.7 with batch-fillability and the per-stream SLO"
mimo_v2_flash,0.1,5.0,512.0,"no feasible (cell, host, VRAM, batch, r) at rho<=0.7 with batch-fillability and the per-stream SLO"
mimo_v2_flash,0.1,20.0,512.0,"no feasible (cell, host, VRAM, batch, r) at rho<=0.7 with batch-fillability and the per-stream SLO"
mimo_v2_flash,0.1,50.0,512.0,"no feasible (cell, host, VRAM, batch, r) at rho<=0.7 with batch-fillability and the per-stream SLO"
mimo_v2_flash,0.2,5.0,512.0,"no feasible (cell, host, VRAM, batch, r) at rho<=0.7 with batch-fillability and the per-stream SLO"
mimo_v2_flash,0.2,20.0,512.0,"no feasible (cell, host, VRAM, batch, r) at rho<=0.7 with batch-fillability and the per-stream SLO"
mimo_v2_flash,0.2,50.0,512.0,"no feasible (cell, host, VRAM, batch, r) at rho<=0.7 with batch-fillability and the per-stream SLO"
mimo_v2_flash,0.5,5.0,512.0,"no feasible (cell, host, VRAM, batch, r) at rho<=0.7 with batch-fillability and the per-stream SLO"
mimo_v2_flash,0.5,20.0,512.0,"no feasible (cell, host, VRAM, batch, r) at rho<=0.7 with batch-fillability and the per-stream SLO"
mimo_v2_flash,0.5,50.0,512.0,"no feasible (cell, host, VRAM, batch, r) at rho<=0.7 with batch-fillability and the per-stream SLO"
mimo_v2_flash,1.0,5.0,512.0,"no feasible (cell, host, VRAM, batch, r) at rho<=0.7 with batch-fillability and the per-stream SLO"
mimo_v2_flash,1.0,20.0,512.0,"no feasible (cell, host, VRAM, batch, r) at rho<=0.7 with batch-fillability and the per-stream SLO"
mimo_v2_flash,1.0,50.0,512.0,"no feasible (cell, host, VRAM, batch, r) at rho<=0.7 with batch-fillability and the per-stream SLO"
mimo_v2_flash,2.0,5.0,512.0,"no feasible (cell, host, VRAM, batch, r) at rho<=0.7 with batch-fillability and the per-stream SLO"
mimo_v2_flash,2.0,20.0,512.0,"no feasible (cell, host, VRAM, batch, r) at rho<=0.7 with batch-fillability and the per-stream SLO"
mimo_v2_flash,2.0,50.0,512.0,"no feasible (cell, host, VRAM, batch, r) at rho<=0.7 with batch-fillability and the per-stream SLO"
mimo_v2_flash,5.0,5.0,512.0,"no feasible (cell, host, VRAM, batch, r) at rho<=0.7 with batch-fillability and the per-stream SLO"
mimo_v2_flash,5.0,20.0,512.0,"no feasible (cell, host, VRAM, batch, r) at rho<=0.7 with batch-fillability and the per-stream SLO"
mimo_v2_flash,5.0,50.0,512.0,"no feasible (cell, host, VRAM, batch, r) at rho<=0.7 with batch-fillability and the per-stream SLO"
mimo_v2_flash,10.0,5.0,512.0,"no feasible (cell, host, VRAM, batch, r) at rho<=0.7 with batch-fillability and the per-stream SLO"
mimo_v2_flash,10.0,20.0,512.0,"no feasible (cell, host, VRAM, batch, r) at rho<=0.7 with batch-fillability and the per-stream SLO"
mimo_v2_flash,10.0,50.0,512.0,"no feasible (cell, host, VRAM, batch, r) at rho<=0.7 with batch-fillability and the per-stream SLO"
mimo_v2_pro,0.01,5.0,512.0,"no feasible (cell, host, VRAM, batch, r) at rho<=0.7 with batch-fillability and the per-stream SLO"
mimo_v2_pro,0.01,20.0,512.0,"no feasible (cell, host, VRAM, batch, r) at rho<=0.7 with batch-fillability and the per-stream SLO"
mimo_v2_pro,0.01,50.0,512.0,"no feasible (cell, host, VRAM, batch, r) at rho<=0.7 with batch-fillability and the per-stream SLO"
mimo_v2_pro,0.02,5.0,512.0,"no feasible (cell, host, VRAM, batch, r) at rho<=0.7 with batch-fillability and the per-stream SLO"
mimo_v2_pro,0.02,20.0,512.0,"no feasible (cell, host, VRAM, batch, r) at rho<=0.7 with batch-fillability and the per-stream SLO"
mimo_v2_pro,0.02,50.0,512.0,"no feasible (cell, host, VRAM, batch, r) at rho<=0.7 with batch-fillability and the per-stream SLO"
mimo_v2_pro,0.05,5.0,512.0,"no feasible (cell, host, VRAM, batch, r) at rho<=0.7 with batch-fillability and the per-stream SLO"
mimo_v2_pro,0.05,20.0,512.0,"no feasible (cell, host, VRAM, batch, r) at rho<=0.7 with batch-fillability and the per-stream SLO"
mimo_v2_pro,0.05,50.0,512.0,"no feasible (cell, host, VRAM, batch, r) at rho<=0.7 with batch-fillability and the per-stream SLO"
mimo_v2_pro,0.1,5.0,512.0,"no feasible (cell, host, VRAM, batch, r) at rho<=0.7 with batch-fillability and the per-stream SLO"
mimo_v2_pro,0.1,20.0,512.0,"no feasible (cell, host, VRAM, batch, r) at rho<=0.7 with batch-fillability and the per-stream SLO"
mimo_v2_pro,0.1,50.0,512.0,"no feasible (cell, host, VRAM, batch, r) at rho<=0.7 with batch-fillability and the per-stream SLO"
mimo_v2_pro,0.2,5.0,512.0,"no feasible (cell, host, VRAM, batch, r) at rho<=0.7 with batch-fillability and the per-stream SLO"
mimo_v2_pro,0.2,20.0,512.0,"no feasible (cell, host, VRAM, batch, r) at rho<=0.7 with batch-fillability and the per-stream SLO"
mimo_v2_pro,0.2,50.0,512.0,"no feasible (cell, host, VRAM, batch, r) at rho<=0.7 with batch-fillability and the per-stream SLO"
mimo_v2_pro,0.5,5.0,512.0,"no feasible (cell, host, VRAM, batch, r) at rho<=0.7 with batch-fillability and the per-stream SLO"
mimo_v2_pro,0.5,20.0,512.0,"no feasible (cell, host, VRAM, batch, r) at rho<=0.7 with batch-fillability and the per-stream SLO"
mimo_v2_pro,0.5,50.0,512.0,"no feasible (cell, host, VRAM, batch, r) at rho<=0.7 with batch-fillability and the per-stream SLO"
mimo_v2_pro,1.0,5.0,512.0,"no feasible (cell, host, VRAM, batch, r) at rho<=0.7 with batch-fillability and the per-stream SLO"
mimo_v2_pro,1.0,20.0,512.0,"no feasible (cell, host, VRAM, batch, r) at rho<=0.7 with batch-fillability and the per-stream SLO"
mimo_v2_pro,1.0,50.0,512.0,"no feasible (cell, host, VRAM, batch, r) at rho<=0.7 with batch-fillability and the per-stream SLO"
mimo_v2_pro,2.0,5.0,512.0,"no feasible (cell, host, VRAM, batch, r) at rho<=0.7 with batch-fillability and the per-stream SLO"
mimo_v2_pro,2.0,20.0,512.0,"no feasible (cell, host, VRAM, batch, r) at rho<=0.7 with batch-fillability and the per-stream SLO"
mimo_v2_pro,2.0,50.0,512.0,"no feasible (cell, host, VRAM, batch, r) at rho<=0.7 with batch-fillability and the per-stream SLO"
mimo_v2_pro,5.0,5.0,512.0,"no feasible (cell, host, VRAM, batch, r) at rho<=0.7 with batch-fillability and the per-stream SLO"
mimo_v2_pro,5.0,20.0,512.0,"no feasible (cell, host, VRAM, batch, r) at rho<=0.7 with batch-fillability and the per-stream SLO"
mimo_v2_pro,5.0,50.0,512.0,"no feasible (cell, host, VRAM, batch, r) at rho<=0.7 with batch-fillability and the per-stream SLO"
mimo_v2_pro,10.0,5.0,512.0,"no feasible (cell, host, VRAM, batch, r) at rho<=0.7 with batch-fillability and the per-stream SLO"
mimo_v2_pro,10.0,20.0,512.0,"no feasible (cell, host, VRAM, batch, r) at rho<=0.7 with batch-fillability and the per-stream SLO"
mimo_v2_pro,10.0,50.0,512.0,"no feasible (cell, host, VRAM, batch, r) at rho<=0.7 with batch-fillability and the per-stream SLO"
minimax_m3,0.01,5.0,512.0,"no feasible (cell, host, VRAM, batch, r) at rho<=0.7 with batch-fillability and the per-stream SLO"
minimax_m3,0.01,20.0,512.0,"no feasible (cell, host, VRAM, batch, r) at rho<=0.7 with batch-fillability and the per-stream SLO"
minimax_m3,0.01,50.0,512.0,"no feasible (cell, host, VRAM, batch, r) at rho<=0.7 with batch-fillability and the per-stream SLO"
minimax_m3,0.02,5.0,512.0,"no feasible (cell, host, VRAM, batch, r) at rho<=0.7 with batch-fillability and the per-stream SLO"
minimax_m3,0.02,20.0,512.0,"no feasible (cell, host, VRAM, batch, r) at rho<=0.7 with batch-fillability and the per-stream SLO"
minimax_m3,0.02,50.0,512.0,"no feasible (cell, host, VRAM, batch, r) at rho<=0.7 with batch-fillability and the per-stream SLO"
minimax_m3,0.05,5.0,512.0,"no feasible (cell, host, VRAM, batch, r) at rho<=0.7 with batch-fillability and the per-stream SLO"
minimax_m3,0.05,20.0,512.0,"no feasible (cell, host, VRAM, batch, r) at rho<=0.7 with batch-fillability and the per-stream SLO"
minimax_m3,0.05,50.0,512.0,"no feasible (cell, host, VRAM, batch, r) at rho<=0.7 with batch-fillability and the per-stream SLO"
minimax_m3,0.1,5.0,512.0,"no feasible (cell, host, VRAM, batch, r) at rho<=0.7 with batch-fillability and the per-stream SLO"
minimax_m3,0.1,20.0,512.0,"no feasible (cell, host, VRAM, batch, r) at rho<=0.7 with batch-fillability and the per-stream SLO"
minimax_m3,0.1,50.0,512.0,"no feasible (cell, host, VRAM, batch, r) at rho<=0.7 with batch-fillability and the per-stream SLO"
minimax_m3,0.2,5.0,512.0,"no feasible (cell, host, VRAM, batch, r) at rho<=0.7 with batch-fillability and the per-stream SLO"
minimax_m3,0.2,20.0,512.0,"no feasible (cell, host, VRAM, batch, r) at rho<=0.7 with batch-fillability and the per-stream SLO"
minimax_m3,0.2,50.0,512.0,"no feasible (cell, host, VRAM, batch, r) at rho<=0.7 with batch-fillability and the per-stream SLO"
minimax_m3,0.5,5.0,512.0,"no feasible (cell, host, VRAM, batch, r) at rho<=0.7 with batch-fillability and the per-stream SLO"
minimax_m3,0.5,20.0,512.0,"no feasible (cell, host, VRAM, batch, r) at rho<=0.7 with batch-fillability and the per-stream SLO"
minimax_m3,0.5,50.0,512.0,"no feasible (cell, host, VRAM, batch, r) at rho<=0.7 with batch-fillability and the per-stream SLO"
minimax_m3,1.0,5.0,512.0,"no feasible (cell, host, VRAM, batch, r) at rho<=0.7 with batch-fillability and the per-stream SLO"
minimax_m3,1.0,20.0,512.0,"no feasible (cell, host, VRAM, batch, r) at rho<=0.7 with batch-fillability and the per-stream SLO"
minimax_m3,1.0,50.0,512.0,"no feasible (cell, host, VRAM, batch, r) at rho<=0.7 with batch-fillability and the per-stream SLO"
minimax_m3,2.0,5.0,512.0,"no feasible (cell, host, VRAM, batch, r) at rho<=0.7 with batch-fillability and the per-stream SLO"
minimax_m3,2.0,20.0,512.0,"no feasible (cell, host, VRAM, batch, r) at rho<=0.7 with batch-fillability and the per-stream SLO"
minimax_m3,2.0,50.0,512.0,"no feasible (cell, host, VRAM, batch, r) at rho<=0.7 with batch-fillability and the per-stream SLO"
minimax_m3,5.0,5.0,512.0,"no feasible (cell, host, VRAM, batch, r) at rho<=0.7 with batch-fillability and the per-stream SLO"
minimax_m3,5.0,20.0,512.0,"no feasible (cell, host, VRAM, batch, r) at rho<=0.7 with batch-fillability and the per-stream SLO"
minimax_m3,5.0,50.0,512.0,"no feasible (cell, host, VRAM, batch, r) at rho<=0.7 with batch-fillability and the per-stream SLO"
minimax_m3,10.0,5.0,512.0,"no feasible (cell, host, VRAM, batch, r) at rho<=0.7 with batch-fillability and the per-stream SLO"
minimax_m3,10.0,20.0,512.0,"no feasible (cell, host, VRAM, batch, r) at rho<=0.7 with batch-fillability and the per-stream SLO"
minimax_m3,10.0,50.0,512.0,"no feasible (cell, host, VRAM, batch, r) at rho<=0.7 with batch-fillability and the per-stream SLO"
