scenario,compute_eff,t0_us,model,price_reading,cell,host_gib,vram_gib,batch_realized,replicas,X_replica_tps,usd_per_1k_tok,dense_usd_per_1k_tok,ratio_at_ref_traffic,dee_wins
eff06_t387,0.6,387.0,dsv4_flash,computed_0.003223,INFEASIBLE,,,,,,,0.12892,,False
eff06_t387,0.6,387.0,dsv4_flash,cheap_0.000895,INFEASIBLE,,,,,,,0.0358,,False
eff06_t387,0.6,387.0,mimo_v2_flash,computed_0.003223,INFEASIBLE,,,,,,,0.059985677886030764,,False
eff06_t387,0.6,387.0,mimo_v2_flash,cheap_0.000895,INFEASIBLE,,,,,,,0.016657518370461536,,False
eff06_t387,0.6,387.0,mimo_v2_pro,computed_0.003223,INFEASIBLE,,,,,,,0.22531134289664004,,False
eff06_t387,0.6,387.0,mimo_v2_pro,cheap_0.000895,INFEASIBLE,,,,,,,0.0625670654336,,False
eff06_t387,0.6,387.0,minimax_m3,computed_0.003223,INFEASIBLE,,,,,,,0.39328360016108305,,False
eff06_t387,0.6,387.0,minimax_m3,cheap_0.000895,INFEASIBLE,,,,,,,0.10921154891224613,,False
eff03_t50,0.3,50.0,dsv4_flash,computed_0.003223,INFEASIBLE,,,,,,,0.12892,,False
eff03_t50,0.3,50.0,dsv4_flash,cheap_0.000895,INFEASIBLE,,,,,,,0.0358,,False
eff03_t50,0.3,50.0,mimo_v2_flash,computed_0.003223,INFEASIBLE,,,,,,,0.059985677886030764,,False
eff03_t50,0.3,50.0,mimo_v2_flash,cheap_0.000895,INFEASIBLE,,,,,,,0.016657518370461536,,False
eff03_t50,0.3,50.0,mimo_v2_pro,computed_0.003223,INFEASIBLE,,,,,,,0.22531134289664004,,False
eff03_t50,0.3,50.0,mimo_v2_pro,cheap_0.000895,INFEASIBLE,,,,,,,0.0625670654336,,False
eff03_t50,0.3,50.0,minimax_m3,computed_0.003223,INFEASIBLE,,,,,,,0.39328360016108305,,False
eff03_t50,0.3,50.0,minimax_m3,cheap_0.000895,INFEASIBLE,,,,,,,0.10921154891224613,,False
eff08_t50,0.8,50.0,dsv4_flash,computed_0.003223,INFEASIBLE,,,,,,,0.12892,,False
eff08_t50,0.8,50.0,dsv4_flash,cheap_0.000895,INFEASIBLE,,,,,,,0.0358,,False
eff08_t50,0.8,50.0,mimo_v2_flash,computed_0.003223,INFEASIBLE,,,,,,,0.059985677886030764,,False
eff08_t50,0.8,50.0,mimo_v2_flash,cheap_0.000895,INFEASIBLE,,,,,,,0.016657518370461536,,False
eff08_t50,0.8,50.0,mimo_v2_pro,computed_0.003223,INFEASIBLE,,,,,,,0.22531134289664004,,False
eff08_t50,0.8,50.0,mimo_v2_pro,cheap_0.000895,INFEASIBLE,,,,,,,0.0625670654336,,False
eff08_t50,0.8,50.0,minimax_m3,computed_0.003223,INFEASIBLE,,,,,,,0.39328360016108305,,False
eff08_t50,0.8,50.0,minimax_m3,cheap_0.000895,INFEASIBLE,,,,,,,0.10921154891224613,,False
eff03_t400,0.3,400.0,dsv4_flash,computed_0.003223,INFEASIBLE,,,,,,,0.12892,,False
eff03_t400,0.3,400.0,dsv4_flash,cheap_0.000895,INFEASIBLE,,,,,,,0.0358,,False
eff03_t400,0.3,400.0,mimo_v2_flash,computed_0.003223,INFEASIBLE,,,,,,,0.059985677886030764,,False
eff03_t400,0.3,400.0,mimo_v2_flash,cheap_0.000895,INFEASIBLE,,,,,,,0.016657518370461536,,False
eff03_t400,0.3,400.0,mimo_v2_pro,computed_0.003223,INFEASIBLE,,,,,,,0.22531134289664004,,False
eff03_t400,0.3,400.0,mimo_v2_pro,cheap_0.000895,INFEASIBLE,,,,,,,0.0625670654336,,False
eff03_t400,0.3,400.0,minimax_m3,computed_0.003223,INFEASIBLE,,,,,,,0.39328360016108305,,False
eff03_t400,0.3,400.0,minimax_m3,cheap_0.000895,INFEASIBLE,,,,,,,0.10921154891224613,,False
eff08_t400,0.8,400.0,dsv4_flash,computed_0.003223,INFEASIBLE,,,,,,,0.12892,,False
eff08_t400,0.8,400.0,dsv4_flash,cheap_0.000895,INFEASIBLE,,,,,,,0.0358,,False
eff08_t400,0.8,400.0,mimo_v2_flash,computed_0.003223,INFEASIBLE,,,,,,,0.059985677886030764,,False
eff08_t400,0.8,400.0,mimo_v2_flash,cheap_0.000895,INFEASIBLE,,,,,,,0.016657518370461536,,False
eff08_t400,0.8,400.0,mimo_v2_pro,computed_0.003223,INFEASIBLE,,,,,,,0.22531134289664004,,False
eff08_t400,0.8,400.0,mimo_v2_pro,cheap_0.000895,INFEASIBLE,,,,,,,0.0625670654336,,False
eff08_t400,0.8,400.0,minimax_m3,computed_0.003223,INFEASIBLE,,,,,,,0.39328360016108305,,False
eff08_t400,0.8,400.0,minimax_m3,cheap_0.000895,INFEASIBLE,,,,,,,0.10921154891224613,,False
