model,price_reading,L_req,lambda_req_s,cell,host_gib,vram_gib,batch_policy,batch_realized,replicas,X_replica_tps,demand_tps,dee_usd_per_1k_tok,dense_usd_per_1k_tok,cost_ratio_dee_over_dense,dee_wins,limiter,rho,per_stream_tps
dsv4_flash,computed_0.003223,64.0,0.01,2xT4,32.0,2.1,32,1,2,2.198522885541878,0.64,0.30387499999999995,0.12892,2.357081911262798,False,h2d,0.1455522715294039,1.878522885541878
dsv4_flash,computed_0.003223,64.0,0.02,2xT4,32.0,0.17500000000000002,32,32,3,0.7074049296920898,1.28,0.22790624999999998,0.12892,1.7678114334470987,False,h2d,0.6031434737843582,0.00877307071954447
dsv4_flash,computed_0.003223,64.0,0.05,1xL4,32.0,22.0,32,32,1,5.530282063443613,3.2,0.0997625,0.12892,0.773832609370152,True,h2d,0.5786323307363846,0.07282131448261289
dsv4_flash,computed_0.003223,64.0,0.1,1xL40S,4.0,28.799999999999997,32,32,1,10.303052425999,6.4,0.09016874999999998,0.12892,0.6994163046850758,True,storage,0.621175136782772,0.12197038831246876
dsv4_flash,computed_0.003223,64.0,0.2,1xL40S,24.0,28.799999999999997,32,32,1,20.92871613898378,12.8,0.04855312499999999,0.12892,0.3766143732547315,True,compute,0.6115998666615543,0.2540223793432431
dsv4_flash,computed_0.003223,64.0,0.5,1xL40S,32.0,28.799999999999997,32,32,2,28.29270653585501,32.0,0.039952499999999995,0.12892,0.30990148929568717,True,compute,0.5655167694799149,0.3841470792454691
dsv4_flash,computed_0.003223,64.0,1.0,2xL4,4.0,22.0,32,32,3,32.56114343557509,64.0,0.022456875,0.12892,0.174192328575861,True,compute,0.6551776468029475,0.350869065695055
dsv4_flash,computed_0.003223,64.0,2.0,2xL4,4.0,22.0,32,32,6,32.56114343557509,128.0,0.022456875,0.12892,0.174192328575861,True,compute,0.6551776468029475,0.350869065695055
dsv4_flash,computed_0.003223,64.0,5.0,2xL4,4.0,22.0,32,32,15,32.56114343557509,320.0,0.022456875,0.12892,0.174192328575861,True,compute,0.6551776468029475,0.350869065695055
dsv4_flash,computed_0.003223,64.0,10.0,2xL4,4.0,22.0,32,32,29,32.56114343557509,640.0,0.0217083125,0.12892,0.1683859176233323,True,compute,0.6777699794513252,0.32788055994792836
dsv4_flash,computed_0.003223,256.0,0.01,2xL4,4.0,22.0,32,1,1,7.690883089273608,2.56,0.187140625,0.12892,1.451602738132175,False,compute,0.33286164544230357,5.130883089273609
dsv4_flash,computed_0.003223,256.0,0.02,2xL4,4.0,22.0,32,4,1,11.117977640661493,5.12,0.0935703125,0.12892,0.7258013690660875,True,compute,0.4605154071613488,1.4994944101653733
dsv4_flash,computed_0.003223,256.0,0.05,1xL40S,24.0,28.799999999999997,32,32,1,20.92871613898378,12.8,0.04855312499999999,0.12892,0.3766143732547315,True,compute,0.6115998666615543,0.2540223793432431
dsv4_flash,computed_0.003223,256.0,0.1,1xL40S,24.0,28.799999999999997,32,32,2,20.92871613898378,25.6,0.04855312499999999,0.12892,0.3766143732547315,True,compute,0.6115998666615543,0.2540223793432431
dsv4_flash,computed_0.003223,256.0,0.2,2xL4,4.0,22.0,32,32,3,32.56114343557509,51.2,0.02807109375,0.12892,0.21774041071982625,True,compute,0.5241421174423581,0.4842023990283883
dsv4_flash,computed_0.003223,256.0,0.5,2xL4,4.0,22.0,32,32,6,32.56114343557509,128.0,0.022456875,0.12892,0.174192328575861,True,compute,0.6551776468029475,0.350869065695055
dsv4_flash,computed_0.003223,256.0,1.0,2xL4,4.0,22.0,32,32,12,32.56114343557509,256.0,0.022456875,0.12892,0.174192328575861,True,compute,0.6551776468029475,0.350869065695055
dsv4_flash,computed_0.003223,256.0,2.0,2xL4,4.0,22.0,32,32,23,32.56114343557509,512.0,0.021521171875,0.12892,0.16693431488520014,True,compute,0.6836636314465541,0.3218835584486781
dsv4_flash,computed_0.003223,256.0,5.0,2xL4,4.0,22.0,32,32,57,32.56114343557509,1280.0,0.021334031250000003,0.12892,0.16548271214706797,True,compute,0.689660680845208,0.31578134639680927
dsv4_flash,computed_0.003223,256.0,10.0,2xL4,4.0,22.0,32,32,113,32.56114343557509,2560.0,0.021146890625,0.12892,0.16403110940893578,True,compute,0.6957638727110949,0.3095711305918101
dsv4_flash,computed_0.003223,512.0,0.01,2xL4,4.0,22.0,32,4,1,11.117977640661493,5.12,0.0935703125,0.12892,0.7258013690660875,True,compute,0.4605154071613488,1.4994944101653733
dsv4_flash,computed_0.003223,512.0,0.02,2xL4,4.0,22.0,32,16,1,20.855124605475076,10.24,0.04678515625,0.12892,0.36290068453304375,True,compute,0.49100641658653543,0.6634452878421923
dsv4_flash,computed_0.003223,512.0,0.05,1xL40S,24.0,28.799999999999997,32,32,2,20.92871613898378,25.6,0.04855312499999999,0.12892,0.3766143732547315,True,compute,0.6115998666615543,0.2540223793432431
dsv4_flash,computed_0.003223,512.0,0.1,2xL4,4.0,22.0,32,32,3,32.56114343557509,51.2,0.02807109375,0.12892,0.21774041071982625,True,compute,0.5241421174423581,0.4842023990283883
dsv4_flash,computed_0.003223,512.0,0.2,2xL4,4.0,22.0,32,32,5,32.56114343557509,102.4,0.023392578124999997,0.12892,0.18145034226652185,True,compute,0.6289705409308297,0.37753573236172155
dsv4_flash,computed_0.003223,512.0,0.5,2xL4,4.0,22.0,32,32,12,32.56114343557509,256.0,0.022456875,0.12892,0.174192328575861,True,compute,0.6551776468029475,0.350869065695055
dsv4_flash,computed_0.003223,512.0,1.0,2xL4,4.0,22.0,32,32,23,32.56114343557509,512.0,0.021521171875,0.12892,0.16693431488520014,True,compute,0.6836636314465541,0.3218835584486781
dsv4_flash,computed_0.003223,512.0,2.0,2xL4,4.0,22.0,32,32,45,32.56114343557509,1024.0,0.021053320312500002,0.12892,0.1633053080398697,True,compute,0.6988561565898108,0.30642462125061043
dsv4_flash,computed_0.003223,512.0,5.0,2xL4,4.0,22.0,32,32,113,32.56114343557509,2560.0,0.021146890625,0.12892,0.16403110940893578,True,compute,0.6957638727110949,0.3095711305918101
dsv4_flash,computed_0.003223,512.0,10.0,2xL4,4.0,22.0,32,32,225,32.56114343557509,5120.0,0.021053320312500002,0.12892,0.1633053080398697,True,compute,0.6988561565898108,0.30642462125061043
dsv4_flash,computed_0.003223,2048.0,0.01,2xL4,4.0,22.0,32,32,1,32.56114343557509,20.48,0.023392578125,0.12892,0.18145034226652187,True,compute,0.6289705409308297,0.37753573236172155
dsv4_flash,computed_0.003223,2048.0,0.02,2xL4,4.0,22.0,32,32,2,32.56114343557509,40.96,0.023392578125,0.12892,0.18145034226652187,True,compute,0.6289705409308297,0.37753573236172155
dsv4_flash,computed_0.003223,2048.0,0.05,2xL4,4.0,22.0,32,32,5,32.56114343557509,102.4,0.023392578124999997,0.12892,0.18145034226652185,True,compute,0.6289705409308297,0.37753573236172155
dsv4_flash,computed_0.003223,2048.0,0.1,2xL4,4.0,22.0,32,32,9,32.56114343557509,204.8,0.0210533203125,0.12892,0.16330530803986967,True,compute,0.6988561565898108,0.30642462125061043
dsv4_flash,computed_0.003223,2048.0,0.2,2xL4,4.0,22.0,32,32,18,32.56114343557509,409.6,0.0210533203125,0.12892,0.16330530803986967,True,compute,0.6988561565898108,0.30642462125061043
dsv4_flash,computed_0.003223,2048.0,0.5,2xL4,4.0,22.0,32,32,45,32.56114343557509,1024.0,0.021053320312500002,0.12892,0.1633053080398697,True,compute,0.6988561565898108,0.30642462125061043
dsv4_flash,computed_0.003223,2048.0,1.0,2xL4,4.0,22.0,32,32,90,32.56114343557509,2048.0,0.021053320312500002,0.12892,0.1633053080398697,True,compute,0.6988561565898108,0.30642462125061043
dsv4_flash,computed_0.003223,2048.0,2.0,2xL4,4.0,22.0,32,32,180,32.56114343557509,4096.0,0.021053320312500002,0.12892,0.1633053080398697,True,compute,0.6988561565898108,0.30642462125061043
dsv4_flash,computed_0.003223,2048.0,5.0,2xL4,4.0,22.0,32,32,450,32.56114343557509,10240.0,0.021053320312500002,0.12892,0.1633053080398697,True,compute,0.6988561565898108,0.30642462125061043
dsv4_flash,computed_0.003223,2048.0,10.0,2xL4,4.0,22.0,32,32,899,32.56114343557509,20480.0,0.021029927734375,0.12892,0.16312385769760315,True,compute,0.6996335271755615,0.30563361890232216
dsv4_flash,computed_0.003223,4096.0,0.01,2xL4,4.0,22.0,32,32,2,32.56114343557509,40.96,0.023392578125,0.12892,0.18145034226652187,True,compute,0.6289705409308297,0.37753573236172155
dsv4_flash,computed_0.003223,4096.0,0.02,2xL4,4.0,22.0,32,32,4,32.56114343557509,81.92,0.023392578125,0.12892,0.18145034226652187,True,compute,0.6289705409308297,0.37753573236172155
dsv4_flash,computed_0.003223,4096.0,0.05,2xL4,4.0,22.0,32,32,9,32.56114343557509,204.8,0.0210533203125,0.12892,0.16330530803986967,True,compute,0.6988561565898108,0.30642462125061043
dsv4_flash,computed_0.003223,4096.0,0.1,2xL4,4.0,22.0,32,32,18,32.56114343557509,409.6,0.0210533203125,0.12892,0.16330530803986967,True,compute,0.6988561565898108,0.30642462125061043
dsv4_flash,computed_0.003223,4096.0,0.2,2xL4,4.0,22.0,32,32,36,32.56114343557509,819.2,0.0210533203125,0.12892,0.16330530803986967,True,compute,0.6988561565898108,0.30642462125061043
dsv4_flash,computed_0.003223,4096.0,0.5,2xL4,4.0,22.0,32,32,90,32.56114343557509,2048.0,0.021053320312500002,0.12892,0.1633053080398697,True,compute,0.6988561565898108,0.30642462125061043
dsv4_flash,computed_0.003223,4096.0,1.0,2xL4,4.0,22.0,32,32,180,32.56114343557509,4096.0,0.021053320312500002,0.12892,0.1633053080398697,True,compute,0.6988561565898108,0.30642462125061043
dsv4_flash,computed_0.003223,4096.0,2.0,2xL4,4.0,22.0,32,32,360,32.56114343557509,8192.0,0.021053320312500002,0.12892,0.1633053080398697,True,compute,0.6988561565898108,0.30642462125061043
dsv4_flash,computed_0.003223,4096.0,5.0,2xL4,4.0,22.0,32,32,899,32.56114343557509,20480.0,0.021029927734375,0.12892,0.16312385769760315,True,compute,0.6996335271755615,0.30563361890232216
dsv4_flash,computed_0.003223,4096.0,10.0,2xL4,4.0,22.0,32,32,1798,32.56114343557509,40960.0,0.021029927734375,0.12892,0.16312385769760315,True,compute,0.6996335271755615,0.30563361890232216
dsv4_flash,cheap_0.000895,64.0,0.01,2xT4,32.0,2.1,32,1,2,2.198522885541878,0.64,0.30387499999999995,0.0358,8.488128491620111,False,h2d,0.1455522715294039,1.878522885541878
dsv4_flash,cheap_0.000895,64.0,0.02,2xT4,32.0,0.17500000000000002,32,32,3,0.7074049296920898,1.28,0.22790624999999998,0.0358,6.366096368715083,False,h2d,0.6031434737843582,0.00877307071954447
dsv4_flash,cheap_0.000895,64.0,0.05,1xL4,32.0,22.0,32,32,1,5.530282063443613,3.2,0.0997625,0.0358,2.786662011173185,False,h2d,0.5786323307363846,0.07282131448261289
dsv4_flash,cheap_0.000895,64.0,0.1,1xL40S,4.0,28.799999999999997,32,32,1,10.303052425999,6.4,0.09016874999999998,0.0358,2.518680167597765,False,storage,0.621175136782772,0.12197038831246876
dsv4_flash,cheap_0.000895,64.0,0.2,1xL40S,24.0,28.799999999999997,32,32,1,20.92871613898378,12.8,0.04855312499999999,0.0358,1.356232541899441,False,compute,0.6115998666615543,0.2540223793432431
dsv4_flash,cheap_0.000895,64.0,0.5,1xL40S,32.0,28.799999999999997,32,32,2,28.29270653585501,32.0,0.039952499999999995,0.0358,1.1159916201117317,False,compute,0.5655167694799149,0.3841470792454691
dsv4_flash,cheap_0.000895,64.0,1.0,2xL4,4.0,22.0,32,32,3,32.56114343557509,64.0,0.022456875,0.0358,0.6272870111731844,True,compute,0.6551776468029475,0.350869065695055
dsv4_flash,cheap_0.000895,64.0,2.0,2xL4,4.0,22.0,32,32,6,32.56114343557509,128.0,0.022456875,0.0358,0.6272870111731844,True,compute,0.6551776468029475,0.350869065695055
dsv4_flash,cheap_0.000895,64.0,5.0,2xL4,4.0,22.0,32,32,15,32.56114343557509,320.0,0.022456875,0.0358,0.6272870111731844,True,compute,0.6551776468029475,0.350869065695055
dsv4_flash,cheap_0.000895,64.0,10.0,2xL4,4.0,22.0,32,32,29,32.56114343557509,640.0,0.0217083125,0.0358,0.6063774441340782,True,compute,0.6777699794513252,0.32788055994792836
dsv4_flash,cheap_0.000895,256.0,0.01,2xL4,4.0,22.0,32,1,1,7.690883089273608,2.56,0.187140625,0.0358,5.227391759776537,False,compute,0.33286164544230357,5.130883089273609
dsv4_flash,cheap_0.000895,256.0,0.02,2xL4,4.0,22.0,32,4,1,11.117977640661493,5.12,0.0935703125,0.0358,2.6136958798882683,False,compute,0.4605154071613488,1.4994944101653733
dsv4_flash,cheap_0.000895,256.0,0.05,1xL40S,24.0,28.799999999999997,32,32,1,20.92871613898378,12.8,0.04855312499999999,0.0358,1.356232541899441,False,compute,0.6115998666615543,0.2540223793432431
dsv4_flash,cheap_0.000895,256.0,0.1,1xL40S,24.0,28.799999999999997,32,32,2,20.92871613898378,25.6,0.04855312499999999,0.0358,1.356232541899441,False,compute,0.6115998666615543,0.2540223793432431
dsv4_flash,cheap_0.000895,256.0,0.2,2xL4,4.0,22.0,32,32,3,32.56114343557509,51.2,0.02807109375,0.0358,0.7841087639664805,True,compute,0.5241421174423581,0.4842023990283883
dsv4_flash,cheap_0.000895,256.0,0.5,2xL4,4.0,22.0,32,32,6,32.56114343557509,128.0,0.022456875,0.0358,0.6272870111731844,True,compute,0.6551776468029475,0.350869065695055
dsv4_flash,cheap_0.000895,256.0,1.0,2xL4,4.0,22.0,32,32,12,32.56114343557509,256.0,0.022456875,0.0358,0.6272870111731844,True,compute,0.6551776468029475,0.350869065695055
dsv4_flash,cheap_0.000895,256.0,2.0,2xL4,4.0,22.0,32,32,23,32.56114343557509,512.0,0.021521171875,0.0358,0.6011500523743017,True,compute,0.6836636314465541,0.3218835584486781
dsv4_flash,cheap_0.000895,256.0,5.0,2xL4,4.0,22.0,32,32,57,32.56114343557509,1280.0,0.021334031250000003,0.0358,0.5959226606145253,True,compute,0.689660680845208,0.31578134639680927
dsv4_flash,cheap_0.000895,256.0,10.0,2xL4,4.0,22.0,32,32,113,32.56114343557509,2560.0,0.021146890625,0.0358,0.5906952688547487,True,compute,0.6957638727110949,0.3095711305918101
dsv4_flash,cheap_0.000895,512.0,0.01,2xL4,4.0,22.0,32,4,1,11.117977640661493,5.12,0.0935703125,0.0358,2.6136958798882683,False,compute,0.4605154071613488,1.4994944101653733
dsv4_flash,cheap_0.000895,512.0,0.02,2xL4,4.0,22.0,32,16,1,20.855124605475076,10.24,0.04678515625,0.0358,1.3068479399441342,False,compute,0.49100641658653543,0.6634452878421923
dsv4_flash,cheap_0.000895,512.0,0.05,1xL40S,24.0,28.799999999999997,32,32,2,20.92871613898378,25.6,0.04855312499999999,0.0358,1.356232541899441,False,compute,0.6115998666615543,0.2540223793432431
dsv4_flash,cheap_0.000895,512.0,0.1,2xL4,4.0,22.0,32,32,3,32.56114343557509,51.2,0.02807109375,0.0358,0.7841087639664805,True,compute,0.5241421174423581,0.4842023990283883
dsv4_flash,cheap_0.000895,512.0,0.2,2xL4,4.0,22.0,32,32,5,32.56114343557509,102.4,0.023392578124999997,0.0358,0.653423969972067,True,compute,0.6289705409308297,0.37753573236172155
dsv4_flash,cheap_0.000895,512.0,0.5,2xL4,4.0,22.0,32,32,12,32.56114343557509,256.0,0.022456875,0.0358,0.6272870111731844,True,compute,0.6551776468029475,0.350869065695055
dsv4_flash,cheap_0.000895,512.0,1.0,2xL4,4.0,22.0,32,32,23,32.56114343557509,512.0,0.021521171875,0.0358,0.6011500523743017,True,compute,0.6836636314465541,0.3218835584486781
dsv4_flash,cheap_0.000895,512.0,2.0,2xL4,4.0,22.0,32,32,45,32.56114343557509,1024.0,0.021053320312500002,0.0358,0.5880815729748604,True,compute,0.6988561565898108,0.30642462125061043
dsv4_flash,cheap_0.000895,512.0,5.0,2xL4,4.0,22.0,32,32,113,32.56114343557509,2560.0,0.021146890625,0.0358,0.5906952688547487,True,compute,0.6957638727110949,0.3095711305918101
dsv4_flash,cheap_0.000895,512.0,10.0,2xL4,4.0,22.0,32,32,225,32.56114343557509,5120.0,0.021053320312500002,0.0358,0.5880815729748604,True,compute,0.6988561565898108,0.30642462125061043
dsv4_flash,cheap_0.000895,2048.0,0.01,2xL4,4.0,22.0,32,32,1,32.56114343557509,20.48,0.023392578125,0.0358,0.6534239699720671,True,compute,0.6289705409308297,0.37753573236172155
dsv4_flash,cheap_0.000895,2048.0,0.02,2xL4,4.0,22.0,32,32,2,32.56114343557509,40.96,0.023392578125,0.0358,0.6534239699720671,True,compute,0.6289705409308297,0.37753573236172155
dsv4_flash,cheap_0.000895,2048.0,0.05,2xL4,4.0,22.0,32,32,5,32.56114343557509,102.4,0.023392578124999997,0.0358,0.653423969972067,True,compute,0.6289705409308297,0.37753573236172155
dsv4_flash,cheap_0.000895,2048.0,0.1,2xL4,4.0,22.0,32,32,9,32.56114343557509,204.8,0.0210533203125,0.0358,0.5880815729748603,True,compute,0.6988561565898108,0.30642462125061043
dsv4_flash,cheap_0.000895,2048.0,0.2,2xL4,4.0,22.0,32,32,18,32.56114343557509,409.6,0.0210533203125,0.0358,0.5880815729748603,True,compute,0.6988561565898108,0.30642462125061043
dsv4_flash,cheap_0.000895,2048.0,0.5,2xL4,4.0,22.0,32,32,45,32.56114343557509,1024.0,0.021053320312500002,0.0358,0.5880815729748604,True,compute,0.6988561565898108,0.30642462125061043
dsv4_flash,cheap_0.000895,2048.0,1.0,2xL4,4.0,22.0,32,32,90,32.56114343557509,2048.0,0.021053320312500002,0.0358,0.5880815729748604,True,compute,0.6988561565898108,0.30642462125061043
dsv4_flash,cheap_0.000895,2048.0,2.0,2xL4,4.0,22.0,32,32,180,32.56114343557509,4096.0,0.021053320312500002,0.0358,0.5880815729748604,True,compute,0.6988561565898108,0.30642462125061043
dsv4_flash,cheap_0.000895,2048.0,5.0,2xL4,4.0,22.0,32,32,450,32.56114343557509,10240.0,0.021053320312500002,0.0358,0.5880815729748604,True,compute,0.6988561565898108,0.30642462125061043
dsv4_flash,cheap_0.000895,2048.0,10.0,2xL4,4.0,22.0,32,32,899,32.56114343557509,20480.0,0.021029927734375,0.0358,0.5874281490048883,True,compute,0.6996335271755615,0.30563361890232216
dsv4_flash,cheap_0.000895,4096.0,0.01,2xL4,4.0,22.0,32,32,2,32.56114343557509,40.96,0.023392578125,0.0358,0.6534239699720671,True,compute,0.6289705409308297,0.37753573236172155
dsv4_flash,cheap_0.000895,4096.0,0.02,2xL4,4.0,22.0,32,32,4,32.56114343557509,81.92,0.023392578125,0.0358,0.6534239699720671,True,compute,0.6289705409308297,0.37753573236172155
dsv4_flash,cheap_0.000895,4096.0,0.05,2xL4,4.0,22.0,32,32,9,32.56114343557509,204.8,0.0210533203125,0.0358,0.5880815729748603,True,compute,0.6988561565898108,0.30642462125061043
dsv4_flash,cheap_0.000895,4096.0,0.1,2xL4,4.0,22.0,32,32,18,32.56114343557509,409.6,0.0210533203125,0.0358,0.5880815729748603,True,compute,0.6988561565898108,0.30642462125061043
dsv4_flash,cheap_0.000895,4096.0,0.2,2xL4,4.0,22.0,32,32,36,32.56114343557509,819.2,0.0210533203125,0.0358,0.5880815729748603,True,compute,0.6988561565898108,0.30642462125061043
dsv4_flash,cheap_0.000895,4096.0,0.5,2xL4,4.0,22.0,32,32,90,32.56114343557509,2048.0,0.021053320312500002,0.0358,0.5880815729748604,True,compute,0.6988561565898108,0.30642462125061043
dsv4_flash,cheap_0.000895,4096.0,1.0,2xL4,4.0,22.0,32,32,180,32.56114343557509,4096.0,0.021053320312500002,0.0358,0.5880815729748604,True,compute,0.6988561565898108,0.30642462125061043
dsv4_flash,cheap_0.000895,4096.0,2.0,2xL4,4.0,22.0,32,32,360,32.56114343557509,8192.0,0.021053320312500002,0.0358,0.5880815729748604,True,compute,0.6988561565898108,0.30642462125061043
dsv4_flash,cheap_0.000895,4096.0,5.0,2xL4,4.0,22.0,32,32,899,32.56114343557509,20480.0,0.021029927734375,0.0358,0.5874281490048883,True,compute,0.6996335271755615,0.30563361890232216
dsv4_flash,cheap_0.000895,4096.0,10.0,2xL4,4.0,22.0,32,32,1798,32.56114343557509,40960.0,0.021029927734375,0.0358,0.5874281490048883,True,compute,0.6996335271755615,0.30563361890232216
mimo_v2_flash,computed_0.003223,64.0,0.01,2xT4,4.0,0.17500000000000002,32,32,5,0.1931889025023746,0.64,0.27406249999999993,0.059985677886030764,4.568798914312554,False,storage,0.6625639378971402,0.0020371532031992065
mimo_v2_flash,computed_0.003223,64.0,0.02,1xL4,4.0,22.0,32,32,1,1.8752760869658553,1.28,0.20084375000000002,0.059985677886030764,3.348195053852542,False,storage,0.6825661612690879,0.01860237771768298
mimo_v2_flash,computed_0.003223,64.0,0.05,1xL4,96.0,13.2,32,32,1,4.76457818396246,3.2,0.1441625,0.059985677886030764,2.40328200131205,False,storage,0.6716229383686431,0.04889306824882686
mimo_v2_flash,computed_0.003223,64.0,0.1,1xL4,128.0,22.0,32,32,1,9.297969095854555,6.4,0.08318124999999998,0.059985677886030764,1.386685171050987,False,storage,0.6883223566373654,0.09056153424545481
mimo_v2_flash,computed_0.003223,64.0,0.2,1xL4,192.0,13.2,32,32,1,19.513049747993005,12.8,0.052690625,0.059985677886030764,0.878386755920456,True,h2d,0.6559712687308928,0.2097828046247814
mimo_v2_flash,computed_0.003223,64.0,0.5,2xL4,192.0,22.0,32,32,1,49.66535249439369,32.0,0.02801375,0.059985677886030764,0.4670073088650339,True,h2d,0.6443123504179743,0.5520422654498027
mimo_v2_flash,computed_0.003223,64.0,1.0,1xRTXPRO6000,192.0,96.0,32,32,1,129.1819268267124,64.0,0.020225625,0.059985677886030764,0.337174234130145,True,h2d,0.4954253398453412,2.036935213334763
mimo_v2_flash,computed_0.003223,64.0,2.0,1xRTXPRO6000,192.0,96.0,32,32,2,129.1819268267124,128.0,0.020225625,0.059985677886030764,0.337174234130145,True,h2d,0.4954253398453412,2.036935213334763
mimo_v2_flash,computed_0.003223,64.0,5.0,1xRTXPRO6000,192.0,96.0,32,32,4,129.1819268267124,320.0,0.0161805,0.059985677886030764,0.269739387304116,True,h2d,0.6192816748066765,1.5369352133347631
mimo_v2_flash,computed_0.003223,64.0,10.0,1xRTXPRO6000,192.0,96.0,32,32,8,129.1819268267124,640.0,0.0161805,0.059985677886030764,0.269739387304116,True,h2d,0.6192816748066765,1.5369352133347631
mimo_v2_flash,computed_0.003223,256.0,0.01,2xT4,192.0,0.17500000000000002,32,32,1,4.085564626360614,2.56,0.17673437499999997,0.059985677886030764,2.9462761983916366,False,h2d,0.6265963787434753,0.047673894573769166
mimo_v2_flash,computed_0.003223,256.0,0.02,1xL4,128.0,1.1,32,32,1,7.933817319485455,5.12,0.10397656249999998,0.059985677886030764,1.733356463813734,False,h2d,0.6453387812982888,0.08793179123392048
mimo_v2_flash,computed_0.003223,256.0,0.05,1xL4,192.0,13.2,32,32,1,19.513049747993005,12.8,0.052690625,0.059985677886030764,0.878386755920456,True,h2d,0.6559712687308928,0.2097828046247814
mimo_v2_flash,computed_0.003223,256.0,0.1,2xL4,192.0,13.2,32,32,1,42.502070849994226,25.6,0.0350171875,0.059985677886030764,0.5837591360812923,True,h2d,0.6023235924280494,0.5281897140623194
mimo_v2_flash,computed_0.003223,256.0,0.2,1xRTXPRO6000,192.0,57.599999999999994,32,32,1,88.96317130120488,51.2,0.02528203125,0.059985677886030764,0.4214677926626813,True,h2d,0.5755190518855365,1.1800991031626524
mimo_v2_flash,computed_0.003223,256.0,0.5,1xRTXPRO6000,192.0,96.0,32,32,2,129.1819268267124,128.0,0.020225625,0.059985677886030764,0.337174234130145,True,h2d,0.4954253398453412,2.036935213334763
mimo_v2_flash,computed_0.003223,256.0,1.0,1xRTXPRO6000,192.0,96.0,32,32,3,129.1819268267124,256.0,0.01516921875,0.059985677886030764,0.25288067559760874,True,h2d,0.6605671197937882,1.3702685466680966
mimo_v2_flash,computed_0.003223,256.0,2.0,1xRTXPRO6000,192.0,96.0,32,32,6,129.1819268267124,512.0,0.01516921875,0.059985677886030764,0.25288067559760874,True,h2d,0.6605671197937882,1.3702685466680966
mimo_v2_flash,computed_0.003223,256.0,5.0,1xRTXPRO6000,192.0,96.0,32,32,15,129.1819268267124,1280.0,0.01516921875,0.059985677886030764,0.25288067559760874,True,h2d,0.6605671197937882,1.3702685466680966
mimo_v2_flash,computed_0.003223,256.0,10.0,1xRTXPRO6000,192.0,96.0,32,32,29,129.1819268267124,2560.0,0.014663578124999998,0.059985677886030764,0.2444513197443551,True,h2d,0.6833452963384017,1.2783145236795905
mimo_v2_flash,computed_0.003223,512.0,0.01,1xL4,128.0,1.1,32,32,1,7.933817319485455,5.12,0.10397656249999998,0.059985677886030764,1.733356463813734,False,h2d,0.6453387812982888,0.08793179123392048
mimo_v2_flash,computed_0.003223,512.0,0.02,1xL4,192.0,1.1,32,32,1,16.667003521909546,10.24,0.06586328125,0.059985677886030764,1.09798344490057,False,h2d,0.6143875824193021,0.2008438600596733
mimo_v2_flash,computed_0.003223,512.0,0.05,2xL4,192.0,13.2,32,32,1,42.502070849994226,25.6,0.0350171875,0.059985677886030764,0.5837591360812923,True,h2d,0.6023235924280494,0.5281897140623194
mimo_v2_flash,computed_0.003223,512.0,0.1,1xRTXPRO6000,192.0,57.599999999999994,32,32,1,88.96317130120488,51.2,0.02528203125,0.059985677886030764,0.4214677926626813,True,h2d,0.5755190518855365,1.1800991031626524
mimo_v2_flash,computed_0.003223,512.0,0.2,1xRTXPRO6000,192.0,57.599999999999994,32,32,2,88.96317130120488,102.4,0.02528203125,0.059985677886030764,0.4214677926626813,True,h2d,0.5755190518855365,1.1800991031626524
mimo_v2_flash,computed_0.003223,512.0,0.5,1xRTXPRO6000,192.0,96.0,32,32,3,129.1819268267124,256.0,0.01516921875,0.059985677886030764,0.25288067559760874,True,h2d,0.6605671197937882,1.3702685466680966
mimo_v2_flash,computed_0.003223,512.0,1.0,1xRTXPRO6000,192.0,96.0,32,32,6,129.1819268267124,512.0,0.01516921875,0.059985677886030764,0.25288067559760874,True,h2d,0.6605671197937882,1.3702685466680966
mimo_v2_flash,computed_0.003223,512.0,2.0,1xRTXPRO6000,192.0,96.0,32,32,12,129.1819268267124,1024.0,0.01516921875,0.059985677886030764,0.25288067559760874,True,h2d,0.6605671197937882,1.3702685466680966
mimo_v2_flash,computed_0.003223,512.0,5.0,1xRTXPRO6000,192.0,96.0,32,32,29,129.1819268267124,2560.0,0.014663578124999998,0.059985677886030764,0.2444513197443551,True,h2d,0.6833452963384017,1.2783145236795905
mimo_v2_flash,computed_0.003223,512.0,10.0,1xRTXPRO6000,192.0,96.0,32,32,57,129.1819268267124,5120.0,0.0144107578125,0.059985677886030764,0.24023664181772833,True,h2d,0.6953338103092508,1.2299176694751142
mimo_v2_flash,computed_0.003223,2048.0,0.01,2xL4,192.0,1.1,32,32,1,32.667673609487274,20.48,0.043771484375,0.059985677886030764,0.7296989201016154,True,h2d,0.6269194508559142,0.3808648002964773
mimo_v2_flash,computed_0.003223,2048.0,0.02,1xRTXPRO6000,128.0,96.0,32,32,1,70.12282964257112,40.96,0.028133789062499994,0.059985677886030764,0.4690084375799258,True,storage,0.5841179001015876,0.9113384263303476
mimo_v2_flash,computed_0.003223,2048.0,0.05,1xRTXPRO6000,192.0,57.599999999999994,32,32,2,88.96317130120488,102.4,0.02528203125,0.059985677886030764,0.4214677926626813,True,h2d,0.5755190518855365,1.1800991031626524
mimo_v2_flash,computed_0.003223,2048.0,0.1,1xRTXPRO6000,192.0,96.0,32,32,3,129.1819268267124,204.8,0.0189615234375,0.059985677886030764,0.3161008444970109,True,h2d,0.5284536958350307,1.9036018800014296
mimo_v2_flash,computed_0.003223,2048.0,0.2,1xRTXPRO6000,192.0,96.0,32,32,5,129.1819268267124,409.6,0.01580126953125,0.059985677886030764,0.2634173704141758,True,h2d,0.6341444350020368,1.476935213334763
mimo_v2_flash,computed_0.003223,2048.0,0.5,1xRTXPRO6000,192.0,96.0,32,32,12,129.1819268267124,1024.0,0.01516921875,0.059985677886030764,0.25288067559760874,True,h2d,0.6605671197937882,1.3702685466680966
mimo_v2_flash,computed_0.003223,2048.0,1.0,1xRTXPRO6000,192.0,96.0,32,32,23,129.1819268267124,2048.0,0.014537167968749999,0.059985677886030764,0.24234398078104172,True,h2d,0.68928742935004,1.254326517682589
mimo_v2_flash,computed_0.003223,2048.0,2.0,1xRTXPRO6000,192.0,96.0,32,32,46,129.1819268267124,4096.0,0.014537167968749999,0.059985677886030764,0.24234398078104172,True,h2d,0.68928742935004,1.254326517682589
mimo_v2_flash,computed_0.003223,2048.0,5.0,1xRTXPRO6000,192.0,96.0,32,32,114,129.1819268267124,10240.0,0.0144107578125,0.059985677886030764,0.24023664181772833,True,h2d,0.6953338103092508,1.2299176694751142
mimo_v2_flash,computed_0.003223,2048.0,10.0,1xRTXPRO6000,192.0,96.0,32,32,227,129.1819268267124,20480.0,0.014347552734375,0.059985677886030764,0.23918297233607164,True,h2d,0.6983969548480582,1.2175519534228685
mimo_v2_flash,computed_0.003223,4096.0,0.01,1xRTXPRO6000,128.0,96.0,32,32,1,70.12282964257112,40.96,0.028133789062499994,0.059985677886030764,0.4690084375799258,True,storage,0.5841179001015876,0.9113384263303476
mimo_v2_flash,computed_0.003223,4096.0,0.02,1xRTXPRO6000,192.0,96.0,32,32,1,129.1819268267124,81.92,0.01580126953125,0.059985677886030764,0.2634173704141758,True,h2d,0.6341444350020368,1.476935213334763
mimo_v2_flash,computed_0.003223,4096.0,0.05,1xRTXPRO6000,192.0,96.0,32,32,3,129.1819268267124,204.8,0.0189615234375,0.059985677886030764,0.3161008444970109,True,h2d,0.5284536958350307,1.9036018800014296
mimo_v2_flash,computed_0.003223,4096.0,0.1,1xRTXPRO6000,192.0,96.0,32,32,5,129.1819268267124,409.6,0.01580126953125,0.059985677886030764,0.2634173704141758,True,h2d,0.6341444350020368,1.476935213334763
mimo_v2_flash,computed_0.003223,4096.0,0.2,1xRTXPRO6000,192.0,96.0,32,32,10,129.1819268267124,819.2,0.01580126953125,0.059985677886030764,0.2634173704141758,True,h2d,0.6341444350020368,1.476935213334763
mimo_v2_flash,computed_0.003223,4096.0,0.5,1xRTXPRO6000,192.0,96.0,32,32,23,129.1819268267124,2048.0,0.014537167968749999,0.059985677886030764,0.24234398078104172,True,h2d,0.68928742935004,1.254326517682589
mimo_v2_flash,computed_0.003223,4096.0,1.0,1xRTXPRO6000,192.0,96.0,32,32,46,129.1819268267124,4096.0,0.014537167968749999,0.059985677886030764,0.24234398078104172,True,h2d,0.68928742935004,1.254326517682589
mimo_v2_flash,computed_0.003223,4096.0,2.0,1xRTXPRO6000,192.0,96.0,32,32,91,129.1819268267124,8192.0,0.014379155273437501,0.059985677886030764,0.2397098070769,True,h2d,0.6968620164857547,1.2237484001479495
mimo_v2_flash,computed_0.003223,4096.0,5.0,1xRTXPRO6000,192.0,96.0,32,32,227,129.1819268267124,20480.0,0.014347552734375,0.059985677886030764,0.23918297233607164,True,h2d,0.6983969548480582,1.2175519534228685
mimo_v2_flash,computed_0.003223,4096.0,10.0,1xRTXPRO6000,192.0,96.0,32,32,453,129.1819268267124,40960.0,0.0143159501953125,0.059985677886030764,0.23865613759524326,True,h2d,0.6999386699801731,1.2113281493171029
mimo_v2_flash,cheap_0.000895,64.0,0.01,2xT4,4.0,0.17500000000000002,32,32,5,0.1931889025023746,0.64,0.27406249999999993,0.016657518370461536,16.45278089478141,False,storage,0.6625639378971402,0.0020371532031992065
mimo_v2_flash,cheap_0.000895,64.0,0.02,1xL4,4.0,22.0,32,32,1,1.8752760869658553,1.28,0.20084375000000002,0.016657518370461536,12.057243193929322,False,storage,0.6825661612690879,0.01860237771768298
mimo_v2_flash,cheap_0.000895,64.0,0.05,1xL4,96.0,13.2,32,32,1,4.76457818396246,3.2,0.1441625,0.016657518370461536,8.654500436009762,False,storage,0.6716229383686431,0.04889306824882686
mimo_v2_flash,cheap_0.000895,64.0,0.1,1xL4,128.0,22.0,32,32,1,9.297969095854555,6.4,0.08318124999999998,0.016657518370461536,4.993615984689756,False,storage,0.6883223566373654,0.09056153424545481
mimo_v2_flash,cheap_0.000895,64.0,0.2,1xL4,192.0,13.2,32,32,1,19.513049747993005,12.8,0.052690625,0.016657518370461536,3.1631737590297537,False,h2d,0.6559712687308928,0.2097828046247814
mimo_v2_flash,cheap_0.000895,64.0,0.5,2xL4,192.0,22.0,32,32,1,49.66535249439369,32.0,0.02801375,0.016657518370461536,1.6817481077899488,False,h2d,0.6443123504179743,0.5520422654498027
mimo_v2_flash,cheap_0.000895,64.0,1.0,1xRTXPRO6000,192.0,96.0,32,32,1,129.1819268267124,64.0,0.020225625,0.016657518370461536,1.214203973856377,False,h2d,0.4954253398453412,2.036935213334763
mimo_v2_flash,cheap_0.000895,64.0,2.0,1xRTXPRO6000,192.0,96.0,32,32,2,129.1819268267124,128.0,0.020225625,0.016657518370461536,1.214203973856377,False,h2d,0.4954253398453412,2.036935213334763
mimo_v2_flash,cheap_0.000895,64.0,5.0,1xRTXPRO6000,192.0,96.0,32,32,4,129.1819268267124,320.0,0.0161805,0.016657518370461536,0.9713631790851017,True,h2d,0.6192816748066765,1.5369352133347631
mimo_v2_flash,cheap_0.000895,64.0,10.0,1xRTXPRO6000,192.0,96.0,32,32,8,129.1819268267124,640.0,0.0161805,0.016657518370461536,0.9713631790851017,True,h2d,0.6192816748066765,1.5369352133347631
mimo_v2_flash,cheap_0.000895,256.0,0.01,2xT4,192.0,0.17500000000000002,32,32,1,4.085564626360614,2.56,0.17673437499999997,0.016657518370461536,10.609886242923178,False,h2d,0.6265963787434753,0.047673894573769166
mimo_v2_flash,cheap_0.000895,256.0,0.02,1xL4,128.0,1.1,32,32,1,7.933817319485455,5.12,0.10397656249999998,0.016657518370461536,6.242019980862195,False,h2d,0.6453387812982888,0.08793179123392048
mimo_v2_flash,cheap_0.000895,256.0,0.05,1xL4,192.0,13.2,32,32,1,19.513049747993005,12.8,0.052690625,0.016657518370461536,3.1631737590297537,False,h2d,0.6559712687308928,0.2097828046247814
mimo_v2_flash,cheap_0.000895,256.0,0.1,2xL4,192.0,13.2,32,32,1,42.502070849994226,25.6,0.0350171875,0.016657518370461536,2.102185134737436,False,h2d,0.6023235924280494,0.5281897140623194
mimo_v2_flash,cheap_0.000895,256.0,0.2,1xRTXPRO6000,192.0,57.599999999999994,32,32,1,88.96317130120488,51.2,0.02528203125,0.016657518370461536,1.5177549673204713,False,h2d,0.5755190518855365,1.1800991031626524
mimo_v2_flash,cheap_0.000895,256.0,0.5,1xRTXPRO6000,192.0,96.0,32,32,2,129.1819268267124,128.0,0.020225625,0.016657518370461536,1.214203973856377,False,h2d,0.4954253398453412,2.036935213334763
mimo_v2_flash,cheap_0.000895,256.0,1.0,1xRTXPRO6000,192.0,96.0,32,32,3,129.1819268267124,256.0,0.01516921875,0.016657518370461536,0.9106529803922828,True,h2d,0.6605671197937882,1.3702685466680966
mimo_v2_flash,cheap_0.000895,256.0,2.0,1xRTXPRO6000,192.0,96.0,32,32,6,129.1819268267124,512.0,0.01516921875,0.016657518370461536,0.9106529803922828,True,h2d,0.6605671197937882,1.3702685466680966
mimo_v2_flash,cheap_0.000895,256.0,5.0,1xRTXPRO6000,192.0,96.0,32,32,15,129.1819268267124,1280.0,0.01516921875,0.016657518370461536,0.9106529803922828,True,h2d,0.6605671197937882,1.3702685466680966
mimo_v2_flash,cheap_0.000895,256.0,10.0,1xRTXPRO6000,192.0,96.0,32,32,29,129.1819268267124,2560.0,0.014663578124999998,0.016657518370461536,0.8802978810458733,True,h2d,0.6833452963384017,1.2783145236795905
mimo_v2_flash,cheap_0.000895,512.0,0.01,1xL4,128.0,1.1,32,32,1,7.933817319485455,5.12,0.10397656249999998,0.016657518370461536,6.242019980862195,False,h2d,0.6453387812982888,0.08793179123392048
mimo_v2_flash,cheap_0.000895,512.0,0.02,1xL4,192.0,1.1,32,32,1,16.667003521909546,10.24,0.06586328125,0.016657518370461536,3.9539671987871925,False,h2d,0.6143875824193021,0.2008438600596733
mimo_v2_flash,cheap_0.000895,512.0,0.05,2xL4,192.0,13.2,32,32,1,42.502070849994226,25.6,0.0350171875,0.016657518370461536,2.102185134737436,False,h2d,0.6023235924280494,0.5281897140623194
mimo_v2_flash,cheap_0.000895,512.0,0.1,1xRTXPRO6000,192.0,57.599999999999994,32,32,1,88.96317130120488,51.2,0.02528203125,0.016657518370461536,1.5177549673204713,False,h2d,0.5755190518855365,1.1800991031626524
mimo_v2_flash,cheap_0.000895,512.0,0.2,1xRTXPRO6000,192.0,57.599999999999994,32,32,2,88.96317130120488,102.4,0.02528203125,0.016657518370461536,1.5177549673204713,False,h2d,0.5755190518855365,1.1800991031626524
mimo_v2_flash,cheap_0.000895,512.0,0.5,1xRTXPRO6000,192.0,96.0,32,32,3,129.1819268267124,256.0,0.01516921875,0.016657518370461536,0.9106529803922828,True,h2d,0.6605671197937882,1.3702685466680966
mimo_v2_flash,cheap_0.000895,512.0,1.0,1xRTXPRO6000,192.0,96.0,32,32,6,129.1819268267124,512.0,0.01516921875,0.016657518370461536,0.9106529803922828,True,h2d,0.6605671197937882,1.3702685466680966
mimo_v2_flash,cheap_0.000895,512.0,2.0,1xRTXPRO6000,192.0,96.0,32,32,12,129.1819268267124,1024.0,0.01516921875,0.016657518370461536,0.9106529803922828,True,h2d,0.6605671197937882,1.3702685466680966
mimo_v2_flash,cheap_0.000895,512.0,5.0,1xRTXPRO6000,192.0,96.0,32,32,29,129.1819268267124,2560.0,0.014663578124999998,0.016657518370461536,0.8802978810458733,True,h2d,0.6833452963384017,1.2783145236795905
mimo_v2_flash,cheap_0.000895,512.0,10.0,1xRTXPRO6000,192.0,96.0,32,32,57,129.1819268267124,5120.0,0.0144107578125,0.016657518370461536,0.8651203313726686,True,h2d,0.6953338103092508,1.2299176694751142
mimo_v2_flash,cheap_0.000895,2048.0,0.01,2xL4,192.0,1.1,32,32,1,32.667673609487274,20.48,0.043771484375,0.016657518370461536,2.6277314184217953,False,h2d,0.6269194508559142,0.3808648002964773
mimo_v2_flash,cheap_0.000895,2048.0,0.02,1xRTXPRO6000,128.0,96.0,32,32,1,70.12282964257112,40.96,0.028133789062499994,0.016657518370461536,1.6889544070615652,False,storage,0.5841179001015876,0.9113384263303476
mimo_v2_flash,cheap_0.000895,2048.0,0.05,1xRTXPRO6000,192.0,57.599999999999994,32,32,2,88.96317130120488,102.4,0.02528203125,0.016657518370461536,1.5177549673204713,False,h2d,0.5755190518855365,1.1800991031626524
mimo_v2_flash,cheap_0.000895,2048.0,0.1,1xRTXPRO6000,192.0,96.0,32,32,3,129.1819268267124,204.8,0.0189615234375,0.016657518370461536,1.1383162254903534,False,h2d,0.5284536958350307,1.9036018800014296
mimo_v2_flash,cheap_0.000895,2048.0,0.2,1xRTXPRO6000,192.0,96.0,32,32,5,129.1819268267124,409.6,0.01580126953125,0.016657518370461536,0.9485968545752945,True,h2d,0.6341444350020368,1.476935213334763
mimo_v2_flash,cheap_0.000895,2048.0,0.5,1xRTXPRO6000,192.0,96.0,32,32,12,129.1819268267124,1024.0,0.01516921875,0.016657518370461536,0.9106529803922828,True,h2d,0.6605671197937882,1.3702685466680966
mimo_v2_flash,cheap_0.000895,2048.0,1.0,1xRTXPRO6000,192.0,96.0,32,32,23,129.1819268267124,2048.0,0.014537167968749999,0.016657518370461536,0.872709106209271,True,h2d,0.68928742935004,1.254326517682589
mimo_v2_flash,cheap_0.000895,2048.0,2.0,1xRTXPRO6000,192.0,96.0,32,32,46,129.1819268267124,4096.0,0.014537167968749999,0.016657518370461536,0.872709106209271,True,h2d,0.68928742935004,1.254326517682589
mimo_v2_flash,cheap_0.000895,2048.0,5.0,1xRTXPRO6000,192.0,96.0,32,32,114,129.1819268267124,10240.0,0.0144107578125,0.016657518370461536,0.8651203313726686,True,h2d,0.6953338103092508,1.2299176694751142
mimo_v2_flash,cheap_0.000895,2048.0,10.0,1xRTXPRO6000,192.0,96.0,32,32,227,129.1819268267124,20480.0,0.014347552734375,0.016657518370461536,0.8613259439543675,True,h2d,0.6983969548480582,1.2175519534228685
mimo_v2_flash,cheap_0.000895,4096.0,0.01,1xRTXPRO6000,128.0,96.0,32,32,1,70.12282964257112,40.96,0.028133789062499994,0.016657518370461536,1.6889544070615652,False,storage,0.5841179001015876,0.9113384263303476
mimo_v2_flash,cheap_0.000895,4096.0,0.02,1xRTXPRO6000,192.0,96.0,32,32,1,129.1819268267124,81.92,0.01580126953125,0.016657518370461536,0.9485968545752945,True,h2d,0.6341444350020368,1.476935213334763
mimo_v2_flash,cheap_0.000895,4096.0,0.05,1xRTXPRO6000,192.0,96.0,32,32,3,129.1819268267124,204.8,0.0189615234375,0.016657518370461536,1.1383162254903534,False,h2d,0.5284536958350307,1.9036018800014296
mimo_v2_flash,cheap_0.000895,4096.0,0.1,1xRTXPRO6000,192.0,96.0,32,32,5,129.1819268267124,409.6,0.01580126953125,0.016657518370461536,0.9485968545752945,True,h2d,0.6341444350020368,1.476935213334763
mimo_v2_flash,cheap_0.000895,4096.0,0.2,1xRTXPRO6000,192.0,96.0,32,32,10,129.1819268267124,819.2,0.01580126953125,0.016657518370461536,0.9485968545752945,True,h2d,0.6341444350020368,1.476935213334763
mimo_v2_flash,cheap_0.000895,4096.0,0.5,1xRTXPRO6000,192.0,96.0,32,32,23,129.1819268267124,2048.0,0.014537167968749999,0.016657518370461536,0.872709106209271,True,h2d,0.68928742935004,1.254326517682589
mimo_v2_flash,cheap_0.000895,4096.0,1.0,1xRTXPRO6000,192.0,96.0,32,32,46,129.1819268267124,4096.0,0.014537167968749999,0.016657518370461536,0.872709106209271,True,h2d,0.68928742935004,1.254326517682589
mimo_v2_flash,cheap_0.000895,4096.0,2.0,1xRTXPRO6000,192.0,96.0,32,32,91,129.1819268267124,8192.0,0.014379155273437501,0.016657518370461536,0.8632231376635181,True,h2d,0.6968620164857547,1.2237484001479495
mimo_v2_flash,cheap_0.000895,4096.0,5.0,1xRTXPRO6000,192.0,96.0,32,32,227,129.1819268267124,20480.0,0.014347552734375,0.016657518370461536,0.8613259439543675,True,h2d,0.6983969548480582,1.2175519534228685
mimo_v2_flash,cheap_0.000895,4096.0,10.0,1xRTXPRO6000,192.0,96.0,32,32,453,129.1819268267124,40960.0,0.0143159501953125,0.016657518370461536,0.8594287502452169,True,h2d,0.6999386699801731,1.2113281493171029
mimo_v2_pro,computed_0.003223,64.0,0.01,1xL4,4.0,13.2,32,32,1,0.9525233495014448,0.64,0.40168750000000003,0.22531134289664004,1.782810820067196,False,storage,0.671899539612314,0.009766354671920151
mimo_v2_pro,computed_0.003223,64.0,0.02,2xL4,4.0,5.5,32,32,1,1.878484775203481,1.28,0.37428125,0.22531134289664004,1.6611735795818272,False,storage,0.6814002524249088,0.018702649225108784
mimo_v2_pro,computed_0.003223,64.0,0.05,1xRTXPRO6000,32.0,96.0,32,32,1,4.57734268226058,3.2,0.29351249999999995,0.22531134289664004,1.3026973974170786,False,storage,0.6990955718481707,0.043041958820643135
mimo_v2_pro,computed_0.003223,64.0,0.1,2xL4,384.0,22.0,32,32,1,9.190980881934362,6.4,0.20666874999999996,0.22531134289664004,0.9172585247730194,True,storage,0.69633481803664,0.08721815256044879
mimo_v2_pro,computed_0.003223,64.0,0.2,2xL4,512.0,1.1,32,32,1,21.679419805176533,12.8,0.125534375,0.22531134289664004,0.5571595880886832,True,h2d,0.5904217047793716,0.2774818689117666
mimo_v2_pro,computed_0.003223,64.0,0.5,1xRTXPRO6000,512.0,96.0,32,32,1,48.37911387846654,32.0,0.06265124999999999,0.22531134289664004,0.2780652282949678,True,h2d,0.6614424580075483,0.5118473087020793
mimo_v2_pro,computed_0.003223,64.0,1.0,1xRTXPRO6000,512.0,96.0,32,32,2,48.37911387846654,64.0,0.06265124999999999,0.22531134289664004,0.2780652282949678,True,h2d,0.6614424580075483,0.5118473087020793
mimo_v2_pro,computed_0.003223,64.0,2.0,1xRTXPRO6000,512.0,96.0,32,32,4,48.37911387846654,128.0,0.06265124999999999,0.22531134289664004,0.2780652282949678,True,h2d,0.6614424580075483,0.5118473087020793
mimo_v2_pro,computed_0.003223,64.0,5.0,1xRTXPRO6000,512.0,96.0,32,32,10,48.37911387846654,320.0,0.06265125,0.22531134289664004,0.2780652282949679,True,h2d,0.6614424580075483,0.5118473087020793
mimo_v2_pro,computed_0.003223,64.0,10.0,1xRTXPRO6000,512.0,96.0,32,32,19,48.37911387846654,640.0,0.0595186875,0.22531134289664004,0.2641619668802195,True,h2d,0.696255218955314,0.459215729754711
mimo_v2_pro,computed_0.003223,256.0,0.01,1xL40S,128.0,48.0,32,32,1,3.7517792510431613,2.56,0.33295312499999996,0.22531134289664004,1.4777468400813705,False,storage,0.6823429175072617,0.03724310159509879
mimo_v2_pro,computed_0.003223,256.0,0.02,2xL4,384.0,1.1,32,32,1,8.36628551160365,5.12,0.25833593749999995,0.22531134289664004,1.1465731559662742,False,storage,0.6119800708329638,0.10144642223761405
mimo_v2_pro,computed_0.003223,256.0,0.05,2xL4,512.0,1.1,32,32,1,21.679419805176533,12.8,0.125534375,0.22531134289664004,0.5571595880886832,True,h2d,0.5904217047793716,0.2774818689117666
mimo_v2_pro,computed_0.003223,256.0,0.1,1xRTXPRO6000,512.0,24.0,32,32,1,37.91834114200625,25.6,0.07831406249999999,0.22531134289664004,0.3475815353687098,True,h2d,0.6751350198608798,0.3849481606876952
mimo_v2_pro,computed_0.003223,256.0,0.2,1xRTXPRO6000,512.0,24.0,32,32,2,37.91834114200625,51.2,0.07831406249999999,0.22531134289664004,0.3475815353687098,True,h2d,0.6751350198608798,0.3849481606876952
mimo_v2_pro,computed_0.003223,256.0,0.5,1xRTXPRO6000,512.0,96.0,32,32,4,48.37911387846654,128.0,0.06265124999999999,0.22531134289664004,0.2780652282949678,True,h2d,0.6614424580075483,0.5118473087020793
mimo_v2_pro,computed_0.003223,256.0,1.0,1xRTXPRO6000,512.0,96.0,32,32,8,48.37911387846654,256.0,0.06265124999999999,0.22531134289664004,0.2780652282949678,True,h2d,0.6614424580075483,0.5118473087020793
mimo_v2_pro,computed_0.003223,256.0,2.0,1xRTXPRO6000,512.0,96.0,32,32,16,48.37911387846654,512.0,0.06265124999999999,0.22531134289664004,0.2780652282949678,True,h2d,0.6614424580075483,0.5118473087020793
mimo_v2_pro,computed_0.003223,256.0,5.0,1xRTXPRO6000,512.0,96.0,32,32,38,48.37911387846654,1280.0,0.0595186875,0.22531134289664004,0.2641619668802195,True,h2d,0.696255218955314,0.459215729754711
mimo_v2_pro,computed_0.003223,256.0,10.0,1xRTXPRO6000,512.0,96.0,32,32,76,48.37911387846654,2560.0,0.0595186875,0.22531134289664004,0.2641619668802195,True,h2d,0.696255218955314,0.459215729754711
mimo_v2_pro,computed_0.003223,512.0,0.01,2xL4,384.0,1.1,32,32,1,8.36628551160365,5.12,0.25833593749999995,0.22531134289664004,1.1465731559662742,False,storage,0.6119800708329638,0.10144642223761405
mimo_v2_pro,computed_0.003223,512.0,0.02,2xL4,512.0,13.2,32,1,1,75.43328068784751,10.24,0.15691796875,0.22531134289664004,0.6964494851108539,True,dense,0.1357491004848963,65.19328068784752
mimo_v2_pro,computed_0.003223,512.0,0.05,1xRTXPRO6000,512.0,24.0,32,32,1,37.91834114200625,25.6,0.07831406249999999,0.22531134289664004,0.3475815353687098,True,h2d,0.6751350198608798,0.3849481606876952
mimo_v2_pro,computed_0.003223,512.0,0.1,1xRTXPRO6000,512.0,24.0,32,32,2,37.91834114200625,51.2,0.07831406249999999,0.22531134289664004,0.3475815353687098,True,h2d,0.6751350198608798,0.3849481606876952
mimo_v2_pro,computed_0.003223,512.0,0.2,1xRTXPRO6000,512.0,24.0,32,32,4,37.91834114200625,102.4,0.07831406249999999,0.22531134289664004,0.3475815353687098,True,h2d,0.6751350198608798,0.3849481606876952
mimo_v2_pro,computed_0.003223,512.0,0.5,1xRTXPRO6000,512.0,96.0,32,32,8,48.37911387846654,256.0,0.06265124999999999,0.22531134289664004,0.2780652282949678,True,h2d,0.6614424580075483,0.5118473087020793
mimo_v2_pro,computed_0.003223,512.0,1.0,1xRTXPRO6000,512.0,96.0,32,32,16,48.37911387846654,512.0,0.06265124999999999,0.22531134289664004,0.2780652282949678,True,h2d,0.6614424580075483,0.5118473087020793
mimo_v2_pro,computed_0.003223,512.0,2.0,1xRTXPRO6000,512.0,96.0,32,32,31,48.37911387846654,1024.0,0.0606933984375,0.22531134289664004,0.2693756899107501,True,h2d,0.6827793114916627,0.4795892441859504
mimo_v2_pro,computed_0.003223,512.0,5.0,1xRTXPRO6000,512.0,96.0,32,32,76,48.37911387846654,2560.0,0.0595186875,0.22531134289664004,0.2641619668802195,True,h2d,0.696255218955314,0.459215729754711
mimo_v2_pro,computed_0.003223,512.0,10.0,1xRTXPRO6000,512.0,96.0,32,32,152,48.37911387846654,5120.0,0.0595186875,0.22531134289664004,0.2641619668802195,True,h2d,0.696255218955314,0.459215729754711
mimo_v2_pro,computed_0.003223,2048.0,0.01,1xRTXPRO6000,512.0,4.800000000000001,32,32,1,34.56960844489082,20.48,0.09789257812499999,0.22531134289664004,0.43447691921088727,True,h2d,0.5924278845289271,0.440300263902838
mimo_v2_pro,computed_0.003223,2048.0,0.02,1xRTXPRO6000,512.0,4.800000000000001,32,32,2,34.56960844489082,40.96,0.09789257812499999,0.22531134289664004,0.43447691921088727,True,h2d,0.5924278845289271,0.440300263902838
mimo_v2_pro,computed_0.003223,2048.0,0.05,1xRTXPRO6000,512.0,24.0,32,32,4,37.91834114200625,102.4,0.07831406249999999,0.22531134289664004,0.3475815353687098,True,h2d,0.6751350198608798,0.3849481606876952
mimo_v2_pro,computed_0.003223,2048.0,0.1,1xRTXPRO6000,512.0,57.599999999999994,32,32,7,42.84379982054771,204.8,0.06852480468749998,0.22531134289664004,0.304133843447621,True,h2d,0.6828792726062373,0.4245830301064016
mimo_v2_pro,computed_0.003223,2048.0,0.2,1xRTXPRO6000,512.0,96.0,32,32,13,48.37911387846654,409.6,0.06363017578124999,0.22531134289664004,0.28240999748707674,True,h2d,0.6512664201920475,0.5272319240866947
mimo_v2_pro,computed_0.003223,2048.0,0.5,1xRTXPRO6000,512.0,96.0,32,32,31,48.37911387846654,1024.0,0.0606933984375,0.22531134289664004,0.2693756899107501,True,h2d,0.6827793114916627,0.4795892441859504
mimo_v2_pro,computed_0.003223,2048.0,1.0,1xRTXPRO6000,512.0,96.0,32,32,61,48.37911387846654,2048.0,0.059714472656249996,0.22531134289664004,0.26503092071864126,True,h2d,0.6939724149587392,0.4626669808332269
mimo_v2_pro,computed_0.003223,2048.0,2.0,1xRTXPRO6000,512.0,96.0,32,32,121,48.37911387846654,4096.0,0.059225009765624996,0.22531134289664004,0.2628585361225868,True,h2d,0.6997077241732742,0.4539960690326579
mimo_v2_pro,computed_0.003223,2048.0,5.0,1xRTXPRO6000,512.0,96.0,32,32,303,48.37911387846654,10240.0,0.059322902343750004,0.22531134289664004,0.2632930130417977,True,h2d,0.6985530909650675,0.4557416981410233
mimo_v2_pro,computed_0.003223,2048.0,10.0,1xRTXPRO6000,512.0,96.0,32,32,605,48.37911387846654,20480.0,0.05922500976562499,0.22531134289664004,0.26285853612258675,True,h2d,0.6997077241732742,0.4539960690326579
mimo_v2_pro,computed_0.003223,4096.0,0.01,1xRTXPRO6000,512.0,4.800000000000001,32,32,2,34.56960844489082,40.96,0.09789257812499999,0.22531134289664004,0.43447691921088727,True,h2d,0.5924278845289271,0.440300263902838
mimo_v2_pro,computed_0.003223,4096.0,0.02,1xRTXPRO6000,512.0,57.599999999999994,32,32,3,42.84379982054771,81.92,0.07341943359375,0.22531134289664004,0.32585768940816545,True,h2d,0.6373539877658214,0.4855354110587826
mimo_v2_pro,computed_0.003223,4096.0,0.05,1xRTXPRO6000,512.0,57.599999999999994,32,32,7,42.84379982054771,204.8,0.06852480468749998,0.22531134289664004,0.304133843447621,True,h2d,0.6828792726062373,0.4245830301064016
mimo_v2_pro,computed_0.003223,4096.0,0.1,1xRTXPRO6000,512.0,96.0,32,32,13,48.37911387846654,409.6,0.06363017578124999,0.22531134289664004,0.28240999748707674,True,h2d,0.6512664201920475,0.5272319240866947
mimo_v2_pro,computed_0.003223,4096.0,0.2,1xRTXPRO6000,512.0,96.0,32,32,25,48.37911387846654,819.2,0.061182861328125,0.22531134289664004,0.27154807450680457,True,h2d,0.6773170769997294,0.4878473087020794
mimo_v2_pro,computed_0.003223,4096.0,0.5,1xRTXPRO6000,512.0,96.0,32,32,61,48.37911387846654,2048.0,0.059714472656249996,0.22531134289664004,0.26503092071864126,True,h2d,0.6939724149587392,0.4626669808332269
mimo_v2_pro,computed_0.003223,4096.0,1.0,1xRTXPRO6000,512.0,96.0,32,32,121,48.37911387846654,4096.0,0.059225009765624996,0.22531134289664004,0.2628585361225868,True,h2d,0.6997077241732742,0.4539960690326579
mimo_v2_pro,computed_0.003223,4096.0,2.0,1xRTXPRO6000,512.0,96.0,32,32,242,48.37911387846654,8192.0,0.059225009765624996,0.22531134289664004,0.2628585361225868,True,h2d,0.6997077241732742,0.4539960690326579
mimo_v2_pro,computed_0.003223,4096.0,5.0,1xRTXPRO6000,512.0,96.0,32,32,605,48.37911387846654,20480.0,0.05922500976562499,0.22531134289664004,0.26285853612258675,True,h2d,0.6997077241732742,0.4539960690326579
mimo_v2_pro,computed_0.003223,4096.0,10.0,1xRTXPRO6000,512.0,96.0,32,32,1210,48.37911387846654,40960.0,0.05922500976562499,0.22531134289664004,0.26285853612258675,True,h2d,0.6997077241732742,0.4539960690326579
mimo_v2_pro,cheap_0.000895,64.0,0.01,1xL4,4.0,13.2,32,32,1,0.9525233495014448,0.64,0.40168750000000003,0.0625670654336,6.42011091963863,False,storage,0.671899539612314,0.009766354671920151
mimo_v2_pro,cheap_0.000895,64.0,0.02,2xL4,4.0,5.5,32,32,1,1.878484775203481,1.28,0.37428125,0.0625670654336,5.982080946360034,False,storage,0.6814002524249088,0.018702649225108784
mimo_v2_pro,cheap_0.000895,64.0,0.05,1xRTXPRO6000,32.0,96.0,32,32,1,4.57734268226058,3.2,0.29351249999999995,0.0625670654336,4.691166158519827,False,storage,0.6990955718481707,0.043041958820643135
mimo_v2_pro,cheap_0.000895,64.0,0.1,2xL4,384.0,22.0,32,32,1,9.190980881934362,6.4,0.20666874999999996,0.0625670654336,3.303155559042952,False,storage,0.69633481803664,0.08721815256044879
mimo_v2_pro,cheap_0.000895,64.0,0.2,2xL4,512.0,1.1,32,32,1,21.679419805176533,12.8,0.125534375,0.0625670654336,2.0063970417986883,False,h2d,0.5904217047793716,0.2774818689117666
mimo_v2_pro,cheap_0.000895,64.0,0.5,1xRTXPRO6000,512.0,96.0,32,32,1,48.37911387846654,32.0,0.06265124999999999,0.0625670654336,1.0013455092678005,False,h2d,0.6614424580075483,0.5118473087020793
mimo_v2_pro,cheap_0.000895,64.0,1.0,1xRTXPRO6000,512.0,96.0,32,32,2,48.37911387846654,64.0,0.06265124999999999,0.0625670654336,1.0013455092678005,False,h2d,0.6614424580075483,0.5118473087020793
mimo_v2_pro,cheap_0.000895,64.0,2.0,1xRTXPRO6000,512.0,96.0,32,32,4,48.37911387846654,128.0,0.06265124999999999,0.0625670654336,1.0013455092678005,False,h2d,0.6614424580075483,0.5118473087020793
mimo_v2_pro,cheap_0.000895,64.0,5.0,1xRTXPRO6000,512.0,96.0,32,32,10,48.37911387846654,320.0,0.06265125,0.0625670654336,1.0013455092678007,False,h2d,0.6614424580075483,0.5118473087020793
mimo_v2_pro,cheap_0.000895,64.0,10.0,1xRTXPRO6000,512.0,96.0,32,32,19,48.37911387846654,640.0,0.0595186875,0.0625670654336,0.9512782338044108,True,h2d,0.696255218955314,0.459215729754711
mimo_v2_pro,cheap_0.000895,256.0,0.01,1xL40S,128.0,48.0,32,32,1,3.7517792510431613,2.56,0.33295312499999996,0.0625670654336,5.321539738080736,False,storage,0.6823429175072617,0.03724310159509879
mimo_v2_pro,cheap_0.000895,256.0,0.02,2xL4,384.0,1.1,32,32,1,8.36628551160365,5.12,0.25833593749999995,0.0625670654336,4.12894444880369,False,storage,0.6119800708329638,0.10144642223761405
mimo_v2_pro,cheap_0.000895,256.0,0.05,2xL4,512.0,1.1,32,32,1,21.679419805176533,12.8,0.125534375,0.0625670654336,2.0063970417986883,False,h2d,0.5904217047793716,0.2774818689117666
mimo_v2_pro,cheap_0.000895,256.0,0.1,1xRTXPRO6000,512.0,24.0,32,32,1,37.91834114200625,25.6,0.07831406249999999,0.0625670654336,1.2516818865847508,False,h2d,0.6751350198608798,0.3849481606876952
mimo_v2_pro,cheap_0.000895,256.0,0.2,1xRTXPRO6000,512.0,24.0,32,32,2,37.91834114200625,51.2,0.07831406249999999,0.0625670654336,1.2516818865847508,False,h2d,0.6751350198608798,0.3849481606876952
mimo_v2_pro,cheap_0.000895,256.0,0.5,1xRTXPRO6000,512.0,96.0,32,32,4,48.37911387846654,128.0,0.06265124999999999,0.0625670654336,1.0013455092678005,False,h2d,0.6614424580075483,0.5118473087020793
mimo_v2_pro,cheap_0.000895,256.0,1.0,1xRTXPRO6000,512.0,96.0,32,32,8,48.37911387846654,256.0,0.06265124999999999,0.0625670654336,1.0013455092678005,False,h2d,0.6614424580075483,0.5118473087020793
mimo_v2_pro,cheap_0.000895,256.0,2.0,1xRTXPRO6000,512.0,96.0,32,32,16,48.37911387846654,512.0,0.06265124999999999,0.0625670654336,1.0013455092678005,False,h2d,0.6614424580075483,0.5118473087020793
mimo_v2_pro,cheap_0.000895,256.0,5.0,1xRTXPRO6000,512.0,96.0,32,32,38,48.37911387846654,1280.0,0.0595186875,0.0625670654336,0.9512782338044108,True,h2d,0.696255218955314,0.459215729754711
mimo_v2_pro,cheap_0.000895,256.0,10.0,1xRTXPRO6000,512.0,96.0,32,32,76,48.37911387846654,2560.0,0.0595186875,0.0625670654336,0.9512782338044108,True,h2d,0.696255218955314,0.459215729754711
mimo_v2_pro,cheap_0.000895,512.0,0.01,2xL4,384.0,1.1,32,32,1,8.36628551160365,5.12,0.25833593749999995,0.0625670654336,4.12894444880369,False,storage,0.6119800708329638,0.10144642223761405
mimo_v2_pro,cheap_0.000895,512.0,0.02,2xL4,512.0,13.2,32,1,1,75.43328068784751,10.24,0.15691796875,0.0625670654336,2.5079963022483605,False,dense,0.1357491004848963,65.19328068784752
mimo_v2_pro,cheap_0.000895,512.0,0.05,1xRTXPRO6000,512.0,24.0,32,32,1,37.91834114200625,25.6,0.07831406249999999,0.0625670654336,1.2516818865847508,False,h2d,0.6751350198608798,0.3849481606876952
mimo_v2_pro,cheap_0.000895,512.0,0.1,1xRTXPRO6000,512.0,24.0,32,32,2,37.91834114200625,51.2,0.07831406249999999,0.0625670654336,1.2516818865847508,False,h2d,0.6751350198608798,0.3849481606876952
mimo_v2_pro,cheap_0.000895,512.0,0.2,1xRTXPRO6000,512.0,24.0,32,32,4,37.91834114200625,102.4,0.07831406249999999,0.0625670654336,1.2516818865847508,False,h2d,0.6751350198608798,0.3849481606876952
mimo_v2_pro,cheap_0.000895,512.0,0.5,1xRTXPRO6000,512.0,96.0,32,32,8,48.37911387846654,256.0,0.06265124999999999,0.0625670654336,1.0013455092678005,False,h2d,0.6614424580075483,0.5118473087020793
mimo_v2_pro,cheap_0.000895,512.0,1.0,1xRTXPRO6000,512.0,96.0,32,32,16,48.37911387846654,512.0,0.06265124999999999,0.0625670654336,1.0013455092678005,False,h2d,0.6614424580075483,0.5118473087020793
mimo_v2_pro,cheap_0.000895,512.0,2.0,1xRTXPRO6000,512.0,96.0,32,32,31,48.37911387846654,1024.0,0.0606933984375,0.0625670654336,0.970053462103182,True,h2d,0.6827793114916627,0.4795892441859504
mimo_v2_pro,cheap_0.000895,512.0,5.0,1xRTXPRO6000,512.0,96.0,32,32,76,48.37911387846654,2560.0,0.0595186875,0.0625670654336,0.9512782338044108,True,h2d,0.696255218955314,0.459215729754711
mimo_v2_pro,cheap_0.000895,512.0,10.0,1xRTXPRO6000,512.0,96.0,32,32,152,48.37911387846654,5120.0,0.0595186875,0.0625670654336,0.9512782338044108,True,h2d,0.696255218955314,0.459215729754711
mimo_v2_pro,cheap_0.000895,2048.0,0.01,1xRTXPRO6000,512.0,4.800000000000001,32,32,1,34.56960844489082,20.48,0.09789257812499999,0.0625670654336,1.5646023582309385,False,h2d,0.5924278845289271,0.440300263902838
mimo_v2_pro,cheap_0.000895,2048.0,0.02,1xRTXPRO6000,512.0,4.800000000000001,32,32,2,34.56960844489082,40.96,0.09789257812499999,0.0625670654336,1.5646023582309385,False,h2d,0.5924278845289271,0.440300263902838
mimo_v2_pro,cheap_0.000895,2048.0,0.05,1xRTXPRO6000,512.0,24.0,32,32,4,37.91834114200625,102.4,0.07831406249999999,0.0625670654336,1.2516818865847508,False,h2d,0.6751350198608798,0.3849481606876952
mimo_v2_pro,cheap_0.000895,2048.0,0.1,1xRTXPRO6000,512.0,57.599999999999994,32,32,7,42.84379982054771,204.8,0.06852480468749998,0.0625670654336,1.0952216507616568,False,h2d,0.6828792726062373,0.4245830301064016
mimo_v2_pro,cheap_0.000895,2048.0,0.2,1xRTXPRO6000,512.0,96.0,32,32,13,48.37911387846654,409.6,0.06363017578124999,0.0625670654336,1.01699153285011,False,h2d,0.6512664201920475,0.5272319240866947
mimo_v2_pro,cheap_0.000895,2048.0,0.5,1xRTXPRO6000,512.0,96.0,32,32,31,48.37911387846654,1024.0,0.0606933984375,0.0625670654336,0.970053462103182,True,h2d,0.6827793114916627,0.4795892441859504
mimo_v2_pro,cheap_0.000895,2048.0,1.0,1xRTXPRO6000,512.0,96.0,32,32,61,48.37911387846654,2048.0,0.059714472656249996,0.0625670654336,0.9544074385208725,True,h2d,0.6939724149587392,0.4626669808332269
mimo_v2_pro,cheap_0.000895,2048.0,2.0,1xRTXPRO6000,512.0,96.0,32,32,121,48.37911387846654,4096.0,0.059225009765624996,0.0625670654336,0.9465844267297179,True,h2d,0.6997077241732742,0.4539960690326579
mimo_v2_pro,cheap_0.000895,2048.0,5.0,1xRTXPRO6000,512.0,96.0,32,32,303,48.37911387846654,10240.0,0.059322902343750004,0.0625670654336,0.948149029087949,True,h2d,0.6985530909650675,0.4557416981410233
mimo_v2_pro,cheap_0.000895,2048.0,10.0,1xRTXPRO6000,512.0,96.0,32,32,605,48.37911387846654,20480.0,0.05922500976562499,0.0625670654336,0.9465844267297178,True,h2d,0.6997077241732742,0.4539960690326579
mimo_v2_pro,cheap_0.000895,4096.0,0.01,1xRTXPRO6000,512.0,4.800000000000001,32,32,2,34.56960844489082,40.96,0.09789257812499999,0.0625670654336,1.5646023582309385,False,h2d,0.5924278845289271,0.440300263902838
mimo_v2_pro,cheap_0.000895,4096.0,0.02,1xRTXPRO6000,512.0,57.599999999999994,32,32,3,42.84379982054771,81.92,0.07341943359375,0.0625670654336,1.173451768673204,False,h2d,0.6373539877658214,0.4855354110587826
mimo_v2_pro,cheap_0.000895,4096.0,0.05,1xRTXPRO6000,512.0,57.599999999999994,32,32,7,42.84379982054771,204.8,0.06852480468749998,0.0625670654336,1.0952216507616568,False,h2d,0.6828792726062373,0.4245830301064016
mimo_v2_pro,cheap_0.000895,4096.0,0.1,1xRTXPRO6000,512.0,96.0,32,32,13,48.37911387846654,409.6,0.06363017578124999,0.0625670654336,1.01699153285011,False,h2d,0.6512664201920475,0.5272319240866947
mimo_v2_pro,cheap_0.000895,4096.0,0.2,1xRTXPRO6000,512.0,96.0,32,32,25,48.37911387846654,819.2,0.061182861328125,0.0625670654336,0.9778764738943366,True,h2d,0.6773170769997294,0.4878473087020794
mimo_v2_pro,cheap_0.000895,4096.0,0.5,1xRTXPRO6000,512.0,96.0,32,32,61,48.37911387846654,2048.0,0.059714472656249996,0.0625670654336,0.9544074385208725,True,h2d,0.6939724149587392,0.4626669808332269
mimo_v2_pro,cheap_0.000895,4096.0,1.0,1xRTXPRO6000,512.0,96.0,32,32,121,48.37911387846654,4096.0,0.059225009765624996,0.0625670654336,0.9465844267297179,True,h2d,0.6997077241732742,0.4539960690326579
mimo_v2_pro,cheap_0.000895,4096.0,2.0,1xRTXPRO6000,512.0,96.0,32,32,242,48.37911387846654,8192.0,0.059225009765624996,0.0625670654336,0.9465844267297179,True,h2d,0.6997077241732742,0.4539960690326579
mimo_v2_pro,cheap_0.000895,4096.0,5.0,1xRTXPRO6000,512.0,96.0,32,32,605,48.37911387846654,20480.0,0.05922500976562499,0.0625670654336,0.9465844267297178,True,h2d,0.6997077241732742,0.4539960690326579
mimo_v2_pro,cheap_0.000895,4096.0,10.0,1xRTXPRO6000,512.0,96.0,32,32,1210,48.37911387846654,40960.0,0.05922500976562499,0.0625670654336,0.9465844267297178,True,h2d,0.6997077241732742,0.4539960690326579
minimax_m3,computed_0.003223,64.0,0.01,CPU-only,4.0,0.0,32,32,33,0.02780560486593139,0.64,1.8088125,0.39328360016108305,4.599257378795194,False,compute,0.6974830969313555,0.00026286454599974994
minimax_m3,computed_0.003223,64.0,0.02,1xRTXPRO6000,512.0,57.599999999999994,32,32,1,1.8522446995191861,1.28,1.5662812499999998,0.39328360016108305,3.9825745323691977,False,storage,0.6910534014929388,0.01788264685997457
minimax_m3,computed_0.003223,64.0,0.05,1xRTXPRO6000,768.0,4.800000000000001,32,32,1,5.210144902514227,3.2,0.8041124999999999,0.39328360016108305,2.0446123348917866,False,h2d,0.614186372907939,0.06281702820356957
minimax_m3,computed_0.003223,64.0,0.1,1xRTXPRO6000,768.0,4.800000000000001,32,32,2,5.210144902514227,6.4,0.8041124999999999,0.39328360016108305,2.0446123348917866,False,h2d,0.614186372907939,0.06281702820356957
minimax_m3,computed_0.003223,64.0,0.2,1xRTXPRO6000,768.0,96.0,32,32,3,6.339571583388645,12.8,0.6030843749999999,0.39328360016108305,1.53345925116884,False,h2d,0.6730212934019804,0.06477827864756183
minimax_m3,computed_0.003223,64.0,0.5,1xRTXPRO6000,1024.0,57.599999999999994,32,32,6,8.26338825415378,32.0,0.5890274999999999,0.39328360016108305,1.4977169141015367,False,h2d,0.6454172512894347,0.09156421627563895
minimax_m3,computed_0.003223,64.0,1.0,1xRTXPRO6000,1024.0,96.0,32,32,11,9.097759581865539,64.0,0.539941875,0.39328360016108305,1.3729071712597423,False,h2d,0.6395180885829446,0.10248680511511626
minimax_m3,computed_0.003223,64.0,2.0,1xRTXPRO6000,1024.0,96.0,32,32,21,9.097759581865539,128.0,0.5153990625,0.39328360016108305,1.3105022998388447,False,h2d,0.669971330896418,0.09382879645710764
minimax_m3,computed_0.003223,64.0,5.0,1xRTXPRO6000,1024.0,96.0,32,32,51,9.097759581865539,320.0,0.500673375,0.39328360016108305,1.2730593769863063,False,h2d,0.6896763700404304,0.08822655556074907
minimax_m3,computed_0.003223,64.0,10.0,1xRTXPRO6000,1024.0,96.0,32,32,101,9.097759581865539,640.0,0.49576481250000004,0.39328360016108305,1.260578402702127,False,h2d,0.6965048489517218,0.08628518495310004
minimax_m3,computed_0.003223,256.0,0.01,2xL4,768.0,22.0,32,32,1,3.707634707215959,2.56,0.849671875,0.39328360016108305,2.1604559016749927,False,h2d,0.6904671582175066,0.03586358460049871
minimax_m3,computed_0.003223,256.0,0.02,1xRTXPRO6000,1024.0,24.0,32,32,1,7.525488868663491,5.12,0.6135703125,0.39328360016108305,1.5601217855224343,False,h2d,0.6803544712317541,0.07517152714573407
minimax_m3,computed_0.003223,256.0,0.05,1xRTXPRO6000,768.0,96.0,32,32,3,6.339571583388645,12.8,0.6030843749999999,0.39328360016108305,1.53345925116884,False,h2d,0.6730212934019804,0.06477827864756183
minimax_m3,computed_0.003223,256.0,0.1,1xRTXPRO6000,768.0,96.0,32,32,6,6.339571583388645,25.6,0.6030843749999999,0.39328360016108305,1.53345925116884,False,h2d,0.6730212934019804,0.06477827864756183
minimax_m3,computed_0.003223,256.0,0.2,1xRTXPRO6000,1024.0,57.599999999999994,32,32,9,8.26338825415378,51.2,0.5522132812499999,0.39328360016108305,1.4041096069701906,False,h2d,0.6884450680420637,0.08045310516452783
minimax_m3,computed_0.003223,256.0,0.5,1xRTXPRO6000,1024.0,96.0,32,32,21,9.097759581865539,128.0,0.5153990625,0.39328360016108305,1.3105022998388447,False,h2d,0.669971330896418,0.09382879645710764
minimax_m3,computed_0.003223,256.0,1.0,1xRTXPRO6000,1024.0,96.0,32,32,41,9.097759581865539,256.0,0.50312765625,0.39328360016108305,1.2792998641283961,False,h2d,0.6863120950646234,0.08918303571378589
minimax_m3,computed_0.003223,256.0,2.0,1xRTXPRO6000,1024.0,96.0,32,32,81,9.097759581865539,512.0,0.49699195312499994,0.39328360016108305,1.2636986462731716,False,h2d,0.6947850838925816,0.08677412273576723
minimax_m3,computed_0.003223,256.0,5.0,1xRTXPRO6000,1024.0,96.0,32,32,201,9.097759581865539,1280.0,0.49331053125,0.39328360016108305,1.2543379155600372,False,h2d,0.6999700472052129,0.08530001180891997
minimax_m3,computed_0.003223,256.0,10.0,1xRTXPRO6000,1024.0,96.0,32,32,402,9.097759581865539,2560.0,0.49331053125,0.39328360016108305,1.2543379155600372,False,h2d,0.6999700472052129,0.08530001180891997
minimax_m3,computed_0.003223,512.0,0.01,1xRTXPRO6000,1024.0,24.0,32,32,1,7.525488868663491,5.12,0.6135703125,0.39328360016108305,1.5601217855224343,False,h2d,0.6803544712317541,0.07517152714573407
minimax_m3,computed_0.003223,512.0,0.02,1xRTXPRO6000,1024.0,24.0,32,32,2,7.525488868663491,10.24,0.6135703125,0.39328360016108305,1.5601217855224343,False,h2d,0.6803544712317541,0.07517152714573407
minimax_m3,computed_0.003223,512.0,0.05,1xRTXPRO6000,768.0,96.0,32,32,6,6.339571583388645,25.6,0.6030843749999999,0.39328360016108305,1.53345925116884,False,h2d,0.6730212934019804,0.06477827864756183
minimax_m3,computed_0.003223,512.0,0.1,1xRTXPRO6000,1024.0,57.599999999999994,32,32,9,8.26338825415378,51.2,0.5522132812499999,0.39328360016108305,1.4041096069701906,False,h2d,0.6884450680420637,0.08045310516452783
minimax_m3,computed_0.003223,512.0,0.2,1xRTXPRO6000,1024.0,96.0,32,32,17,9.097759581865539,102.4,0.521534765625,0.39328360016108305,1.3261035176940692,False,h2d,0.6620893152388132,0.09606969281565102
minimax_m3,computed_0.003223,512.0,0.5,1xRTXPRO6000,1024.0,96.0,32,32,41,9.097759581865539,256.0,0.50312765625,0.39328360016108305,1.2792998641283961,False,h2d,0.6863120950646234,0.08918303571378589
minimax_m3,computed_0.003223,512.0,1.0,1xRTXPRO6000,1024.0,96.0,32,32,81,9.097759581865539,512.0,0.49699195312499994,0.39328360016108305,1.2636986462731716,False,h2d,0.6947850838925816,0.08677412273576723
minimax_m3,computed_0.003223,512.0,2.0,1xRTXPRO6000,1024.0,96.0,32,32,161,9.097759581865539,1024.0,0.49392410156250005,0.39328360016108305,1.2558980373455597,False,h2d,0.6991005191962623,0.08554722295814284
minimax_m3,computed_0.003223,512.0,5.0,1xRTXPRO6000,1024.0,96.0,32,32,402,9.097759581865539,2560.0,0.49331053125,0.39328360016108305,1.2543379155600372,False,h2d,0.6999700472052129,0.08530001180891997
minimax_m3,computed_0.003223,512.0,10.0,1xRTXPRO6000,1024.0,96.0,32,32,804,9.097759581865539,5120.0,0.49331053125,0.39328360016108305,1.2543379155600372,False,h2d,0.6999700472052129,0.08530001180891997
minimax_m3,computed_0.003223,2048.0,0.01,1xRTXPRO6000,1024.0,24.0,32,32,4,7.525488868663491,20.48,0.6135703125,0.39328360016108305,1.5601217855224343,False,h2d,0.6803544712317541,0.07517152714573407
minimax_m3,computed_0.003223,2048.0,0.02,1xRTXPRO6000,1024.0,96.0,32,32,7,9.097759581865539,40.96,0.5368740234375,0.39328360016108305,1.3651065623321301,False,h2d,0.6431724776605614,0.10144784407615522
minimax_m3,computed_0.003223,2048.0,0.05,1xRTXPRO6000,1024.0,96.0,32,32,17,9.097759581865539,102.4,0.521534765625,0.39328360016108305,1.3261035176940692,False,h2d,0.6620893152388132,0.09606969281565102
minimax_m3,computed_0.003223,2048.0,0.1,1xRTXPRO6000,1024.0,96.0,32,32,33,9.097759581865539,204.8,0.5061955078125,0.39328360016108305,1.2871004730560083,False,h2d,0.6821526278218075,0.09036559299390415
minimax_m3,computed_0.003223,2048.0,0.2,1xRTXPRO6000,1024.0,96.0,32,32,65,9.097759581865539,409.6,0.49852587890625,0.39328360016108305,1.2675989507369778,False,h2d,0.6926472836344507,0.08738191001022115
minimax_m3,computed_0.003223,2048.0,0.5,1xRTXPRO6000,1024.0,96.0,32,32,161,9.097759581865539,1024.0,0.49392410156250005,0.39328360016108305,1.2558980373455597,False,h2d,0.6991005191962623,0.08554722295814284
minimax_m3,computed_0.003223,2048.0,1.0,1xRTXPRO6000,1024.0,96.0,32,32,322,9.097759581865539,2048.0,0.49392410156250005,0.39328360016108305,1.2558980373455597,False,h2d,0.6991005191962623,0.08554722295814284
minimax_m3,computed_0.003223,2048.0,2.0,1xRTXPRO6000,1024.0,96.0,32,32,644,9.097759581865539,4096.0,0.49392410156250005,0.39328360016108305,1.2558980373455597,False,h2d,0.6991005191962623,0.08554722295814284
minimax_m3,computed_0.003223,2048.0,5.0,1xRTXPRO6000,1024.0,96.0,32,32,1608,9.097759581865539,10240.0,0.49331053125,0.39328360016108305,1.2543379155600372,False,h2d,0.6999700472052129,0.08530001180891997
minimax_m3,computed_0.003223,2048.0,10.0,1xRTXPRO6000,1024.0,96.0,32,32,3216,9.097759581865539,20480.0,0.49331053125,0.39328360016108305,1.2543379155600372,False,h2d,0.6999700472052129,0.08530001180891997
minimax_m3,computed_0.003223,4096.0,0.01,1xRTXPRO6000,1024.0,96.0,32,32,7,9.097759581865539,40.96,0.5368740234375,0.39328360016108305,1.3651065623321301,False,h2d,0.6431724776605614,0.10144784407615522
minimax_m3,computed_0.003223,4096.0,0.02,1xRTXPRO6000,1024.0,96.0,32,32,13,9.097759581865539,81.92,0.49852587890624994,0.39328360016108305,1.2675989507369776,False,h2d,0.6926472836344507,0.08738191001022115
minimax_m3,computed_0.003223,4096.0,0.05,1xRTXPRO6000,1024.0,96.0,32,32,33,9.097759581865539,204.8,0.5061955078125,0.39328360016108305,1.2871004730560083,False,h2d,0.6821526278218075,0.09036559299390415
minimax_m3,computed_0.003223,4096.0,0.1,1xRTXPRO6000,1024.0,96.0,32,32,65,9.097759581865539,409.6,0.49852587890625,0.39328360016108305,1.2675989507369778,False,h2d,0.6926472836344507,0.08738191001022115
minimax_m3,computed_0.003223,4096.0,0.2,1xRTXPRO6000,1024.0,96.0,32,32,129,9.097759581865539,819.2,0.49469106445312494,0.39328360016108305,1.2578481895774625,False,h2d,0.6980166424223146,0.08585537453019731
minimax_m3,computed_0.003223,4096.0,0.5,1xRTXPRO6000,1024.0,96.0,32,32,322,9.097759581865539,2048.0,0.49392410156250005,0.39328360016108305,1.2558980373455597,False,h2d,0.6991005191962623,0.08554722295814284
minimax_m3,computed_0.003223,4096.0,1.0,1xRTXPRO6000,1024.0,96.0,32,32,644,9.097759581865539,4096.0,0.49392410156250005,0.39328360016108305,1.2558980373455597,False,h2d,0.6991005191962623,0.08554722295814284
minimax_m3,computed_0.003223,4096.0,2.0,1xRTXPRO6000,1024.0,96.0,32,32,1287,9.097759581865539,8192.0,0.4935406201171875,0.39328360016108305,1.2549229612296082,False,h2d,0.6996437208428795,0.08539278802109916
minimax_m3,computed_0.003223,4096.0,5.0,1xRTXPRO6000,1024.0,96.0,32,32,3216,9.097759581865539,20480.0,0.49331053125,0.39328360016108305,1.2543379155600372,False,h2d,0.6999700472052129,0.08530001180891997
minimax_m3,computed_0.003223,4096.0,10.0,INFEASIBLE,,,,,,,40960.0,,0.39328360016108305,,False,,,
minimax_m3,cheap_0.000895,64.0,0.01,CPU-only,4.0,0.0,32,32,33,0.02780560486593139,0.64,1.8088125,0.10921154891224613,16.562465398722807,False,compute,0.6974830969313555,0.00026286454599974994
minimax_m3,cheap_0.000895,64.0,0.02,1xRTXPRO6000,512.0,57.599999999999994,32,32,1,1.8522446995191861,1.28,1.5662812499999998,0.10921154891224613,14.341718120475894,False,storage,0.6910534014929388,0.01788264685997457
minimax_m3,cheap_0.000895,64.0,0.05,1xRTXPRO6000,768.0,4.800000000000001,32,32,1,5.210144902514227,3.2,0.8041124999999999,0.10921154891224613,7.362888888666179,False,h2d,0.614186372907939,0.06281702820356957
minimax_m3,cheap_0.000895,64.0,0.1,1xRTXPRO6000,768.0,4.800000000000001,32,32,2,5.210144902514227,6.4,0.8041124999999999,0.10921154891224613,7.362888888666179,False,h2d,0.614186372907939,0.06281702820356957
minimax_m3,cheap_0.000895,64.0,0.2,1xRTXPRO6000,768.0,96.0,32,32,3,6.339571583388645,12.8,0.6030843749999999,0.10921154891224613,5.522166666499634,False,h2d,0.6730212934019804,0.06477827864756183
minimax_m3,cheap_0.000895,64.0,0.5,1xRTXPRO6000,1024.0,57.599999999999994,32,32,6,8.26338825415378,32.0,0.5890274999999999,0.10921154891224613,5.393454317485199,False,h2d,0.6454172512894347,0.09156421627563895
minimax_m3,cheap_0.000895,64.0,1.0,1xRTXPRO6000,1024.0,96.0,32,32,11,9.097759581865539,64.0,0.539941875,0.10921154891224613,4.943999791028101,False,h2d,0.6395180885829446,0.10248680511511626
minimax_m3,cheap_0.000895,64.0,2.0,1xRTXPRO6000,1024.0,96.0,32,32,21,9.097759581865539,128.0,0.5153990625,0.10921154891224613,4.71927252779955,False,h2d,0.669971330896418,0.09382879645710764
minimax_m3,cheap_0.000895,64.0,5.0,1xRTXPRO6000,1024.0,96.0,32,32,51,9.097759581865539,320.0,0.500673375,0.10921154891224613,4.584436169862419,False,h2d,0.6896763700404304,0.08822655556074907
minimax_m3,cheap_0.000895,64.0,10.0,1xRTXPRO6000,1024.0,96.0,32,32,101,9.097759581865539,640.0,0.49576481250000004,0.10921154891224613,4.539490717216711,False,h2d,0.6965048489517218,0.08628518495310004
minimax_m3,cheap_0.000895,256.0,0.01,2xL4,768.0,22.0,32,32,1,3.707634707215959,2.56,0.849671875,0.10921154891224613,7.78005516323855,False,h2d,0.6904671582175066,0.03586358460049871
minimax_m3,cheap_0.000895,256.0,0.02,1xRTXPRO6000,1024.0,24.0,32,32,1,7.525488868663491,5.12,0.6135703125,0.10921154891224613,5.618181580713751,False,h2d,0.6803544712317541,0.07517152714573407
minimax_m3,cheap_0.000895,256.0,0.05,1xRTXPRO6000,768.0,96.0,32,32,3,6.339571583388645,12.8,0.6030843749999999,0.10921154891224613,5.522166666499634,False,h2d,0.6730212934019804,0.06477827864756183
minimax_m3,cheap_0.000895,256.0,0.1,1xRTXPRO6000,768.0,96.0,32,32,6,6.339571583388645,25.6,0.6030843749999999,0.10921154891224613,5.522166666499634,False,h2d,0.6730212934019804,0.06477827864756183
minimax_m3,cheap_0.000895,256.0,0.2,1xRTXPRO6000,1024.0,57.599999999999994,32,32,9,8.26338825415378,51.2,0.5522132812499999,0.10921154891224613,5.056363422642375,False,h2d,0.6884450680420637,0.08045310516452783
minimax_m3,cheap_0.000895,256.0,0.5,1xRTXPRO6000,1024.0,96.0,32,32,21,9.097759581865539,128.0,0.5153990625,0.10921154891224613,4.71927252779955,False,h2d,0.669971330896418,0.09382879645710764
minimax_m3,cheap_0.000895,256.0,1.0,1xRTXPRO6000,1024.0,96.0,32,32,41,9.097759581865539,256.0,0.50312765625,0.10921154891224613,4.606908896185275,False,h2d,0.6863120950646234,0.08918303571378589
minimax_m3,cheap_0.000895,256.0,2.0,1xRTXPRO6000,1024.0,96.0,32,32,81,9.097759581865539,512.0,0.49699195312499994,0.10921154891224613,4.550727080378137,False,h2d,0.6947850838925816,0.08677412273576723
minimax_m3,cheap_0.000895,256.0,5.0,1xRTXPRO6000,1024.0,96.0,32,32,201,9.097759581865539,1280.0,0.49331053125,0.10921154891224613,4.517017990893855,False,h2d,0.6999700472052129,0.08530001180891997
minimax_m3,cheap_0.000895,256.0,10.0,1xRTXPRO6000,1024.0,96.0,32,32,402,9.097759581865539,2560.0,0.49331053125,0.10921154891224613,4.517017990893855,False,h2d,0.6999700472052129,0.08530001180891997
minimax_m3,cheap_0.000895,512.0,0.01,1xRTXPRO6000,1024.0,24.0,32,32,1,7.525488868663491,5.12,0.6135703125,0.10921154891224613,5.618181580713751,False,h2d,0.6803544712317541,0.07517152714573407
minimax_m3,cheap_0.000895,512.0,0.02,1xRTXPRO6000,1024.0,24.0,32,32,2,7.525488868663491,10.24,0.6135703125,0.10921154891224613,5.618181580713751,False,h2d,0.6803544712317541,0.07517152714573407
minimax_m3,cheap_0.000895,512.0,0.05,1xRTXPRO6000,768.0,96.0,32,32,6,6.339571583388645,25.6,0.6030843749999999,0.10921154891224613,5.522166666499634,False,h2d,0.6730212934019804,0.06477827864756183
minimax_m3,cheap_0.000895,512.0,0.1,1xRTXPRO6000,1024.0,57.599999999999994,32,32,9,8.26338825415378,51.2,0.5522132812499999,0.10921154891224613,5.056363422642375,False,h2d,0.6884450680420637,0.08045310516452783
minimax_m3,cheap_0.000895,512.0,0.2,1xRTXPRO6000,1024.0,96.0,32,32,17,9.097759581865539,102.4,0.521534765625,0.10921154891224613,4.775454343606688,False,h2d,0.6620893152388132,0.09606969281565102
minimax_m3,cheap_0.000895,512.0,0.5,1xRTXPRO6000,1024.0,96.0,32,32,41,9.097759581865539,256.0,0.50312765625,0.10921154891224613,4.606908896185275,False,h2d,0.6863120950646234,0.08918303571378589
minimax_m3,cheap_0.000895,512.0,1.0,1xRTXPRO6000,1024.0,96.0,32,32,81,9.097759581865539,512.0,0.49699195312499994,0.10921154891224613,4.550727080378137,False,h2d,0.6947850838925816,0.08677412273576723
minimax_m3,cheap_0.000895,512.0,2.0,1xRTXPRO6000,1024.0,96.0,32,32,161,9.097759581865539,1024.0,0.49392410156250005,0.10921154891224613,4.522636172474569,False,h2d,0.6991005191962623,0.08554722295814284
minimax_m3,cheap_0.000895,512.0,5.0,1xRTXPRO6000,1024.0,96.0,32,32,402,9.097759581865539,2560.0,0.49331053125,0.10921154891224613,4.517017990893855,False,h2d,0.6999700472052129,0.08530001180891997
minimax_m3,cheap_0.000895,512.0,10.0,1xRTXPRO6000,1024.0,96.0,32,32,804,9.097759581865539,5120.0,0.49331053125,0.10921154891224613,4.517017990893855,False,h2d,0.6999700472052129,0.08530001180891997
minimax_m3,cheap_0.000895,2048.0,0.01,1xRTXPRO6000,1024.0,24.0,32,32,4,7.525488868663491,20.48,0.6135703125,0.10921154891224613,5.618181580713751,False,h2d,0.6803544712317541,0.07517152714573407
minimax_m3,cheap_0.000895,2048.0,0.02,1xRTXPRO6000,1024.0,96.0,32,32,7,9.097759581865539,40.96,0.5368740234375,0.10921154891224613,4.915908883124532,False,h2d,0.6431724776605614,0.10144784407615522
minimax_m3,cheap_0.000895,2048.0,0.05,1xRTXPRO6000,1024.0,96.0,32,32,17,9.097759581865539,102.4,0.521534765625,0.10921154891224613,4.775454343606688,False,h2d,0.6620893152388132,0.09606969281565102
minimax_m3,cheap_0.000895,2048.0,0.1,1xRTXPRO6000,1024.0,96.0,32,32,33,9.097759581865539,204.8,0.5061955078125,0.10921154891224613,4.634999804088844,False,h2d,0.6821526278218075,0.09036559299390415
minimax_m3,cheap_0.000895,2048.0,0.2,1xRTXPRO6000,1024.0,96.0,32,32,65,9.097759581865539,409.6,0.49852587890625,0.10921154891224613,4.564772534329922,False,h2d,0.6926472836344507,0.08738191001022115
minimax_m3,cheap_0.000895,2048.0,0.5,1xRTXPRO6000,1024.0,96.0,32,32,161,9.097759581865539,1024.0,0.49392410156250005,0.10921154891224613,4.522636172474569,False,h2d,0.6991005191962623,0.08554722295814284
minimax_m3,cheap_0.000895,2048.0,1.0,1xRTXPRO6000,1024.0,96.0,32,32,322,9.097759581865539,2048.0,0.49392410156250005,0.10921154891224613,4.522636172474569,False,h2d,0.6991005191962623,0.08554722295814284
minimax_m3,cheap_0.000895,2048.0,2.0,1xRTXPRO6000,1024.0,96.0,32,32,644,9.097759581865539,4096.0,0.49392410156250005,0.10921154891224613,4.522636172474569,False,h2d,0.6991005191962623,0.08554722295814284
minimax_m3,cheap_0.000895,2048.0,5.0,1xRTXPRO6000,1024.0,96.0,32,32,1608,9.097759581865539,10240.0,0.49331053125,0.10921154891224613,4.517017990893855,False,h2d,0.6999700472052129,0.08530001180891997
minimax_m3,cheap_0.000895,2048.0,10.0,1xRTXPRO6000,1024.0,96.0,32,32,3216,9.097759581865539,20480.0,0.49331053125,0.10921154891224613,4.517017990893855,False,h2d,0.6999700472052129,0.08530001180891997
minimax_m3,cheap_0.000895,4096.0,0.01,1xRTXPRO6000,1024.0,96.0,32,32,7,9.097759581865539,40.96,0.5368740234375,0.10921154891224613,4.915908883124532,False,h2d,0.6431724776605614,0.10144784407615522
minimax_m3,cheap_0.000895,4096.0,0.02,1xRTXPRO6000,1024.0,96.0,32,32,13,9.097759581865539,81.92,0.49852587890624994,0.10921154891224613,4.564772534329921,False,h2d,0.6926472836344507,0.08738191001022115
minimax_m3,cheap_0.000895,4096.0,0.05,1xRTXPRO6000,1024.0,96.0,32,32,33,9.097759581865539,204.8,0.5061955078125,0.10921154891224613,4.634999804088844,False,h2d,0.6821526278218075,0.09036559299390415
minimax_m3,cheap_0.000895,4096.0,0.1,1xRTXPRO6000,1024.0,96.0,32,32,65,9.097759581865539,409.6,0.49852587890625,0.10921154891224613,4.564772534329922,False,h2d,0.6926472836344507,0.08738191001022115
minimax_m3,cheap_0.000895,4096.0,0.2,1xRTXPRO6000,1024.0,96.0,32,32,129,9.097759581865539,819.2,0.49469106445312494,0.10921154891224613,4.52965889945046,False,h2d,0.6980166424223146,0.08585537453019731
minimax_m3,cheap_0.000895,4096.0,0.5,1xRTXPRO6000,1024.0,96.0,32,32,322,9.097759581865539,2048.0,0.49392410156250005,0.10921154891224613,4.522636172474569,False,h2d,0.6991005191962623,0.08554722295814284
minimax_m3,cheap_0.000895,4096.0,1.0,1xRTXPRO6000,1024.0,96.0,32,32,644,9.097759581865539,4096.0,0.49392410156250005,0.10921154891224613,4.522636172474569,False,h2d,0.6991005191962623,0.08554722295814284
minimax_m3,cheap_0.000895,4096.0,2.0,1xRTXPRO6000,1024.0,96.0,32,32,1287,9.097759581865539,8192.0,0.4935406201171875,0.10921154891224613,4.519124808986623,False,h2d,0.6996437208428795,0.08539278802109916
minimax_m3,cheap_0.000895,4096.0,5.0,1xRTXPRO6000,1024.0,96.0,32,32,3216,9.097759581865539,20480.0,0.49331053125,0.10921154891224613,4.517017990893855,False,h2d,0.6999700472052129,0.08530001180891997
minimax_m3,cheap_0.000895,4096.0,10.0,INFEASIBLE,,,,,,,40960.0,,0.10921154891224613,,False,,,
