n_requests,n_unique,budget_gib,capacity_records,lru_hit_rate,min_hit_rate,lru_minus_min_pp,che_finite_hit_rate,che_steady_hit_rate,che_steady_error_pp,che_finite_error_pp,window_label
5095,3443,4.0,321,0.13137254901960785,0.0,13.137254901960786,0.10261228272617628,0.2180361202029324,8.666357118332455,-2.8760266293431562,n=5095
5095,3443,8.0,642,0.15254901960784314,0.0,15.254901960784315,0.17790880009241328,0.3938745424053006,24.13255227974575,2.535978048457013,n=5095
5095,3443,12.0,963,0.1843137254901961,0.0,18.43137254901961,0.23178182815717685,0.538526437017985,35.421271152778885,4.746810266698076,n=5095
5095,3443,16.0,1285,0.213921568627451,0.0,21.3921568627451,0.2691640136020468,0.6591670547610423,44.52454861335913,5.52424449745958,n=5095
5095,3443,20.0,1606,0.2443137254901961,0.0,24.43137254901961,0.2938792606004612,0.7595259876404916,51.52122621502955,4.956553511026512,n=5095
5095,3443,24.0,1927,0.2692156862745098,0.02100098135426889,24.82147049202409,0.30926932080841407,0.8424038573709585,57.31881710964486,4.005363453390426,n=5095
5095,3443,32.0,2570,0.3088235294117647,0.13012757605495584,17.869595335680888,0.3223357135538961,0.9592321925603678,65.04086631486031,1.35121841421314,n=5095
5095,3443,48.0,3855,0.3243137254901961,0.3242394504416094,0.007427504858670275,0.3243137254901961,1.0,67.56862745098039,0.0,n=5095
5095,3443,64.0,5140,0.3243137254901961,0.3242394504416094,0.007427504858670275,0.3243137254901961,1.0,67.56862745098039,0.0,n=5095
5099,3445,4.0,321,0.13137254901960785,0.0,13.137254901960786,0.10261228272617628,0.2180361202029324,8.666357118332455,-2.8760266293431562,sealed_size
5099,3445,8.0,642,0.15254901960784314,0.0,15.254901960784315,0.17790880009241328,0.3938745424053006,24.13255227974575,2.535978048457013,sealed_size
5099,3445,12.0,963,0.1843137254901961,0.0,18.43137254901961,0.23178182815717685,0.538526437017985,35.421271152778885,4.746810266698076,sealed_size
5099,3445,16.0,1285,0.213921568627451,0.0,21.3921568627451,0.2691640136020468,0.6591670547610423,44.52454861335913,5.52424449745958,sealed_size
5099,3445,20.0,1606,0.2443137254901961,0.0,24.43137254901961,0.2938792606004612,0.7595259876404916,51.52122621502955,4.956553511026512,sealed_size
5099,3445,24.0,1927,0.2692156862745098,0.020984506766032557,24.823117950847724,0.30926932080841407,0.8424038573709585,57.31881710964486,4.005363453390426,sealed_size
5099,3445,32.0,2570,0.3088235294117647,0.13002549519513631,17.87980342166284,0.3223357135538961,0.9592321925603678,65.04086631486031,1.35121841421314,sealed_size
5099,3445,48.0,3855,0.3243137254901961,0.32437732888801724,-0.006360339782113256,0.3243137254901961,1.0,67.56862745098039,0.0,sealed_size
5099,3445,64.0,5140,0.3243137254901961,0.32437732888801724,-0.006360339782113256,0.3243137254901961,1.0,67.56862745098039,0.0,sealed_size
20380,6980,4.0,321,0.19899911686782454,0.0,19.899911686782453,0.10473345968914083,0.13363508726513074,-6.53640296026938,-9.426565717868371,n=20380
20380,6980,8.0,642,0.22917279952899616,0.0,22.917279952899616,0.19548469374162714,0.2495198608413305,2.0347061312334325,-3.3688105787369027,n=20380
20380,6980,12.0,963,0.27018938278873517,0.0,27.018938278873517,0.2737810968575204,0.35071752938673506,8.052814659799989,0.35917140687852234,n=20380
20380,6980,16.0,1285,0.3118437837307428,0.0,31.184378373074278,0.341304694338631,0.43994122242847866,12.809743869773587,2.9460910607888193,n=20380
20380,6980,20.0,1606,0.34986753017368266,0.0,34.986753017368265,0.39887962691126133,0.5184800046391309,16.861247446544823,4.901209673757867,n=20380
20380,6980,24.0,1927,0.3825434206652929,0.005250245338567223,37.72931753267257,0.44784623316596306,0.5881003388466175,20.55569181813246,6.530281250067016,n=20380
20380,6980,32.0,2570,0.450348346580316,0.03253189401373896,41.781645256657704,0.5243863780490483,0.7055740062720355,25.52256596917195,7.4038031468732335,n=20380
20380,6980,48.0,3855,0.5510254145814935,0.1146712463199215,43.6354168261572,0.6134359817894773,0.8739865465264429,32.29611319449495,6.2410567207983885,n=20380
20380,6980,64.0,5140,0.6224609949955844,0.2541216879293425,36.83393070662419,0.6492213441422012,0.9752547560953416,35.27937610997572,2.6760349146616846,n=20380
61142,9390,4.0,321,0.2165145716808949,0.0,21.65145716808949,0.10179560040203506,0.11089474519066178,-10.561982649023314,-11.471897127885985,n=61142
61142,9390,8.0,642,0.24948483956432146,0.0,24.948483956432145,0.19295121717926622,0.2091621482051429,-4.032269135917857,-5.653362238505524,n=61142
61142,9390,12.0,963,0.2917934124881431,0.0,29.17934124881431,0.2744146004266915,0.2966773970481079,0.48839845599648046,-1.7378812061451587,n=61142
61142,9390,16.0,1285,0.33473980309423346,0.0,33.47398030942335,0.34733817029781444,0.37524253109880124,4.050272800456778,1.2598367203580985,n=61142
61142,9390,20.0,1606,0.37477512838125143,0.0,37.47751283812514,0.4120517346812408,0.44556044993672683,7.07853215554754,3.727660629998936,n=61142
61142,9390,24.0,1927,0.409658849311484,0.0017500245330542017,40.79088247784298,0.4696055959658145,0.5089429652730175,9.928411596153353,5.9946746654330525,n=61142
61142,9390,32.0,2570,0.4829261112746541,0.010843609957148932,47.20825013175052,0.5660389338112574,0.618283852771567,13.535774149691292,8.311282253660323,n=61142
61142,9390,48.0,3855,0.6062375298465966,0.0382224984462399,56.80150314003567,0.6997030508531897,0.7828652130470348,17.66276832004382,9.346552100659311,n=61142
61142,9390,64.0,5140,0.7060968828705066,0.08470445847371692,62.13924243967897,0.7783996765298726,0.8954232835921501,18.932640072164343,7.230279365936598,n=61142
101904,10121,4.0,321,0.2203642644057152,0.0,22.036426440571518,0.10002166406378898,0.10516013485179965,-11.520412955391555,-12.03426003419262,n=101904
101904,10121,8.0,642,0.2536112419532109,0.0,25.36112419532109,0.1903011216413265,0.198940120998087,-5.467112095512388,-6.331012031188438,n=101904
101904,10121,12.0,963,0.29604333490343854,0.0,29.604333490343855,0.27167801985806905,0.2829650394379566,-1.3078295465481948,-2.4365315045369487,n=101904
101904,10121,16.0,1285,0.3396039409640446,0.0,33.960394096404464,0.34513283300004227,0.3587694288525576,1.9165487888512966,0.5528892035997657,n=101904
101904,10121,20.0,1606,0.3792294708745486,0.0,37.92294708745486,0.41094569959371274,0.4269638947152612,4.773442384071258,3.171622871916413,n=101904
101904,10121,24.0,1927,0.4155675930287329,0.0010500078505259853,41.45175851782069,0.4699898383328529,0.48870556606170645,7.313797303297354,5.442224530411998,n=101904
101904,10121,32.0,2570,0.4905008635578584,0.006506123410268488,48.399474014758994,0.5703561647435457,0.5959049814978816,10.540411794002324,7.985530118568729,n=101904
101904,10121,48.0,3855,0.6143232846600722,0.022933349034385302,59.1389935625687,0.7139177736544925,0.7592334748289742,14.491019016890194,9.959448899442025,n=101904
101904,10121,64.0,5140,0.7204820222954939,0.05082234259695399,66.96596796985399,0.8032427048103778,0.873443256213232,15.296123391773818,8.2760682514884,n=101904
