lag_requests,survival,n_intervals,n_censored_last_use,mean_lag,trace,mean_lag_lo,mean_lag_hi
1,1.0,2735,2364,721.5151736745887,sealed_dsv4,695.31239488117,748.2933546617917
2,1.0,2735,2364,721.5151736745887,sealed_dsv4,695.31239488117,748.2933546617917
3,1.0,2735,2364,721.5151736745887,sealed_dsv4,695.31239488117,748.2933546617917
4,1.0,2735,2364,721.5151736745887,sealed_dsv4,695.31239488117,748.2933546617917
5,1.0,2735,2364,721.5151736745887,sealed_dsv4,695.31239488117,748.2933546617917
8,1.0,2735,2364,721.5151736745887,sealed_dsv4,695.31239488117,748.2933546617917
10,1.0,2735,2364,721.5151736745887,sealed_dsv4,695.31239488117,748.2933546617917
16,1.0,2735,2364,721.5151736745887,sealed_dsv4,695.31239488117,748.2933546617917
20,1.0,2735,2364,721.5151736745887,sealed_dsv4,695.31239488117,748.2933546617917
32,1.0,2735,2364,721.5151736745887,sealed_dsv4,695.31239488117,748.2933546617917
50,1.0,2735,2364,721.5151736745887,sealed_dsv4,695.31239488117,748.2933546617917
64,1.0,2735,2364,721.5151736745887,sealed_dsv4,695.31239488117,748.2933546617917
100,1.0,2735,2364,721.5151736745887,sealed_dsv4,695.31239488117,748.2933546617917
128,1.0,2735,2364,721.5151736745887,sealed_dsv4,695.31239488117,748.2933546617917
200,1.0,2735,2364,721.5151736745887,sealed_dsv4,695.31239488117,748.2933546617917
400,0.5144424131627057,2735,2364,721.5151736745887,sealed_dsv4,695.31239488117,748.2933546617917
1,1.0,405,875,410.70617283950617,ornith_dual-cold-primary,390.9203086419753,431.294012345679
2,1.0,405,875,410.70617283950617,ornith_dual-cold-primary,390.9203086419753,431.294012345679
3,1.0,405,875,410.70617283950617,ornith_dual-cold-primary,390.9203086419753,431.294012345679
4,1.0,405,875,410.70617283950617,ornith_dual-cold-primary,390.9203086419753,431.294012345679
5,1.0,405,875,410.70617283950617,ornith_dual-cold-primary,390.9203086419753,431.294012345679
8,1.0,405,875,410.70617283950617,ornith_dual-cold-primary,390.9203086419753,431.294012345679
10,1.0,405,875,410.70617283950617,ornith_dual-cold-primary,390.9203086419753,431.294012345679
16,1.0,405,875,410.70617283950617,ornith_dual-cold-primary,390.9203086419753,431.294012345679
20,1.0,405,875,410.70617283950617,ornith_dual-cold-primary,390.9203086419753,431.294012345679
32,1.0,405,875,410.70617283950617,ornith_dual-cold-primary,390.9203086419753,431.294012345679
50,1.0,405,875,410.70617283950617,ornith_dual-cold-primary,390.9203086419753,431.294012345679
64,1.0,405,875,410.70617283950617,ornith_dual-cold-primary,390.9203086419753,431.294012345679
100,1.0,405,875,410.70617283950617,ornith_dual-cold-primary,390.9203086419753,431.294012345679
128,1.0,405,875,410.70617283950617,ornith_dual-cold-primary,390.9203086419753,431.294012345679
200,1.0,405,875,410.70617283950617,ornith_dual-cold-primary,390.9203086419753,431.294012345679
320,0.47901234567901235,405,875,410.70617283950617,ornith_dual-cold-primary,390.9203086419753,431.294012345679
1,1.0,405,875,410.70617283950617,ornith_dual-warm-profiled,390.9203086419753,431.294012345679
2,1.0,405,875,410.70617283950617,ornith_dual-warm-profiled,390.9203086419753,431.294012345679
3,1.0,405,875,410.70617283950617,ornith_dual-warm-profiled,390.9203086419753,431.294012345679
4,1.0,405,875,410.70617283950617,ornith_dual-warm-profiled,390.9203086419753,431.294012345679
5,1.0,405,875,410.70617283950617,ornith_dual-warm-profiled,390.9203086419753,431.294012345679
8,1.0,405,875,410.70617283950617,ornith_dual-warm-profiled,390.9203086419753,431.294012345679
10,1.0,405,875,410.70617283950617,ornith_dual-warm-profiled,390.9203086419753,431.294012345679
16,1.0,405,875,410.70617283950617,ornith_dual-warm-profiled,390.9203086419753,431.294012345679
20,1.0,405,875,410.70617283950617,ornith_dual-warm-profiled,390.9203086419753,431.294012345679
32,1.0,405,875,410.70617283950617,ornith_dual-warm-profiled,390.9203086419753,431.294012345679
50,1.0,405,875,410.70617283950617,ornith_dual-warm-profiled,390.9203086419753,431.294012345679
64,1.0,405,875,410.70617283950617,ornith_dual-warm-profiled,390.9203086419753,431.294012345679
100,1.0,405,875,410.70617283950617,ornith_dual-warm-profiled,390.9203086419753,431.294012345679
128,1.0,405,875,410.70617283950617,ornith_dual-warm-profiled,390.9203086419753,431.294012345679
200,1.0,405,875,410.70617283950617,ornith_dual-warm-profiled,390.9203086419753,431.294012345679
320,0.47901234567901235,405,875,410.70617283950617,ornith_dual-warm-profiled,390.9203086419753,431.294012345679
1,1.0,405,875,410.70617283950617,ornith_dual-warm-reference-present,390.9203086419753,431.294012345679
2,1.0,405,875,410.70617283950617,ornith_dual-warm-reference-present,390.9203086419753,431.294012345679
3,1.0,405,875,410.70617283950617,ornith_dual-warm-reference-present,390.9203086419753,431.294012345679
4,1.0,405,875,410.70617283950617,ornith_dual-warm-reference-present,390.9203086419753,431.294012345679
5,1.0,405,875,410.70617283950617,ornith_dual-warm-reference-present,390.9203086419753,431.294012345679
8,1.0,405,875,410.70617283950617,ornith_dual-warm-reference-present,390.9203086419753,431.294012345679
10,1.0,405,875,410.70617283950617,ornith_dual-warm-reference-present,390.9203086419753,431.294012345679
16,1.0,405,875,410.70617283950617,ornith_dual-warm-reference-present,390.9203086419753,431.294012345679
20,1.0,405,875,410.70617283950617,ornith_dual-warm-reference-present,390.9203086419753,431.294012345679
32,1.0,405,875,410.70617283950617,ornith_dual-warm-reference-present,390.9203086419753,431.294012345679
50,1.0,405,875,410.70617283950617,ornith_dual-warm-reference-present,390.9203086419753,431.294012345679
64,1.0,405,875,410.70617283950617,ornith_dual-warm-reference-present,390.9203086419753,431.294012345679
100,1.0,405,875,410.70617283950617,ornith_dual-warm-reference-present,390.9203086419753,431.294012345679
128,1.0,405,875,410.70617283950617,ornith_dual-warm-reference-present,390.9203086419753,431.294012345679
200,1.0,405,875,410.70617283950617,ornith_dual-warm-reference-present,390.9203086419753,431.294012345679
320,0.47901234567901235,405,875,410.70617283950617,ornith_dual-warm-reference-present,390.9203086419753,431.294012345679
1,1.0,71,569,319.92957746478874,ornith_dual-cache-disabled,319.3658450704225,320.5211267605634
2,1.0,71,569,319.92957746478874,ornith_dual-cache-disabled,319.3658450704225,320.5211267605634
3,1.0,71,569,319.92957746478874,ornith_dual-cache-disabled,319.3658450704225,320.5211267605634
4,1.0,71,569,319.92957746478874,ornith_dual-cache-disabled,319.3658450704225,320.5211267605634
5,1.0,71,569,319.92957746478874,ornith_dual-cache-disabled,319.3658450704225,320.5211267605634
8,1.0,71,569,319.92957746478874,ornith_dual-cache-disabled,319.3658450704225,320.5211267605634
10,1.0,71,569,319.92957746478874,ornith_dual-cache-disabled,319.3658450704225,320.5211267605634
16,1.0,71,569,319.92957746478874,ornith_dual-cache-disabled,319.3658450704225,320.5211267605634
20,1.0,71,569,319.92957746478874,ornith_dual-cache-disabled,319.3658450704225,320.5211267605634
32,1.0,71,569,319.92957746478874,ornith_dual-cache-disabled,319.3658450704225,320.5211267605634
50,1.0,71,569,319.92957746478874,ornith_dual-cache-disabled,319.3658450704225,320.5211267605634
64,1.0,71,569,319.92957746478874,ornith_dual-cache-disabled,319.3658450704225,320.5211267605634
100,1.0,71,569,319.92957746478874,ornith_dual-cache-disabled,319.3658450704225,320.5211267605634
128,1.0,71,569,319.92957746478874,ornith_dual-cache-disabled,319.3658450704225,320.5211267605634
160,1.0,71,569,319.92957746478874,ornith_dual-cache-disabled,319.3658450704225,320.5211267605634
1,1.0,71,569,319.92957746478874,ornith_dual-cache-capacity-4,319.3658450704225,320.5211267605634
2,1.0,71,569,319.92957746478874,ornith_dual-cache-capacity-4,319.3658450704225,320.5211267605634
3,1.0,71,569,319.92957746478874,ornith_dual-cache-capacity-4,319.3658450704225,320.5211267605634
4,1.0,71,569,319.92957746478874,ornith_dual-cache-capacity-4,319.3658450704225,320.5211267605634
5,1.0,71,569,319.92957746478874,ornith_dual-cache-capacity-4,319.3658450704225,320.5211267605634
8,1.0,71,569,319.92957746478874,ornith_dual-cache-capacity-4,319.3658450704225,320.5211267605634
10,1.0,71,569,319.92957746478874,ornith_dual-cache-capacity-4,319.3658450704225,320.5211267605634
16,1.0,71,569,319.92957746478874,ornith_dual-cache-capacity-4,319.3658450704225,320.5211267605634
20,1.0,71,569,319.92957746478874,ornith_dual-cache-capacity-4,319.3658450704225,320.5211267605634
32,1.0,71,569,319.92957746478874,ornith_dual-cache-capacity-4,319.3658450704225,320.5211267605634
50,1.0,71,569,319.92957746478874,ornith_dual-cache-capacity-4,319.3658450704225,320.5211267605634
64,1.0,71,569,319.92957746478874,ornith_dual-cache-capacity-4,319.3658450704225,320.5211267605634
100,1.0,71,569,319.92957746478874,ornith_dual-cache-capacity-4,319.3658450704225,320.5211267605634
128,1.0,71,569,319.92957746478874,ornith_dual-cache-capacity-4,319.3658450704225,320.5211267605634
160,1.0,71,569,319.92957746478874,ornith_dual-cache-capacity-4,319.3658450704225,320.5211267605634
1,0.9971988795518207,1785,1735,207.69635854341738,ornith_dual-long-prompt,179.17309523809524,237.4344817927171
2,0.9899159663865547,1785,1735,207.69635854341738,ornith_dual-long-prompt,179.17309523809524,237.4344817927171
3,0.9714285714285714,1785,1735,207.69635854341738,ornith_dual-long-prompt,179.17309523809524,237.4344817927171
4,0.946218487394958,1785,1735,207.69635854341738,ornith_dual-long-prompt,179.17309523809524,237.4344817927171
5,0.907563025210084,1785,1735,207.69635854341738,ornith_dual-long-prompt,179.17309523809524,237.4344817927171
8,0.6403361344537815,1785,1735,207.69635854341738,ornith_dual-long-prompt,179.17309523809524,237.4344817927171
10,0.4946778711484594,1785,1735,207.69635854341738,ornith_dual-long-prompt,179.17309523809524,237.4344817927171
16,0.33389355742296917,1785,1735,207.69635854341738,ornith_dual-long-prompt,179.17309523809524,237.4344817927171
20,0.2901960784313726,1785,1735,207.69635854341738,ornith_dual-long-prompt,179.17309523809524,237.4344817927171
32,0.20392156862745098,1785,1735,207.69635854341738,ornith_dual-long-prompt,179.17309523809524,237.4344817927171
50,0.12661064425770308,1785,1735,207.69635854341738,ornith_dual-long-prompt,179.17309523809524,237.4344817927171
64,0.11484593837535013,1785,1735,207.69635854341738,ornith_dual-long-prompt,179.17309523809524,237.4344817927171
100,0.10980392156862745,1785,1735,207.69635854341738,ornith_dual-long-prompt,179.17309523809524,237.4344817927171
128,0.10980392156862745,1785,1735,207.69635854341738,ornith_dual-long-prompt,179.17309523809524,237.4344817927171
200,0.10980392156862745,1785,1735,207.69635854341738,ornith_dual-long-prompt,179.17309523809524,237.4344817927171
400,0.10532212885154062,1785,1735,207.69635854341738,ornith_dual-long-prompt,179.17309523809524,237.4344817927171
1,nan,0,320,nan,ornith_dual-one-token,0.0,0.0
2,nan,0,320,nan,ornith_dual-one-token,0.0,0.0
3,nan,0,320,nan,ornith_dual-one-token,0.0,0.0
4,nan,0,320,nan,ornith_dual-one-token,0.0,0.0
5,nan,0,320,nan,ornith_dual-one-token,0.0,0.0
8,nan,0,320,nan,ornith_dual-one-token,0.0,0.0
10,nan,0,320,nan,ornith_dual-one-token,0.0,0.0
16,nan,0,320,nan,ornith_dual-one-token,0.0,0.0
20,nan,0,320,nan,ornith_dual-one-token,0.0,0.0
32,nan,0,320,nan,ornith_dual-one-token,0.0,0.0
50,nan,0,320,nan,ornith_dual-one-token,0.0,0.0
64,nan,0,320,nan,ornith_dual-one-token,0.0,0.0
80,nan,0,320,nan,ornith_dual-one-token,0.0,0.0
1,1.0,71,569,319.92957746478874,ornith_single-t4-warm,319.3658450704225,320.5211267605634
2,1.0,71,569,319.92957746478874,ornith_single-t4-warm,319.3658450704225,320.5211267605634
3,1.0,71,569,319.92957746478874,ornith_single-t4-warm,319.3658450704225,320.5211267605634
4,1.0,71,569,319.92957746478874,ornith_single-t4-warm,319.3658450704225,320.5211267605634
5,1.0,71,569,319.92957746478874,ornith_single-t4-warm,319.3658450704225,320.5211267605634
8,1.0,71,569,319.92957746478874,ornith_single-t4-warm,319.3658450704225,320.5211267605634
10,1.0,71,569,319.92957746478874,ornith_single-t4-warm,319.3658450704225,320.5211267605634
16,1.0,71,569,319.92957746478874,ornith_single-t4-warm,319.3658450704225,320.5211267605634
20,1.0,71,569,319.92957746478874,ornith_single-t4-warm,319.3658450704225,320.5211267605634
32,1.0,71,569,319.92957746478874,ornith_single-t4-warm,319.3658450704225,320.5211267605634
50,1.0,71,569,319.92957746478874,ornith_single-t4-warm,319.3658450704225,320.5211267605634
64,1.0,71,569,319.92957746478874,ornith_single-t4-warm,319.3658450704225,320.5211267605634
100,1.0,71,569,319.92957746478874,ornith_single-t4-warm,319.3658450704225,320.5211267605634
128,1.0,71,569,319.92957746478874,ornith_single-t4-warm,319.3658450704225,320.5211267605634
160,1.0,71,569,319.92957746478874,ornith_single-t4-warm,319.3658450704225,320.5211267605634
