scope,regime,policy,pin_frac,budget_gib,slots,initial_records,initial_state_gib,contract,repopulation_charged,requests,hits,misses,evictions,hit_rate,prefill_misses,decode_misses,prefill_hits,decode_hits,miss_frac
full,A,lru,,8,642,0,0.0,A_online,0,5099,2056,3043,2401,0.403216,1229,1814,0,2056,0.596784
full,A,engine_priority_lru,,8,642,0,0.0,A_online,0,5099,710,4389,3747,0.139243,1229,3160,0,710,0.860757
full,A,arc,,8,642,0,0.0,A_online,0,5099,1596,3503,2861,0.313003,1229,2274,0,1596,0.686997
full,A,lfu,,8,642,0,0.0,A_online,0,5099,1980,3119,2477,0.388311,1229,1890,0,1980,0.611689
full,A,freq_x_recency,,8,642,0,0.0,A_online,0,5099,2066,3033,2391,0.405177,1229,1804,0,2066,0.594823
full,A,layer_lru,,8,642,0,0.0,A_online,0,5099,1910,3189,2587,0.374583,1229,1960,0,1910,0.625417
full,A,cost_aware,,8,642,0,0.0,A_online,0,5099,2056,3043,2401,0.403216,1229,1814,0,2056,0.596784
full,A,belady_cold,,8,642,0,0.0,A_online,0,5099,2735,2364,1722,0.53638,1229,1135,0,2735,0.46362
full,B,freq_lru_warmup,0.5,8,642,0,0.0,B_causal_warmup,321,5099,1577,3843,3201,0.309276,1229,2614,0,1577,0.753677
full,B,freq_lru_warmup_s4,0.5,8,642,0,0.0,B_causal_warmup,0,5099,1876,3223,2581,0.367915,1229,1994,0,1876,0.632085
full,C,static_freq_prewarm,,8,642,642,7.994,C1_bypass_fixed_set,0,5099,3084,2015,0,0.604824,821,1194,408,2676,0.395176
full,C,static_layer_freq_prewarm,,8,642,602,7.496,C1_bypass_fixed_set_layer_budgeted,0,5099,2987,2112,0,0.585801,859,1253,370,2617,0.414199
full,C,freq_lru_prewarm,0.25,8,642,160,1.992,C3_pin_protected_plus_lru_remainder,0,5099,2270,2829,2347,0.445185,1119,1710,110,2160,0.554815
full,C,freq_lru_prewarm,0.5,8,642,321,3.997,C3_pin_protected_plus_lru_remainder,0,5099,2574,2525,2204,0.504805,1042,1483,187,2387,0.495195
full,C,freq_lru_prewarm,0.75,8,642,481,5.989,C3_pin_protected_plus_lru_remainder,0,5099,2864,2235,2074,0.561679,954,1281,275,2589,0.438321
full,C,freq_lru_prewarm,0.9,8,642,577,7.184,C3_pin_protected_plus_lru_remainder,0,5099,2961,2138,2073,0.580702,886,1252,343,2618,0.419298
full,C,freq_lru_prewarm,0.99,8,642,635,7.906,C3_pin_protected_plus_lru_remainder,0,5099,3070,2029,2022,0.602079,828,1201,401,2669,0.397921
full,C,lru_prewarm_topN,,8,642,642,7.994,C2_fetch_on_fault,0,5099,2211,2888,2888,0.433614,1074,1814,155,2056,0.566386
full,C,belady_same_state_prewarm,,8,642,642,7.994,C2_fetch_on_fault,0,5099,3296,1803,1803,0.646401,821,982,408,2888,0.353599
full,C,belady_pin_same_state,0.25,8,642,160,1.992,C3_pin_protected_plus_min_dynamics,0,5099,2895,2204,1722,0.567758,1119,1085,110,2785,0.432242
full,C,belady_pin_same_state,0.5,8,642,321,3.997,C3_pin_protected_plus_min_dynamics,0,5099,3056,2043,1722,0.599333,1042,1001,187,2869,0.400667
full,C,belady_pin_same_state,0.75,8,642,481,5.989,C3_pin_protected_plus_min_dynamics,0,5099,3163,1936,1775,0.620318,954,982,275,2888,0.379682
full,C,belady_pin_same_state,0.9,8,642,577,7.184,C3_pin_protected_plus_min_dynamics,0,5099,3197,1902,1837,0.626986,886,1016,343,2854,0.373014
full,C,belady_pin_same_state,0.99,8,642,635,7.906,C3_pin_protected_plus_min_dynamics,0,5099,3129,1970,1963,0.61365,828,1142,401,2728,0.38635
full,A,lru,,12,963,0,0.0,A_online,0,5099,2376,2723,1760,0.465974,1229,1494,0,2376,0.534026
full,A,engine_priority_lru,,12,963,0,0.0,A_online,0,5099,1174,3925,2962,0.230241,1229,2696,0,1174,0.769759
full,A,arc,,12,963,0,0.0,A_online,0,5099,2188,2911,1948,0.429104,1229,1682,0,2188,0.570896
full,A,lfu,,12,963,0,0.0,A_online,0,5099,2374,2725,1762,0.465581,1229,1496,0,2374,0.534419
full,A,freq_x_recency,,12,963,0,0.0,A_online,0,5099,2381,2718,1755,0.466954,1229,1489,0,2381,0.533046
full,A,layer_lru,,12,963,0,0.0,A_online,0,5099,2352,2747,1801,0.461267,1229,1518,0,2352,0.538733
full,A,cost_aware,,12,963,0,0.0,A_online,0,5099,2376,2723,1760,0.465974,1229,1494,0,2376,0.534026
full,A,belady_cold,,12,963,0,0.0,A_online,0,5099,2735,2364,1401,0.53638,1229,1135,0,2735,0.46362
full,B,freq_lru_warmup,0.5,12,963,0,0.0,B_causal_warmup,266,5099,2086,3279,2316,0.4091,1229,2050,0,2086,0.643067
full,B,freq_lru_warmup_s4,0.5,12,963,0,0.0,B_causal_warmup,92,5099,2371,2820,1857,0.464993,1229,1591,0,2371,0.55305
full,C,static_freq_prewarm,,12,963,963,11.99,C1_bypass_fixed_set,0,5099,3698,1401,0,0.72524,716,685,513,3185,0.27476
full,C,static_layer_freq_prewarm,,12,963,946,11.779,C1_bypass_fixed_set_layer_budgeted,0,5099,3615,1484,0,0.708963,671,813,558,3057,0.291037
full,C,freq_lru_prewarm,0.25,12,963,240,2.988,C3_pin_protected_plus_lru_remainder,0,5099,2675,2424,1701,0.524613,1076,1348,153,2522,0.475387
full,C,freq_lru_prewarm,0.5,12,963,481,5.989,C3_pin_protected_plus_lru_remainder,0,5099,3016,2083,1601,0.591489,954,1129,275,2741,0.408511
full,C,freq_lru_prewarm,0.75,12,963,722,8.99,C3_pin_protected_plus_lru_remainder,0,5099,3372,1727,1486,0.661306,744,983,485,2887,0.338694
full,C,freq_lru_prewarm,0.9,12,963,866,10.783,C3_pin_protected_plus_lru_remainder,0,5099,3580,1519,1422,0.702098,744,775,485,3095,0.297902
full,C,freq_lru_prewarm,0.99,12,963,953,11.866,C3_pin_protected_plus_lru_remainder,0,5099,3688,1411,1401,0.723279,726,685,503,3185,0.276721
full,C,lru_prewarm_topN,,12,963,963,11.99,C2_fetch_on_fault,0,5099,2718,2381,2381,0.533046,887,1494,342,2376,0.466954
full,C,belady_same_state_prewarm,,12,963,963,11.99,C2_fetch_on_fault,0,5099,3698,1401,1401,0.72524,716,685,513,3185,0.27476
full,C,belady_pin_same_state,0.25,12,963,240,2.988,C3_pin_protected_plus_min_dynamics,0,5099,2975,2124,1401,0.583448,1076,1048,153,2822,0.416552
full,C,belady_pin_same_state,0.5,12,963,481,5.989,C3_pin_protected_plus_min_dynamics,0,5099,3216,1883,1401,0.630712,954,929,275,2941,0.369288
full,C,belady_pin_same_state,0.75,12,963,722,8.99,C3_pin_protected_plus_min_dynamics,0,5099,3457,1642,1401,0.677976,744,898,485,2972,0.322024
full,C,belady_pin_same_state,0.9,12,963,866,10.783,C3_pin_protected_plus_min_dynamics,0,5099,3601,1498,1401,0.706217,744,754,485,3116,0.293783
full,C,belady_pin_same_state,0.99,12,963,953,11.866,C3_pin_protected_plus_min_dynamics,0,5099,3688,1411,1401,0.723279,726,685,503,3185,0.276721
full,A,lru,,16,1285,0,0.0,A_online,0,5099,2592,2507,1222,0.508335,1229,1278,0,2592,0.491665
full,A,engine_priority_lru,,16,1285,0,0.0,A_online,0,5099,1738,3361,2076,0.340851,1229,2132,0,1738,0.659149
full,A,arc,,16,1285,0,0.0,A_online,0,5099,2572,2527,1242,0.504413,1229,1298,0,2572,0.495587
full,A,lfu,,16,1285,0,0.0,A_online,0,5099,2592,2507,1222,0.508335,1229,1278,0,2592,0.491665
full,A,freq_x_recency,,16,1285,0,0.0,A_online,0,5099,2593,2506,1221,0.508531,1229,1277,0,2593,0.491469
full,A,layer_lru,,16,1285,0,0.0,A_online,0,5099,2561,2538,1291,0.502255,1229,1309,0,2561,0.497745
full,A,cost_aware,,16,1285,0,0.0,A_online,0,5099,2592,2507,1222,0.508335,1229,1278,0,2592,0.491665
full,A,belady_cold,,16,1285,0,0.0,A_online,0,5099,2735,2364,1079,0.53638,1229,1135,0,2735,0.46362
full,B,freq_lru_warmup,0.5,16,1285,0,0.0,B_causal_warmup,0,5099,2517,2582,1297,0.493626,1229,1353,0,2517,0.506374
full,B,freq_lru_warmup_s4,0.5,16,1285,0,0.0,B_causal_warmup,180,5099,2572,2707,1422,0.504413,1229,1478,0,2572,0.530888
full,C,static_freq_prewarm,,16,1285,1285,16.0,C1_bypass_fixed_set,0,5099,4020,1079,0,0.78839,394,685,835,3185,0.21161
full,C,static_layer_freq_prewarm,,16,1285,1247,15.527,C1_bypass_fixed_set_layer_budgeted,0,5099,3979,1120,0,0.780349,430,690,799,3180,0.219651
full,C,freq_lru_prewarm,0.25,16,1285,321,3.997,C3_pin_protected_plus_lru_remainder,0,5099,2923,2176,1212,0.57325,1042,1134,187,2736,0.42675
full,C,freq_lru_prewarm,0.5,16,1285,642,7.994,C3_pin_protected_plus_lru_remainder,0,5099,3346,1753,1110,0.656207,821,932,408,2938,0.343793
full,C,freq_lru_prewarm,0.75,16,1285,963,11.99,C3_pin_protected_plus_lru_remainder,0,5099,3698,1401,1079,0.72524,716,685,513,3185,0.27476
full,C,freq_lru_prewarm,0.9,16,1285,1156,14.394,C3_pin_protected_plus_lru_remainder,0,5099,3891,1208,1079,0.763091,523,685,706,3185,0.236909
full,C,freq_lru_prewarm,0.99,16,1285,1272,15.838,C3_pin_protected_plus_lru_remainder,0,5099,4007,1092,1079,0.78584,407,685,822,3185,0.21416
full,C,lru_prewarm_topN,,16,1285,1285,16.0,C2_fetch_on_fault,0,5099,3381,1718,1718,0.663071,446,1272,783,2598,0.336929
full,C,belady_same_state_prewarm,,16,1285,1285,16.0,C2_fetch_on_fault,0,5099,4020,1079,1079,0.78839,394,685,835,3185,0.21161
full,C,belady_pin_same_state,0.25,16,1285,321,3.997,C3_pin_protected_plus_min_dynamics,0,5099,3056,2043,1079,0.599333,1042,1001,187,2869,0.400667
full,C,belady_pin_same_state,0.5,16,1285,642,7.994,C3_pin_protected_plus_min_dynamics,0,5099,3377,1722,1079,0.662287,821,901,408,2969,0.337713
full,C,belady_pin_same_state,0.75,16,1285,963,11.99,C3_pin_protected_plus_min_dynamics,0,5099,3698,1401,1079,0.72524,716,685,513,3185,0.27476
full,C,belady_pin_same_state,0.9,16,1285,1156,14.394,C3_pin_protected_plus_min_dynamics,0,5099,3891,1208,1079,0.763091,523,685,706,3185,0.236909
full,C,belady_pin_same_state,0.99,16,1285,1272,15.838,C3_pin_protected_plus_min_dynamics,0,5099,4007,1092,1079,0.78584,407,685,822,3185,0.21416
full,A,lru,,20,1606,0,0.0,A_online,0,5099,2668,2431,825,0.52324,1229,1202,0,2668,0.47676
full,A,engine_priority_lru,,20,1606,0,0.0,A_online,0,5099,2227,2872,1266,0.436752,1229,1643,0,2227,0.563248
full,A,arc,,20,1606,0,0.0,A_online,0,5099,2663,2436,830,0.522259,1229,1207,0,2663,0.477741
full,A,lfu,,20,1606,0,0.0,A_online,0,5099,2668,2431,825,0.52324,1229,1202,0,2668,0.47676
full,A,freq_x_recency,,20,1606,0,0.0,A_online,0,5099,2668,2431,825,0.52324,1229,1202,0,2668,0.47676
full,A,layer_lru,,20,1606,0,0.0,A_online,0,5099,2641,2458,868,0.517945,1229,1229,0,2641,0.482055
full,A,cost_aware,,20,1606,0,0.0,A_online,0,5099,2668,2431,825,0.52324,1229,1202,0,2668,0.47676
full,A,belady_cold,,20,1606,0,0.0,A_online,0,5099,2735,2364,758,0.53638,1229,1135,0,2735,0.46362
full,B,freq_lru_warmup,0.5,20,1606,0,0.0,B_causal_warmup,0,5099,2655,2444,838,0.52069,1229,1215,0,2655,0.47931
full,B,freq_lru_warmup_s4,0.5,20,1606,0,0.0,B_causal_warmup,0,5099,2676,2423,817,0.524809,1229,1194,0,2676,0.475191
full,C,static_freq_prewarm,,20,1606,1606,19.997,C1_bypass_fixed_set,0,5099,4341,758,0,0.851343,73,685,1156,3185,0.148657
full,C,static_layer_freq_prewarm,,20,1606,1590,19.797,C1_bypass_fixed_set_layer_budgeted,0,5099,4325,774,0,0.848206,137,637,1092,3233,0.151794
full,C,freq_lru_prewarm,0.25,20,1606,401,4.993,C3_pin_protected_plus_lru_remainder,0,5099,3082,2017,812,0.604432,969,1048,260,2822,0.395568
full,C,freq_lru_prewarm,0.5,20,1606,803,9.998,C3_pin_protected_plus_lru_remainder,0,5099,3538,1561,758,0.693862,744,817,485,3053,0.306138
full,C,freq_lru_prewarm,0.75,20,1606,1204,14.991,C3_pin_protected_plus_lru_remainder,0,5099,3939,1160,758,0.772504,475,685,754,3185,0.227496
full,C,freq_lru_prewarm,0.9,20,1606,1445,17.992,C3_pin_protected_plus_lru_remainder,0,5099,4180,919,758,0.819769,234,685,995,3185,0.180231
full,C,freq_lru_prewarm,0.99,20,1606,1589,19.785,C3_pin_protected_plus_lru_remainder,0,5099,4324,775,758,0.848009,90,685,1139,3185,0.151991
full,C,lru_prewarm_topN,,20,1606,1606,19.997,C2_fetch_on_fault,0,5099,3978,1121,1121,0.780153,73,1048,1156,2822,0.219847
full,C,belady_same_state_prewarm,,20,1606,1606,19.997,C2_fetch_on_fault,0,5099,4341,758,758,0.851343,73,685,1156,3185,0.148657
full,C,belady_pin_same_state,0.25,20,1606,401,4.993,C3_pin_protected_plus_min_dynamics,0,5099,3136,1963,758,0.615023,969,994,260,2876,0.384977
full,C,belady_pin_same_state,0.5,20,1606,803,9.998,C3_pin_protected_plus_min_dynamics,0,5099,3538,1561,758,0.693862,744,817,485,3053,0.306138
full,C,belady_pin_same_state,0.75,20,1606,1204,14.991,C3_pin_protected_plus_min_dynamics,0,5099,3939,1160,758,0.772504,475,685,754,3185,0.227496
full,C,belady_pin_same_state,0.9,20,1606,1445,17.992,C3_pin_protected_plus_min_dynamics,0,5099,4180,919,758,0.819769,234,685,995,3185,0.180231
full,C,belady_pin_same_state,0.99,20,1606,1589,19.785,C3_pin_protected_plus_min_dynamics,0,5099,4324,775,758,0.848009,90,685,1139,3185,0.151991
full,A,lru,,24,1927,0,0.0,A_online,0,5099,2707,2392,465,0.530888,1229,1163,0,2707,0.469112
full,A,engine_priority_lru,,24,1927,0,0.0,A_online,0,5099,2596,2503,576,0.509119,1229,1274,0,2596,0.490881
full,A,arc,,24,1927,0,0.0,A_online,0,5099,2707,2392,465,0.530888,1229,1163,0,2707,0.469112
full,A,lfu,,24,1927,0,0.0,A_online,0,5099,2707,2392,465,0.530888,1229,1163,0,2707,0.469112
full,A,freq_x_recency,,24,1927,0,0.0,A_online,0,5099,2707,2392,465,0.530888,1229,1163,0,2707,0.469112
full,A,layer_lru,,24,1927,0,0.0,A_online,0,5099,2679,2420,540,0.525397,1229,1191,0,2679,0.474603
full,A,cost_aware,,24,1927,0,0.0,A_online,0,5099,2707,2392,465,0.530888,1229,1163,0,2707,0.469112
full,A,belady_cold,,24,1927,0,0.0,A_online,0,5099,2735,2364,437,0.53638,1229,1135,0,2735,0.46362
full,B,freq_lru_warmup,0.5,24,1927,0,0.0,B_causal_warmup,0,5099,2706,2393,466,0.530692,1229,1164,0,2706,0.469308
full,B,freq_lru_warmup_s4,0.5,24,1927,0,0.0,B_causal_warmup,0,5099,2724,2375,448,0.534222,1229,1146,0,2724,0.465778
full,C,static_freq_prewarm,,24,1927,1927,23.993,C1_bypass_fixed_set,0,5099,4662,437,0,0.914297,0,437,1229,3433,0.085703
full,C,static_layer_freq_prewarm,,24,1927,1880,23.408,C1_bypass_fixed_set_layer_budgeted,0,5099,4615,484,0,0.905079,24,460,1205,3410,0.094921
full,C,freq_lru_prewarm,0.25,24,1927,481,5.989,C3_pin_protected_plus_lru_remainder,0,5099,3191,1908,462,0.625809,954,954,275,2916,0.374191
full,C,freq_lru_prewarm,0.5,24,1927,963,11.99,C3_pin_protected_plus_lru_remainder,0,5099,3698,1401,437,0.72524,716,685,513,3185,0.27476
full,C,freq_lru_prewarm,0.75,24,1927,1445,17.992,C3_pin_protected_plus_lru_remainder,0,5099,4180,919,437,0.819769,234,685,995,3185,0.180231
full,C,freq_lru_prewarm,0.9,24,1927,1734,21.59,C3_pin_protected_plus_lru_remainder,0,5099,4469,630,437,0.876446,0,630,1229,3240,0.123554
full,C,freq_lru_prewarm,0.99,24,1927,1907,23.744,C3_pin_protected_plus_lru_remainder,0,5099,4642,457,437,0.910375,0,457,1229,3413,0.089625
full,C,lru_prewarm_topN,,24,1927,1927,23.993,C2_fetch_on_fault,0,5099,4535,564,564,0.88939,0,564,1229,3306,0.11061
full,C,belady_same_state_prewarm,,24,1927,1927,23.993,C2_fetch_on_fault,0,5099,4662,437,437,0.914297,0,437,1229,3433,0.085703
full,C,belady_pin_same_state,0.25,24,1927,481,5.989,C3_pin_protected_plus_min_dynamics,0,5099,3216,1883,437,0.630712,954,929,275,2941,0.369288
full,C,belady_pin_same_state,0.5,24,1927,963,11.99,C3_pin_protected_plus_min_dynamics,0,5099,3698,1401,437,0.72524,716,685,513,3185,0.27476
full,C,belady_pin_same_state,0.75,24,1927,1445,17.992,C3_pin_protected_plus_min_dynamics,0,5099,4180,919,437,0.819769,234,685,995,3185,0.180231
full,C,belady_pin_same_state,0.9,24,1927,1734,21.59,C3_pin_protected_plus_min_dynamics,0,5099,4469,630,437,0.876446,0,630,1229,3240,0.123554
full,C,belady_pin_same_state,0.99,24,1927,1907,23.744,C3_pin_protected_plus_min_dynamics,0,5099,4642,457,437,0.910375,0,457,1229,3413,0.089625
full,A,lru,,32,2570,0,0.0,A_online,0,5099,2735,2364,0,0.53638,1229,1135,0,2735,0.46362
full,A,engine_priority_lru,,32,2570,0,0.0,A_online,0,5099,2735,2364,0,0.53638,1229,1135,0,2735,0.46362
full,A,arc,,32,2570,0,0.0,A_online,0,5099,2735,2364,0,0.53638,1229,1135,0,2735,0.46362
full,A,lfu,,32,2570,0,0.0,A_online,0,5099,2735,2364,0,0.53638,1229,1135,0,2735,0.46362
full,A,freq_x_recency,,32,2570,0,0.0,A_online,0,5099,2735,2364,0,0.53638,1229,1135,0,2735,0.46362
full,A,layer_lru,,32,2570,0,0.0,A_online,0,5099,2723,2376,151,0.534026,1229,1147,0,2723,0.465974
full,A,cost_aware,,32,2570,0,0.0,A_online,0,5099,2735,2364,0,0.53638,1229,1135,0,2735,0.46362
full,A,belady_cold,,32,2570,0,0.0,A_online,0,5099,2735,2364,0,0.53638,1229,1135,0,2735,0.46362
full,B,freq_lru_warmup,0.5,32,2570,0,0.0,B_causal_warmup,0,5099,2735,2364,0,0.53638,1229,1135,0,2735,0.46362
full,B,freq_lru_warmup_s4,0.5,32,2570,0,0.0,B_causal_warmup,0,5099,2735,2364,0,0.53638,1229,1135,0,2735,0.46362
full,C,static_freq_prewarm,,32,2570,2364,29.435,C1_bypass_fixed_set,0,5099,5099,0,0,1.0,0,0,1229,3870,0.0
full,C,static_layer_freq_prewarm,,32,2570,2225,27.704,C1_bypass_fixed_set_layer_budgeted,0,5099,4960,139,0,0.97274,0,139,1229,3731,0.02726
full,C,freq_lru_prewarm,0.25,32,2570,642,7.994,C3_pin_protected_plus_lru_remainder,0,5099,3377,1722,0,0.662287,821,901,408,2969,0.337713
full,C,freq_lru_prewarm,0.5,32,2570,1285,16.0,C3_pin_protected_plus_lru_remainder,0,5099,4020,1079,0,0.78839,394,685,835,3185,0.21161
full,C,freq_lru_prewarm,0.75,32,2570,1927,23.993,C3_pin_protected_plus_lru_remainder,0,5099,4662,437,0,0.914297,0,437,1229,3433,0.085703
full,C,freq_lru_prewarm,0.9,32,2570,2313,28.8,C3_pin_protected_plus_lru_remainder,0,5099,5048,51,0,0.989998,0,51,1229,3819,0.010002
full,C,freq_lru_prewarm,0.99,32,2570,2364,29.435,C3_pin_protected_plus_lru_remainder,0,5099,5099,0,0,1.0,0,0,1229,3870,0.0
full,C,lru_prewarm_topN,,32,2570,2364,29.435,C2_fetch_on_fault,0,5099,5099,0,0,1.0,0,0,1229,3870,0.0
full,C,belady_same_state_prewarm,,32,2570,2364,29.435,C2_fetch_on_fault,0,5099,5099,0,0,1.0,0,0,1229,3870,0.0
full,C,belady_pin_same_state,0.25,32,2570,642,7.994,C3_pin_protected_plus_min_dynamics,0,5099,3377,1722,0,0.662287,821,901,408,2969,0.337713
full,C,belady_pin_same_state,0.5,32,2570,1285,16.0,C3_pin_protected_plus_min_dynamics,0,5099,4020,1079,0,0.78839,394,685,835,3185,0.21161
full,C,belady_pin_same_state,0.75,32,2570,1927,23.993,C3_pin_protected_plus_min_dynamics,0,5099,4662,437,0,0.914297,0,437,1229,3433,0.085703
full,C,belady_pin_same_state,0.9,32,2570,2313,28.8,C3_pin_protected_plus_min_dynamics,0,5099,5048,51,0,0.989998,0,51,1229,3819,0.010002
full,C,belady_pin_same_state,0.99,32,2570,2364,29.435,C3_pin_protected_plus_min_dynamics,0,5099,5099,0,0,1.0,0,0,1229,3870,0.0
full,A,lru,,48,3855,0,0.0,A_online,0,5099,2735,2364,0,0.53638,1229,1135,0,2735,0.46362
full,A,engine_priority_lru,,48,3855,0,0.0,A_online,0,5099,2735,2364,0,0.53638,1229,1135,0,2735,0.46362
full,A,arc,,48,3855,0,0.0,A_online,0,5099,2735,2364,0,0.53638,1229,1135,0,2735,0.46362
full,A,lfu,,48,3855,0,0.0,A_online,0,5099,2735,2364,0,0.53638,1229,1135,0,2735,0.46362
full,A,freq_x_recency,,48,3855,0,0.0,A_online,0,5099,2735,2364,0,0.53638,1229,1135,0,2735,0.46362
full,A,layer_lru,,48,3855,0,0.0,A_online,0,5099,2735,2364,28,0.53638,1229,1135,0,2735,0.46362
full,A,cost_aware,,48,3855,0,0.0,A_online,0,5099,2735,2364,0,0.53638,1229,1135,0,2735,0.46362
full,A,belady_cold,,48,3855,0,0.0,A_online,0,5099,2735,2364,0,0.53638,1229,1135,0,2735,0.46362
full,B,freq_lru_warmup,0.5,48,3855,0,0.0,B_causal_warmup,0,5099,2735,2364,0,0.53638,1229,1135,0,2735,0.46362
full,B,freq_lru_warmup_s4,0.5,48,3855,0,0.0,B_causal_warmup,0,5099,2735,2364,0,0.53638,1229,1135,0,2735,0.46362
full,C,static_freq_prewarm,,48,3855,2364,29.435,C1_bypass_fixed_set,0,5099,5099,0,0,1.0,0,0,1229,3870,0.0
full,C,static_layer_freq_prewarm,,48,3855,2336,29.086,C1_bypass_fixed_set_layer_budgeted,0,5099,5071,28,0,0.994509,0,28,1229,3842,0.005491
full,C,freq_lru_prewarm,0.25,48,3855,963,11.99,C3_pin_protected_plus_lru_remainder,0,5099,3698,1401,0,0.72524,716,685,513,3185,0.27476
full,C,freq_lru_prewarm,0.5,48,3855,1927,23.993,C3_pin_protected_plus_lru_remainder,0,5099,4662,437,0,0.914297,0,437,1229,3433,0.085703
full,C,freq_lru_prewarm,0.75,48,3855,2364,29.435,C3_pin_protected_plus_lru_remainder,0,5099,5099,0,0,1.0,0,0,1229,3870,0.0
full,C,freq_lru_prewarm,0.9,48,3855,2364,29.435,C3_pin_protected_plus_lru_remainder,0,5099,5099,0,0,1.0,0,0,1229,3870,0.0
full,C,freq_lru_prewarm,0.99,48,3855,2364,29.435,C3_pin_protected_plus_lru_remainder,0,5099,5099,0,0,1.0,0,0,1229,3870,0.0
full,C,lru_prewarm_topN,,48,3855,2364,29.435,C2_fetch_on_fault,0,5099,5099,0,0,1.0,0,0,1229,3870,0.0
full,C,belady_same_state_prewarm,,48,3855,2364,29.435,C2_fetch_on_fault,0,5099,5099,0,0,1.0,0,0,1229,3870,0.0
full,C,belady_pin_same_state,0.25,48,3855,963,11.99,C3_pin_protected_plus_min_dynamics,0,5099,3698,1401,0,0.72524,716,685,513,3185,0.27476
full,C,belady_pin_same_state,0.5,48,3855,1927,23.993,C3_pin_protected_plus_min_dynamics,0,5099,4662,437,0,0.914297,0,437,1229,3433,0.085703
full,C,belady_pin_same_state,0.75,48,3855,2364,29.435,C3_pin_protected_plus_min_dynamics,0,5099,5099,0,0,1.0,0,0,1229,3870,0.0
full,C,belady_pin_same_state,0.9,48,3855,2364,29.435,C3_pin_protected_plus_min_dynamics,0,5099,5099,0,0,1.0,0,0,1229,3870,0.0
full,C,belady_pin_same_state,0.99,48,3855,2364,29.435,C3_pin_protected_plus_min_dynamics,0,5099,5099,0,0,1.0,0,0,1229,3870,0.0
full,A,lru,,64,5140,0,0.0,A_online,0,5099,2735,2364,0,0.53638,1229,1135,0,2735,0.46362
full,A,engine_priority_lru,,64,5140,0,0.0,A_online,0,5099,2735,2364,0,0.53638,1229,1135,0,2735,0.46362
full,A,arc,,64,5140,0,0.0,A_online,0,5099,2735,2364,0,0.53638,1229,1135,0,2735,0.46362
full,A,lfu,,64,5140,0,0.0,A_online,0,5099,2735,2364,0,0.53638,1229,1135,0,2735,0.46362
full,A,freq_x_recency,,64,5140,0,0.0,A_online,0,5099,2735,2364,0,0.53638,1229,1135,0,2735,0.46362
full,A,layer_lru,,64,5140,0,0.0,A_online,0,5099,2735,2364,0,0.53638,1229,1135,0,2735,0.46362
full,A,cost_aware,,64,5140,0,0.0,A_online,0,5099,2735,2364,0,0.53638,1229,1135,0,2735,0.46362
full,A,belady_cold,,64,5140,0,0.0,A_online,0,5099,2735,2364,0,0.53638,1229,1135,0,2735,0.46362
full,B,freq_lru_warmup,0.5,64,5140,0,0.0,B_causal_warmup,0,5099,2735,2364,0,0.53638,1229,1135,0,2735,0.46362
full,B,freq_lru_warmup_s4,0.5,64,5140,0,0.0,B_causal_warmup,0,5099,2735,2364,0,0.53638,1229,1135,0,2735,0.46362
full,C,static_freq_prewarm,,64,5140,2364,29.435,C1_bypass_fixed_set,0,5099,5099,0,0,1.0,0,0,1229,3870,0.0
full,C,static_layer_freq_prewarm,,64,5140,2364,29.435,C1_bypass_fixed_set_layer_budgeted,0,5099,5099,0,0,1.0,0,0,1229,3870,0.0
full,C,freq_lru_prewarm,0.25,64,5140,1285,16.0,C3_pin_protected_plus_lru_remainder,0,5099,4020,1079,0,0.78839,394,685,835,3185,0.21161
full,C,freq_lru_prewarm,0.5,64,5140,2364,29.435,C3_pin_protected_plus_lru_remainder,0,5099,5099,0,0,1.0,0,0,1229,3870,0.0
full,C,freq_lru_prewarm,0.75,64,5140,2364,29.435,C3_pin_protected_plus_lru_remainder,0,5099,5099,0,0,1.0,0,0,1229,3870,0.0
full,C,freq_lru_prewarm,0.9,64,5140,2364,29.435,C3_pin_protected_plus_lru_remainder,0,5099,5099,0,0,1.0,0,0,1229,3870,0.0
full,C,freq_lru_prewarm,0.99,64,5140,2364,29.435,C3_pin_protected_plus_lru_remainder,0,5099,5099,0,0,1.0,0,0,1229,3870,0.0
full,C,lru_prewarm_topN,,64,5140,2364,29.435,C2_fetch_on_fault,0,5099,5099,0,0,1.0,0,0,1229,3870,0.0
full,C,belady_same_state_prewarm,,64,5140,2364,29.435,C2_fetch_on_fault,0,5099,5099,0,0,1.0,0,0,1229,3870,0.0
full,C,belady_pin_same_state,0.25,64,5140,1285,16.0,C3_pin_protected_plus_min_dynamics,0,5099,4020,1079,0,0.78839,394,685,835,3185,0.21161
full,C,belady_pin_same_state,0.5,64,5140,2364,29.435,C3_pin_protected_plus_min_dynamics,0,5099,5099,0,0,1.0,0,0,1229,3870,0.0
full,C,belady_pin_same_state,0.75,64,5140,2364,29.435,C3_pin_protected_plus_min_dynamics,0,5099,5099,0,0,1.0,0,0,1229,3870,0.0
full,C,belady_pin_same_state,0.9,64,5140,2364,29.435,C3_pin_protected_plus_min_dynamics,0,5099,5099,0,0,1.0,0,0,1229,3870,0.0
full,C,belady_pin_same_state,0.99,64,5140,2364,29.435,C3_pin_protected_plus_min_dynamics,0,5099,5099,0,0,1.0,0,0,1229,3870,0.0
full,A,lru,,96,7710,0,0.0,A_online,0,5099,2735,2364,0,0.53638,1229,1135,0,2735,0.46362
full,A,engine_priority_lru,,96,7710,0,0.0,A_online,0,5099,2735,2364,0,0.53638,1229,1135,0,2735,0.46362
full,A,arc,,96,7710,0,0.0,A_online,0,5099,2735,2364,0,0.53638,1229,1135,0,2735,0.46362
full,A,lfu,,96,7710,0,0.0,A_online,0,5099,2735,2364,0,0.53638,1229,1135,0,2735,0.46362
full,A,freq_x_recency,,96,7710,0,0.0,A_online,0,5099,2735,2364,0,0.53638,1229,1135,0,2735,0.46362
full,A,layer_lru,,96,7710,0,0.0,A_online,0,5099,2735,2364,0,0.53638,1229,1135,0,2735,0.46362
full,A,cost_aware,,96,7710,0,0.0,A_online,0,5099,2735,2364,0,0.53638,1229,1135,0,2735,0.46362
full,A,belady_cold,,96,7710,0,0.0,A_online,0,5099,2735,2364,0,0.53638,1229,1135,0,2735,0.46362
full,B,freq_lru_warmup,0.5,96,7710,0,0.0,B_causal_warmup,0,5099,2735,2364,0,0.53638,1229,1135,0,2735,0.46362
full,B,freq_lru_warmup_s4,0.5,96,7710,0,0.0,B_causal_warmup,0,5099,2735,2364,0,0.53638,1229,1135,0,2735,0.46362
full,C,static_freq_prewarm,,96,7710,2364,29.435,C1_bypass_fixed_set,0,5099,5099,0,0,1.0,0,0,1229,3870,0.0
full,C,static_layer_freq_prewarm,,96,7710,2364,29.435,C1_bypass_fixed_set_layer_budgeted,0,5099,5099,0,0,1.0,0,0,1229,3870,0.0
full,C,freq_lru_prewarm,0.25,96,7710,1927,23.993,C3_pin_protected_plus_lru_remainder,0,5099,4662,437,0,0.914297,0,437,1229,3433,0.085703
full,C,freq_lru_prewarm,0.5,96,7710,2364,29.435,C3_pin_protected_plus_lru_remainder,0,5099,5099,0,0,1.0,0,0,1229,3870,0.0
full,C,freq_lru_prewarm,0.75,96,7710,2364,29.435,C3_pin_protected_plus_lru_remainder,0,5099,5099,0,0,1.0,0,0,1229,3870,0.0
full,C,freq_lru_prewarm,0.9,96,7710,2364,29.435,C3_pin_protected_plus_lru_remainder,0,5099,5099,0,0,1.0,0,0,1229,3870,0.0
full,C,freq_lru_prewarm,0.99,96,7710,2364,29.435,C3_pin_protected_plus_lru_remainder,0,5099,5099,0,0,1.0,0,0,1229,3870,0.0
full,C,lru_prewarm_topN,,96,7710,2364,29.435,C2_fetch_on_fault,0,5099,5099,0,0,1.0,0,0,1229,3870,0.0
full,C,belady_same_state_prewarm,,96,7710,2364,29.435,C2_fetch_on_fault,0,5099,5099,0,0,1.0,0,0,1229,3870,0.0
full,C,belady_pin_same_state,0.25,96,7710,1927,23.993,C3_pin_protected_plus_min_dynamics,0,5099,4662,437,0,0.914297,0,437,1229,3433,0.085703
full,C,belady_pin_same_state,0.5,96,7710,2364,29.435,C3_pin_protected_plus_min_dynamics,0,5099,5099,0,0,1.0,0,0,1229,3870,0.0
full,C,belady_pin_same_state,0.75,96,7710,2364,29.435,C3_pin_protected_plus_min_dynamics,0,5099,5099,0,0,1.0,0,0,1229,3870,0.0
full,C,belady_pin_same_state,0.9,96,7710,2364,29.435,C3_pin_protected_plus_min_dynamics,0,5099,5099,0,0,1.0,0,0,1229,3870,0.0
full,C,belady_pin_same_state,0.99,96,7710,2364,29.435,C3_pin_protected_plus_min_dynamics,0,5099,5099,0,0,1.0,0,0,1229,3870,0.0
full,A,lru,,128,10280,0,0.0,A_online,0,5099,2735,2364,0,0.53638,1229,1135,0,2735,0.46362
full,A,engine_priority_lru,,128,10280,0,0.0,A_online,0,5099,2735,2364,0,0.53638,1229,1135,0,2735,0.46362
full,A,arc,,128,10280,0,0.0,A_online,0,5099,2735,2364,0,0.53638,1229,1135,0,2735,0.46362
full,A,lfu,,128,10280,0,0.0,A_online,0,5099,2735,2364,0,0.53638,1229,1135,0,2735,0.46362
full,A,freq_x_recency,,128,10280,0,0.0,A_online,0,5099,2735,2364,0,0.53638,1229,1135,0,2735,0.46362
full,A,layer_lru,,128,10280,0,0.0,A_online,0,5099,2735,2364,0,0.53638,1229,1135,0,2735,0.46362
full,A,cost_aware,,128,10280,0,0.0,A_online,0,5099,2735,2364,0,0.53638,1229,1135,0,2735,0.46362
full,A,belady_cold,,128,10280,0,0.0,A_online,0,5099,2735,2364,0,0.53638,1229,1135,0,2735,0.46362
full,B,freq_lru_warmup,0.5,128,10280,0,0.0,B_causal_warmup,0,5099,2735,2364,0,0.53638,1229,1135,0,2735,0.46362
full,B,freq_lru_warmup_s4,0.5,128,10280,0,0.0,B_causal_warmup,0,5099,2735,2364,0,0.53638,1229,1135,0,2735,0.46362
full,C,static_freq_prewarm,,128,10280,2364,29.435,C1_bypass_fixed_set,0,5099,5099,0,0,1.0,0,0,1229,3870,0.0
full,C,static_layer_freq_prewarm,,128,10280,2364,29.435,C1_bypass_fixed_set_layer_budgeted,0,5099,5099,0,0,1.0,0,0,1229,3870,0.0
full,C,freq_lru_prewarm,0.25,128,10280,2364,29.435,C3_pin_protected_plus_lru_remainder,0,5099,5099,0,0,1.0,0,0,1229,3870,0.0
full,C,freq_lru_prewarm,0.5,128,10280,2364,29.435,C3_pin_protected_plus_lru_remainder,0,5099,5099,0,0,1.0,0,0,1229,3870,0.0
full,C,freq_lru_prewarm,0.75,128,10280,2364,29.435,C3_pin_protected_plus_lru_remainder,0,5099,5099,0,0,1.0,0,0,1229,3870,0.0
full,C,freq_lru_prewarm,0.9,128,10280,2364,29.435,C3_pin_protected_plus_lru_remainder,0,5099,5099,0,0,1.0,0,0,1229,3870,0.0
full,C,freq_lru_prewarm,0.99,128,10280,2364,29.435,C3_pin_protected_plus_lru_remainder,0,5099,5099,0,0,1.0,0,0,1229,3870,0.0
full,C,lru_prewarm_topN,,128,10280,2364,29.435,C2_fetch_on_fault,0,5099,5099,0,0,1.0,0,0,1229,3870,0.0
full,C,belady_same_state_prewarm,,128,10280,2364,29.435,C2_fetch_on_fault,0,5099,5099,0,0,1.0,0,0,1229,3870,0.0
full,C,belady_pin_same_state,0.25,128,10280,2364,29.435,C3_pin_protected_plus_min_dynamics,0,5099,5099,0,0,1.0,0,0,1229,3870,0.0
full,C,belady_pin_same_state,0.5,128,10280,2364,29.435,C3_pin_protected_plus_min_dynamics,0,5099,5099,0,0,1.0,0,0,1229,3870,0.0
full,C,belady_pin_same_state,0.75,128,10280,2364,29.435,C3_pin_protected_plus_min_dynamics,0,5099,5099,0,0,1.0,0,0,1229,3870,0.0
full,C,belady_pin_same_state,0.9,128,10280,2364,29.435,C3_pin_protected_plus_min_dynamics,0,5099,5099,0,0,1.0,0,0,1229,3870,0.0
full,C,belady_pin_same_state,0.99,128,10280,2364,29.435,C3_pin_protected_plus_min_dynamics,0,5099,5099,0,0,1.0,0,0,1229,3870,0.0
gpu0,A,lru,,1,80,0,0.0,A_online,0,2613,0,2613,2533,0.0,633,1980,0,0,1.0
gpu0,A,engine_priority_lru,,1,80,0,0.0,A_online,0,2613,108,2505,2425,0.041332,633,1872,0,108,0.958668
gpu0,A,arc,,1,80,0,0.0,A_online,0,2613,0,2613,2533,0.0,633,1980,0,0,1.0
gpu0,A,lfu,,1,80,0,0.0,A_online,0,2613,374,2239,2159,0.143131,633,1606,0,374,0.856869
gpu0,A,freq_x_recency,,1,80,0,0.0,A_online,0,2613,334,2279,2199,0.127822,633,1646,0,334,0.872178
gpu0,A,layer_lru,,1,80,0,0.0,A_online,0,2613,0,2613,2591,0.0,633,1980,0,0,1.0
gpu0,A,cost_aware,,1,80,0,0.0,A_online,0,2613,0,2613,2533,0.0,633,1980,0,0,1.0
gpu0,A,belady_cold,,1,80,0,0.0,A_online,0,2613,762,1851,1771,0.291619,633,1218,0,762,0.708381
gpu0,B,freq_lru_warmup,0.5,1,80,0,0.0,B_causal_warmup,40,2613,19,2634,2554,0.007271,633,2001,0,19,1.008037
gpu0,B,freq_lru_warmup_s4,0.5,1,80,0,0.0,B_causal_warmup,28,2613,202,2439,2359,0.077306,633,1806,0,202,0.93341
gpu0,C,static_freq_prewarm,,1,80,80,0.996,C1_bypass_fixed_set,0,2613,675,1938,0,0.258324,576,1362,57,618,0.741676
gpu0,C,static_layer_freq_prewarm,,1,80,22,0.274,C1_bypass_fixed_set_layer_budgeted,0,2613,218,2395,0,0.083429,617,1778,16,202,0.916571
gpu0,C,freq_lru_prewarm,0.25,1,80,20,0.249,C3_pin_protected_plus_lru_remainder,0,2613,223,2390,2330,0.085343,618,1772,15,208,0.914657
gpu0,C,freq_lru_prewarm,0.5,1,80,40,0.498,C3_pin_protected_plus_lru_remainder,0,2613,395,2218,2178,0.151167,600,1618,33,362,0.848833
gpu0,C,freq_lru_prewarm,0.75,1,80,60,0.747,C3_pin_protected_plus_lru_remainder,0,2613,548,2065,2045,0.209721,590,1475,43,505,0.790279
gpu0,C,freq_lru_prewarm,0.9,1,80,72,0.896,C3_pin_protected_plus_lru_remainder,0,2613,627,1986,1978,0.239954,584,1402,49,578,0.760046
gpu0,C,freq_lru_prewarm,0.99,1,80,79,0.984,C3_pin_protected_plus_lru_remainder,0,2613,669,1944,1943,0.256028,577,1367,56,613,0.743972
gpu0,C,lru_prewarm_topN,,1,80,80,0.996,C2_fetch_on_fault,0,2613,0,2613,2613,0.0,633,1980,0,0,1.0
gpu0,C,belady_same_state_prewarm,,1,80,80,0.996,C2_fetch_on_fault,0,2613,819,1794,1794,0.313433,576,1218,57,762,0.686567
gpu0,C,belady_pin_same_state,0.25,1,80,20,0.249,C3_pin_protected_plus_min_dynamics,0,2613,772,1841,1781,0.295446,618,1223,15,757,0.704554
gpu0,C,belady_pin_same_state,0.5,1,80,40,0.498,C3_pin_protected_plus_min_dynamics,0,2613,785,1828,1788,0.300421,600,1228,33,752,0.699579
gpu0,C,belady_pin_same_state,0.75,1,80,60,0.747,C3_pin_protected_plus_min_dynamics,0,2613,769,1844,1824,0.294298,590,1254,43,726,0.705702
gpu0,C,belady_pin_same_state,0.9,1,80,72,0.896,C3_pin_protected_plus_min_dynamics,0,2613,718,1895,1887,0.27478,584,1311,49,669,0.72522
gpu0,C,belady_pin_same_state,0.99,1,80,79,0.984,C3_pin_protected_plus_min_dynamics,0,2613,669,1944,1943,0.256028,577,1367,56,613,0.743972
gpu0,A,lru,,2,160,0,0.0,A_online,0,2613,499,2114,1954,0.190968,633,1481,0,499,0.809032
gpu0,A,engine_priority_lru,,2,160,0,0.0,A_online,0,2613,229,2384,2224,0.087639,633,1751,0,229,0.912361
gpu0,A,arc,,2,160,0,0.0,A_online,0,2613,414,2199,2039,0.158439,633,1566,0,414,0.841561
gpu0,A,lfu,,2,160,0,0.0,A_online,0,2613,645,1968,1808,0.246843,633,1335,0,645,0.753157
gpu0,A,freq_x_recency,,2,160,0,0.0,A_online,0,2613,584,2029,1869,0.223498,633,1396,0,584,0.776502
gpu0,A,layer_lru,,2,160,0,0.0,A_online,0,2613,3,2610,2544,0.001148,633,1977,0,3,0.998852
gpu0,A,cost_aware,,2,160,0,0.0,A_online,0,2613,499,2114,1954,0.190968,633,1481,0,499,0.809032
gpu0,A,belady_cold,,2,160,0,0.0,A_online,0,2613,1089,1524,1364,0.416762,633,891,0,1089,0.583238
gpu0,B,freq_lru_warmup,0.5,2,160,0,0.0,B_causal_warmup,80,2613,38,2655,2495,0.014543,633,2022,0,38,1.016073
gpu0,B,freq_lru_warmup_s4,0.5,2,160,0,0.0,B_causal_warmup,26,2613,331,2308,2148,0.126674,633,1675,0,331,0.883276
gpu0,C,static_freq_prewarm,,2,160,160,1.992,C1_bypass_fixed_set,0,2613,1040,1573,0,0.39801,536,1037,97,943,0.60199
gpu0,C,static_layer_freq_prewarm,,2,160,66,0.822,C1_bypass_fixed_set_layer_budgeted,0,2613,538,2075,0,0.205894,587,1488,46,492,0.794106
gpu0,C,freq_lru_prewarm,0.25,2,160,40,0.498,C3_pin_protected_plus_lru_remainder,0,2613,678,1935,1815,0.259472,600,1335,33,645,0.740528
gpu0,C,freq_lru_prewarm,0.5,2,160,80,0.996,C3_pin_protected_plus_lru_remainder,0,2613,679,1934,1854,0.259855,576,1358,57,622,0.740145
gpu0,C,freq_lru_prewarm,0.75,2,160,120,1.494,C3_pin_protected_plus_lru_remainder,0,2613,880,1733,1693,0.336778,555,1178,78,802,0.663222
gpu0,C,freq_lru_prewarm,0.9,2,160,144,1.793,C3_pin_protected_plus_lru_remainder,0,2613,976,1637,1621,0.373517,536,1101,97,879,0.626483
gpu0,C,freq_lru_prewarm,0.99,2,160,158,1.967,C3_pin_protected_plus_lru_remainder,0,2613,1032,1581,1579,0.394948,536,1045,97,935,0.605052
gpu0,C,lru_prewarm_topN,,2,160,160,1.992,C2_fetch_on_fault,0,2613,499,2114,2114,0.190968,633,1481,0,499,0.809032
gpu0,C,belady_same_state_prewarm,,2,160,160,1.992,C2_fetch_on_fault,0,2613,1186,1427,1427,0.453884,536,891,97,1089,0.546116
gpu0,C,belady_pin_same_state,0.25,2,160,40,0.498,C3_pin_protected_plus_min_dynamics,0,2613,1121,1492,1372,0.429009,600,892,33,1088,0.570991
gpu0,C,belady_pin_same_state,0.5,2,160,80,0.996,C3_pin_protected_plus_min_dynamics,0,2613,1139,1474,1394,0.435897,576,898,57,1082,0.564103
gpu0,C,belady_pin_same_state,0.75,2,160,120,1.494,C3_pin_protected_plus_min_dynamics,0,2613,1136,1477,1437,0.434749,555,922,78,1058,0.565251
gpu0,C,belady_pin_same_state,0.9,2,160,144,1.793,C3_pin_protected_plus_min_dynamics,0,2613,1119,1494,1478,0.428243,536,958,97,1022,0.571757
gpu0,C,belady_pin_same_state,0.99,2,160,158,1.967,C3_pin_protected_plus_min_dynamics,0,2613,1045,1568,1566,0.399923,536,1032,97,948,0.600077
gpu0,A,lru,,3,240,0,0.0,A_online,0,2613,657,1956,1716,0.251435,633,1323,0,657,0.748565
gpu0,A,engine_priority_lru,,3,240,0,0.0,A_online,0,2613,293,2320,2080,0.112132,633,1687,0,293,0.887868
gpu0,A,arc,,3,240,0,0.0,A_online,0,2613,564,2049,1809,0.215844,633,1416,0,564,0.784156
gpu0,A,lfu,,3,240,0,0.0,A_online,0,2613,766,1847,1607,0.29315,633,1214,0,766,0.70685
gpu0,A,freq_x_recency,,3,240,0,0.0,A_online,0,2613,746,1867,1627,0.285496,633,1234,0,746,0.714504
gpu0,A,layer_lru,,3,240,0,0.0,A_online,0,2613,123,2490,2380,0.047072,633,1857,0,123,0.952928
gpu0,A,cost_aware,,3,240,0,0.0,A_online,0,2613,657,1956,1716,0.251435,633,1323,0,657,0.748565
gpu0,A,belady_cold,,3,240,0,0.0,A_online,0,2613,1232,1381,1141,0.471489,633,748,0,1232,0.528511
gpu0,B,freq_lru_warmup,0.5,3,240,0,0.0,B_causal_warmup,120,2613,93,2640,2400,0.035591,633,2007,0,93,1.010333
gpu0,B,freq_lru_warmup_s4,0.5,3,240,0,0.0,B_causal_warmup,14,2613,694,1933,1693,0.265595,633,1300,0,694,0.739763
gpu0,C,static_freq_prewarm,,3,240,240,2.988,C1_bypass_fixed_set,0,2613,1281,1332,0,0.490241,489,843,144,1137,0.509759
gpu0,C,static_layer_freq_prewarm,,3,240,110,1.37,C1_bypass_fixed_set_layer_budgeted,0,2613,781,1832,0,0.29889,554,1278,79,702,0.70111
gpu0,C,freq_lru_prewarm,0.25,3,240,60,0.747,C3_pin_protected_plus_lru_remainder,0,2613,809,1804,1624,0.309606,590,1214,43,766,0.690394
gpu0,C,freq_lru_prewarm,0.5,3,240,120,1.494,C3_pin_protected_plus_lru_remainder,0,2613,1012,1601,1481,0.387294,555,1046,78,934,0.612706
gpu0,C,freq_lru_prewarm,0.75,3,240,180,2.241,C3_pin_protected_plus_lru_remainder,0,2613,1120,1493,1433,0.428626,517,976,116,1004,0.571374
gpu0,C,freq_lru_prewarm,0.9,3,240,216,2.689,C3_pin_protected_plus_lru_remainder,0,2613,1209,1404,1380,0.462687,489,915,144,1065,0.537313
gpu0,C,freq_lru_prewarm,0.99,3,240,237,2.951,C3_pin_protected_plus_lru_remainder,0,2613,1272,1341,1338,0.486797,489,852,144,1128,0.513203
gpu0,C,lru_prewarm_topN,,3,240,240,2.988,C2_fetch_on_fault,0,2613,671,1942,1942,0.256793,619,1323,14,657,0.743207
gpu0,C,belady_same_state_prewarm,,3,240,240,2.988,C2_fetch_on_fault,0,2613,1410,1203,1203,0.53961,489,714,144,1266,0.46039
gpu0,C,belady_pin_same_state,0.25,3,240,60,0.747,C3_pin_protected_plus_min_dynamics,0,2613,1291,1322,1142,0.494068,590,732,43,1248,0.505932
gpu0,C,belady_pin_same_state,0.5,3,240,120,1.494,C3_pin_protected_plus_min_dynamics,0,2613,1340,1273,1153,0.512821,555,718,78,1262,0.487179
gpu0,C,belady_pin_same_state,0.75,3,240,180,2.241,C3_pin_protected_plus_min_dynamics,0,2613,1362,1251,1191,0.52124,517,734,116,1246,0.47876
gpu0,C,belady_pin_same_state,0.9,3,240,216,2.689,C3_pin_protected_plus_min_dynamics,0,2613,1352,1261,1237,0.517413,489,772,144,1208,0.482587
gpu0,C,belady_pin_same_state,0.99,3,240,237,2.951,C3_pin_protected_plus_min_dynamics,0,2613,1295,1318,1315,0.495599,489,829,144,1151,0.504401
gpu0,A,lru,,3.5,281,0,0.0,A_online,0,2613,680,1933,1652,0.260237,633,1300,0,680,0.739763
gpu0,A,engine_priority_lru,,3.5,281,0,0.0,A_online,0,2613,329,2284,2003,0.125909,633,1651,0,329,0.874091
gpu0,A,arc,,3.5,281,0,0.0,A_online,0,2613,622,1991,1710,0.238041,633,1358,0,622,0.761959
gpu0,A,lfu,,3.5,281,0,0.0,A_online,0,2613,824,1789,1508,0.315346,633,1156,0,824,0.684654
gpu0,A,freq_x_recency,,3.5,281,0,0.0,A_online,0,2613,831,1782,1501,0.318025,633,1149,0,831,0.681975
gpu0,A,layer_lru,,3.5,281,0,0.0,A_online,0,2613,361,2252,2120,0.138155,633,1619,0,361,0.861845
gpu0,A,cost_aware,,3.5,281,0,0.0,A_online,0,2613,680,1933,1652,0.260237,633,1300,0,680,0.739763
gpu0,A,belady_cold,,3.5,281,0,0.0,A_online,0,2613,1273,1340,1059,0.487179,633,707,0,1273,0.512821
gpu0,B,freq_lru_warmup,0.5,3.5,281,0,0.0,B_causal_warmup,140,2613,561,2192,1911,0.214696,633,1559,0,561,0.838883
gpu0,B,freq_lru_warmup_s4,0.5,3.5,281,0,0.0,B_causal_warmup,9,2613,742,1880,1599,0.283965,633,1247,0,742,0.71948
gpu0,C,static_freq_prewarm,,3.5,281,281,3.499,C1_bypass_fixed_set,0,2613,1382,1231,0,0.528894,467,764,166,1216,0.471106
gpu0,C,static_layer_freq_prewarm,,3.5,281,132,1.644,C1_bypass_fixed_set_layer_budgeted,0,2613,880,1733,0,0.336778,536,1197,97,783,0.663222
gpu0,C,freq_lru_prewarm,0.25,3.5,281,70,0.872,C3_pin_protected_plus_lru_remainder,0,2613,903,1710,1499,0.34558,586,1124,47,856,0.65442
gpu0,C,freq_lru_prewarm,0.5,3.5,281,140,1.743,C3_pin_protected_plus_lru_remainder,0,2613,1100,1513,1372,0.420972,536,977,97,1003,0.579028
gpu0,C,freq_lru_prewarm,0.75,3.5,281,210,2.615,C3_pin_protected_plus_lru_remainder,0,2613,1250,1363,1292,0.478377,489,874,144,1106,0.521623
gpu0,C,freq_lru_prewarm,0.9,3.5,281,252,3.138,C3_pin_protected_plus_lru_remainder,0,2613,1317,1296,1267,0.504018,489,807,144,1173,0.495982
gpu0,C,freq_lru_prewarm,0.99,3.5,281,278,3.461,C3_pin_protected_plus_lru_remainder,0,2613,1376,1237,1234,0.526598,470,767,163,1213,0.473402
gpu0,C,lru_prewarm_topN,,3.5,281,281,3.499,C2_fetch_on_fault,0,2613,721,1892,1892,0.275928,592,1300,41,680,0.724072
gpu0,C,belady_same_state_prewarm,,3.5,281,281,3.499,C2_fetch_on_fault,0,2613,1496,1117,1117,0.572522,467,650,166,1330,0.427478
gpu0,C,belady_pin_same_state,0.25,3.5,281,70,0.872,C3_pin_protected_plus_min_dynamics,0,2613,1342,1271,1060,0.513586,586,685,47,1295,0.486414
gpu0,C,belady_pin_same_state,0.5,3.5,281,140,1.743,C3_pin_protected_plus_min_dynamics,0,2613,1409,1204,1063,0.539227,536,668,97,1312,0.460773
gpu0,C,belady_pin_same_state,0.75,3.5,281,210,2.615,C3_pin_protected_plus_min_dynamics,0,2613,1458,1155,1084,0.557979,489,666,144,1314,0.442021
gpu0,C,belady_pin_same_state,0.9,3.5,281,252,3.138,C3_pin_protected_plus_min_dynamics,0,2613,1446,1167,1138,0.553387,489,678,144,1302,0.446613
gpu0,C,belady_pin_same_state,0.99,3.5,281,278,3.461,C3_pin_protected_plus_min_dynamics,0,2613,1396,1217,1214,0.534252,470,747,163,1233,0.465748
gpu0,A,lru,,4,321,0,0.0,A_online,0,2613,780,1833,1512,0.298507,633,1200,0,780,0.701493
gpu0,A,engine_priority_lru,,4,321,0,0.0,A_online,0,2613,358,2255,1934,0.137007,633,1622,0,358,0.862993
gpu0,A,arc,,4,321,0,0.0,A_online,0,2613,724,1889,1568,0.277076,633,1256,0,724,0.722924
gpu0,A,lfu,,4,321,0,0.0,A_online,0,2613,879,1734,1413,0.336395,633,1101,0,879,0.663605
gpu0,A,freq_x_recency,,4,321,0,0.0,A_online,0,2613,915,1698,1377,0.350172,633,1065,0,915,0.649828
gpu0,A,layer_lru,,4,321,0,0.0,A_online,0,2613,469,2144,1990,0.179487,633,1511,0,469,0.820513
gpu0,A,cost_aware,,4,321,0,0.0,A_online,0,2613,780,1833,1512,0.298507,633,1200,0,780,0.701493
gpu0,A,belady_cold,,4,321,0,0.0,A_online,0,2613,1313,1300,979,0.502488,633,667,0,1313,0.497512
gpu0,B,freq_lru_warmup,0.5,4,321,0,0.0,B_causal_warmup,160,2613,591,2182,1861,0.226177,633,1549,0,591,0.835055
gpu0,B,freq_lru_warmup_s4,0.5,4,321,0,0.0,B_causal_warmup,0,2613,782,1831,1510,0.299273,633,1198,0,782,0.700727
gpu0,C,static_freq_prewarm,,4,321,321,3.997,C1_bypass_fixed_set,0,2613,1462,1151,0,0.55951,427,724,206,1256,0.44049
gpu0,C,static_layer_freq_prewarm,,4,321,154,1.917,C1_bypass_fixed_set_layer_budgeted,0,2613,976,1637,0,0.373517,528,1109,105,871,0.626483
gpu0,C,freq_lru_prewarm,0.25,4,321,80,0.996,C3_pin_protected_plus_lru_remainder,0,2613,978,1635,1394,0.374282,576,1059,57,921,0.625718
gpu0,C,freq_lru_prewarm,0.5,4,321,160,1.992,C3_pin_protected_plus_lru_remainder,0,2613,1178,1435,1274,0.450823,536,899,97,1081,0.549177
gpu0,C,freq_lru_prewarm,0.75,4,321,240,2.988,C3_pin_protected_plus_lru_remainder,0,2613,1338,1275,1194,0.512055,489,786,144,1194,0.487945
gpu0,C,freq_lru_prewarm,0.9,4,321,288,3.586,C3_pin_protected_plus_lru_remainder,0,2613,1397,1216,1183,0.534635,460,756,173,1224,0.465365
gpu0,C,freq_lru_prewarm,0.99,4,321,317,3.947,C3_pin_protected_plus_lru_remainder,0,2613,1454,1159,1155,0.556449,431,728,202,1252,0.443551
gpu0,C,lru_prewarm_topN,,4,321,321,3.997,C2_fetch_on_fault,0,2613,846,1767,1767,0.323766,567,1200,66,780,0.676234
gpu0,C,belady_same_state_prewarm,,4,321,321,3.997,C2_fetch_on_fault,0,2613,1576,1037,1037,0.603138,427,610,206,1370,0.396862
gpu0,C,belady_pin_same_state,0.25,4,321,80,0.996,C3_pin_protected_plus_min_dynamics,0,2613,1392,1221,980,0.532721,576,645,57,1335,0.467279
gpu0,C,belady_pin_same_state,0.5,4,321,160,1.992,C3_pin_protected_plus_min_dynamics,0,2613,1465,1148,987,0.560658,536,612,97,1368,0.439342
gpu0,C,belady_pin_same_state,0.75,4,321,240,2.988,C3_pin_protected_plus_min_dynamics,0,2613,1514,1099,1018,0.579411,489,610,144,1370,0.420589
gpu0,C,belady_pin_same_state,0.9,4,321,288,3.586,C3_pin_protected_plus_min_dynamics,0,2613,1518,1095,1062,0.580941,460,635,173,1345,0.419059
gpu0,C,belady_pin_same_state,0.99,4,321,317,3.947,C3_pin_protected_plus_min_dynamics,0,2613,1483,1130,1126,0.567547,431,699,202,1281,0.432453
gpu0,A,lru,,6,481,0,0.0,A_online,0,2613,1084,1529,1048,0.414849,633,896,0,1084,0.585151
gpu0,A,engine_priority_lru,,6,481,0,0.0,A_online,0,2613,569,2044,1563,0.217757,633,1411,0,569,0.782243
gpu0,A,arc,,6,481,0,0.0,A_online,0,2613,984,1629,1148,0.376579,633,996,0,984,0.623421
gpu0,A,lfu,,6,481,0,0.0,A_online,0,2613,1084,1529,1048,0.414849,633,896,0,1084,0.585151
gpu0,A,freq_x_recency,,6,481,0,0.0,A_online,0,2613,1093,1520,1039,0.418293,633,887,0,1093,0.581707
gpu0,A,layer_lru,,6,481,0,0.0,A_online,0,2613,630,1983,1741,0.241102,633,1350,0,630,0.758898
gpu0,A,cost_aware,,6,481,0,0.0,A_online,0,2613,1084,1529,1048,0.414849,633,896,0,1084,0.585151
gpu0,A,belady_cold,,6,481,0,0.0,A_online,0,2613,1316,1297,816,0.503636,633,664,0,1316,0.496364
gpu0,B,freq_lru_warmup,0.5,6,481,0,0.0,B_causal_warmup,152,2613,834,1931,1450,0.319173,633,1298,0,834,0.738997
gpu0,B,freq_lru_warmup_s4,0.5,6,481,0,0.0,B_causal_warmup,40,2613,1056,1597,1116,0.404133,633,964,0,1056,0.611175
gpu0,C,static_freq_prewarm,,6,481,481,5.989,C1_bypass_fixed_set,0,2613,1782,831,0,0.681975,370,461,263,1519,0.318025
gpu0,C,static_layer_freq_prewarm,,6,481,242,3.013,C1_bypass_fixed_set_layer_budgeted,0,2613,1264,1349,0,0.483735,473,876,160,1104,0.516265
gpu0,C,freq_lru_prewarm,0.25,6,481,120,1.494,C3_pin_protected_plus_lru_remainder,0,2613,1235,1378,1017,0.472637,555,823,78,1157,0.527363
gpu0,C,freq_lru_prewarm,0.5,6,481,240,2.988,C3_pin_protected_plus_lru_remainder,0,2613,1423,1190,949,0.544585,489,701,144,1279,0.455415
gpu0,C,freq_lru_prewarm,0.75,6,481,360,4.482,C3_pin_protected_plus_lru_remainder,0,2613,1604,1009,888,0.613854,388,621,245,1359,0.386146
gpu0,C,freq_lru_prewarm,0.9,6,481,432,5.379,C3_pin_protected_plus_lru_remainder,0,2613,1698,915,866,0.649828,370,545,263,1435,0.350172
gpu0,C,freq_lru_prewarm,0.99,6,481,476,5.927,C3_pin_protected_plus_lru_remainder,0,2613,1772,841,836,0.678148,370,471,263,1509,0.321852
gpu0,C,lru_prewarm_topN,,6,481,481,5.989,C2_fetch_on_fault,0,2613,1248,1365,1365,0.477612,469,896,164,1084,0.522388
gpu0,C,belady_same_state_prewarm,,6,481,481,5.989,C2_fetch_on_fault,0,2613,1796,817,817,0.687333,370,447,263,1533,0.312667
gpu0,C,belady_pin_same_state,0.25,6,481,120,1.494,C3_pin_protected_plus_min_dynamics,0,2613,1436,1177,816,0.54956,555,622,78,1358,0.45044
gpu0,C,belady_pin_same_state,0.5,6,481,240,2.988,C3_pin_protected_plus_min_dynamics,0,2613,1556,1057,816,0.595484,489,568,144,1412,0.404516
gpu0,C,belady_pin_same_state,0.75,6,481,360,4.482,C3_pin_protected_plus_min_dynamics,0,2613,1676,937,816,0.641408,388,549,245,1431,0.358592
gpu0,C,belady_pin_same_state,0.9,6,481,432,5.379,C3_pin_protected_plus_min_dynamics,0,2613,1748,865,816,0.668963,370,495,263,1485,0.331037
gpu0,C,belady_pin_same_state,0.99,6,481,476,5.927,C3_pin_protected_plus_min_dynamics,0,2613,1783,830,825,0.682357,370,460,263,1520,0.317643
gpu0,A,lru,,8,642,0,0.0,A_online,0,2613,1192,1421,779,0.456181,633,788,0,1192,0.543819
gpu0,A,engine_priority_lru,,8,642,0,0.0,A_online,0,2613,820,1793,1151,0.313816,633,1160,0,820,0.686184
gpu0,A,arc,,8,642,0,0.0,A_online,0,2613,1186,1427,785,0.453884,633,794,0,1186,0.546116
gpu0,A,lfu,,8,642,0,0.0,A_online,0,2613,1195,1418,776,0.457329,633,785,0,1195,0.542671
gpu0,A,freq_x_recency,,8,642,0,0.0,A_online,0,2613,1194,1419,777,0.456946,633,786,0,1194,0.543054
gpu0,A,layer_lru,,8,642,0,0.0,A_online,0,2613,800,1813,1505,0.306162,633,1180,0,800,0.693838
gpu0,A,cost_aware,,8,642,0,0.0,A_online,0,2613,1192,1421,779,0.456181,633,788,0,1192,0.543819
gpu0,A,belady_cold,,8,642,0,0.0,A_online,0,2613,1316,1297,655,0.503636,633,664,0,1316,0.496364
gpu0,B,freq_lru_warmup,0.5,8,642,0,0.0,B_causal_warmup,0,2613,1106,1507,865,0.423268,633,874,0,1106,0.576732
gpu0,B,freq_lru_warmup_s4,0.5,8,642,0,0.0,B_causal_warmup,121,2613,1196,1538,896,0.457711,633,905,0,1196,0.588595
gpu0,C,static_freq_prewarm,,8,642,642,7.994,C1_bypass_fixed_set,0,2613,1958,655,0,0.74933,224,431,409,1549,0.25067
gpu0,C,static_layer_freq_prewarm,,8,642,308,3.835,C1_bypass_fixed_set_layer_budgeted,0,2613,1430,1183,0,0.547264,436,747,197,1233,0.452736
gpu0,C,freq_lru_prewarm,0.25,8,642,160,1.992,C3_pin_protected_plus_lru_remainder,0,2613,1360,1253,771,0.520475,536,717,97,1263,0.479525
gpu0,C,freq_lru_prewarm,0.5,8,642,321,3.997,C3_pin_protected_plus_lru_remainder,0,2613,1591,1022,701,0.608879,427,595,206,1385,0.391121
gpu0,C,freq_lru_prewarm,0.75,8,642,481,5.989,C3_pin_protected_plus_lru_remainder,0,2613,1797,816,655,0.687715,370,446,263,1534,0.312285
gpu0,C,freq_lru_prewarm,0.9,8,642,577,7.184,C3_pin_protected_plus_lru_remainder,0,2613,1893,720,655,0.724455,289,431,344,1549,0.275545
gpu0,C,freq_lru_prewarm,0.99,8,642,635,7.906,C3_pin_protected_plus_lru_remainder,0,2613,1951,662,655,0.746651,231,431,402,1549,0.253349
gpu0,C,lru_prewarm_topN,,8,642,642,7.994,C2_fetch_on_fault,0,2613,1567,1046,1046,0.599694,258,788,375,1192,0.400306
gpu0,C,belady_same_state_prewarm,,8,642,642,7.994,C2_fetch_on_fault,0,2613,1958,655,655,0.74933,224,431,409,1549,0.25067
gpu0,C,belady_pin_same_state,0.25,8,642,160,1.992,C3_pin_protected_plus_min_dynamics,0,2613,1476,1137,655,0.564868,536,601,97,1379,0.435132
gpu0,C,belady_pin_same_state,0.5,8,642,321,3.997,C3_pin_protected_plus_min_dynamics,0,2613,1637,976,655,0.626483,427,549,206,1431,0.373517
gpu0,C,belady_pin_same_state,0.75,8,642,481,5.989,C3_pin_protected_plus_min_dynamics,0,2613,1797,816,655,0.687715,370,446,263,1534,0.312285
gpu0,C,belady_pin_same_state,0.9,8,642,577,7.184,C3_pin_protected_plus_min_dynamics,0,2613,1893,720,655,0.724455,289,431,344,1549,0.275545
gpu0,C,belady_pin_same_state,0.99,8,642,635,7.906,C3_pin_protected_plus_min_dynamics,0,2613,1951,662,655,0.746651,231,431,402,1549,0.253349
gpu1,A,lru,,1,80,0,0.0,A_online,0,2486,0,2486,2406,0.0,596,1890,0,0,1.0
gpu1,A,engine_priority_lru,,1,80,0,0.0,A_online,0,2486,142,2344,2264,0.05712,596,1748,0,142,0.94288
gpu1,A,arc,,1,80,0,0.0,A_online,0,2486,0,2486,2406,0.0,596,1890,0,0,1.0
gpu1,A,lfu,,1,80,0,0.0,A_online,0,2486,527,1959,1879,0.211987,596,1363,0,527,0.788013
gpu1,A,freq_x_recency,,1,80,0,0.0,A_online,0,2486,523,1963,1883,0.210378,596,1367,0,523,0.789622
gpu1,A,layer_lru,,1,80,0,0.0,A_online,0,2486,0,2486,2465,0.0,596,1890,0,0,1.0
gpu1,A,cost_aware,,1,80,0,0.0,A_online,0,2486,0,2486,2406,0.0,596,1890,0,0,1.0
gpu1,A,belady_cold,,1,80,0,0.0,A_online,0,2486,977,1509,1429,0.393001,596,913,0,977,0.606999
gpu1,B,freq_lru_warmup,0.5,1,80,0,0.0,B_causal_warmup,40,2486,71,2455,2375,0.02856,596,1859,0,71,0.98753
gpu1,B,freq_lru_warmup_s4,0.5,1,80,0,0.0,B_causal_warmup,22,2486,260,2248,2168,0.104586,596,1652,0,260,0.904264
gpu1,C,static_freq_prewarm,,1,80,80,0.996,C1_bypass_fixed_set,0,2486,832,1654,0,0.334674,542,1112,54,778,0.665326
gpu1,C,static_layer_freq_prewarm,,1,80,21,0.261,C1_bypass_fixed_set_layer_budgeted,0,2486,273,2213,0,0.109815,578,1635,18,255,0.890185
gpu1,C,freq_lru_prewarm,0.25,1,80,20,0.249,C3_pin_protected_plus_lru_remainder,0,2486,289,2197,2137,0.116251,576,1621,20,269,0.883749
gpu1,C,freq_lru_prewarm,0.5,1,80,40,0.498,C3_pin_protected_plus_lru_remainder,0,2486,511,1975,1935,0.205551,561,1414,35,476,0.794449
gpu1,C,freq_lru_prewarm,0.75,1,80,60,0.747,C3_pin_protected_plus_lru_remainder,0,2486,685,1801,1781,0.275543,549,1252,47,638,0.724457
gpu1,C,freq_lru_prewarm,0.9,1,80,72,0.896,C3_pin_protected_plus_lru_remainder,0,2486,776,1710,1702,0.312148,544,1166,52,724,0.687852
gpu1,C,freq_lru_prewarm,0.99,1,80,79,0.984,C3_pin_protected_plus_lru_remainder,0,2486,825,1661,1660,0.331858,542,1119,54,771,0.668142
gpu1,C,lru_prewarm_topN,,1,80,80,0.996,C2_fetch_on_fault,0,2486,4,2482,2482,0.001609,592,1890,4,0,0.998391
gpu1,C,belady_same_state_prewarm,,1,80,80,0.996,C2_fetch_on_fault,0,2486,1031,1455,1455,0.414722,542,913,54,977,0.585278
gpu1,C,belady_pin_same_state,0.25,1,80,20,0.249,C3_pin_protected_plus_min_dynamics,0,2486,996,1490,1430,0.400644,576,914,20,976,0.599356
gpu1,C,belady_pin_same_state,0.5,1,80,40,0.498,C3_pin_protected_plus_min_dynamics,0,2486,996,1490,1450,0.400644,561,929,35,961,0.599356
gpu1,C,belady_pin_same_state,0.75,1,80,60,0.747,C3_pin_protected_plus_min_dynamics,0,2486,941,1545,1525,0.37852,549,996,47,894,0.62148
gpu1,C,belady_pin_same_state,0.9,1,80,72,0.896,C3_pin_protected_plus_min_dynamics,0,2486,874,1612,1604,0.351569,544,1068,52,822,0.648431
gpu1,C,belady_pin_same_state,0.99,1,80,79,0.984,C3_pin_protected_plus_min_dynamics,0,2486,825,1661,1660,0.331858,542,1119,54,771,0.668142
gpu1,A,lru,,2,160,0,0.0,A_online,0,2486,819,1667,1507,0.329445,596,1071,0,819,0.670555
gpu1,A,engine_priority_lru,,2,160,0,0.0,A_online,0,2486,252,2234,2074,0.101368,596,1638,0,252,0.898632
gpu1,A,arc,,2,160,0,0.0,A_online,0,2486,625,1861,1701,0.251408,596,1265,0,625,0.748592
gpu1,A,lfu,,2,160,0,0.0,A_online,0,2486,810,1676,1516,0.325825,596,1080,0,810,0.674175
gpu1,A,freq_x_recency,,2,160,0,0.0,A_online,0,2486,835,1651,1491,0.335881,596,1055,0,835,0.664119
gpu1,A,layer_lru,,2,160,0,0.0,A_online,0,2486,6,2480,2417,0.002414,596,1884,0,6,0.997586
gpu1,A,cost_aware,,2,160,0,0.0,A_online,0,2486,819,1667,1507,0.329445,596,1071,0,819,0.670555
gpu1,A,belady_cold,,2,160,0,0.0,A_online,0,2486,1291,1195,1035,0.519308,596,599,0,1291,0.480692
gpu1,B,freq_lru_warmup,0.5,2,160,0,0.0,B_causal_warmup,80,2486,125,2441,2281,0.050282,596,1845,0,125,0.981899
gpu1,B,freq_lru_warmup_s4,0.5,2,160,0,0.0,B_causal_warmup,14,2486,520,1980,1820,0.209171,596,1384,0,520,0.79646
gpu1,C,static_freq_prewarm,,2,160,160,1.992,C1_bypass_fixed_set,0,2486,1203,1283,0,0.48391,506,777,90,1113,0.51609
gpu1,C,static_layer_freq_prewarm,,2,160,63,0.784,C1_bypass_fixed_set_layer_budgeted,0,2486,672,1814,0,0.270314,550,1264,46,626,0.729686
gpu1,C,freq_lru_prewarm,0.25,2,160,40,0.498,C3_pin_protected_plus_lru_remainder,0,2486,954,1532,1412,0.383749,561,971,35,919,0.616251
gpu1,C,freq_lru_prewarm,0.5,2,160,80,0.996,C3_pin_protected_plus_lru_remainder,0,2486,1015,1471,1391,0.408286,542,929,54,961,0.591714
gpu1,C,freq_lru_prewarm,0.75,2,160,120,1.494,C3_pin_protected_plus_lru_remainder,0,2486,1064,1422,1382,0.427997,521,901,75,989,0.572003
gpu1,C,freq_lru_prewarm,0.9,2,160,144,1.793,C3_pin_protected_plus_lru_remainder,0,2486,1139,1347,1331,0.458166,506,841,90,1049,0.541834
gpu1,C,freq_lru_prewarm,0.99,2,160,158,1.967,C3_pin_protected_plus_lru_remainder,0,2486,1195,1291,1289,0.480692,506,785,90,1105,0.519308
gpu1,C,lru_prewarm_topN,,2,160,160,1.992,C2_fetch_on_fault,0,2486,838,1648,1648,0.337088,577,1071,19,819,0.662912
gpu1,C,belady_same_state_prewarm,,2,160,160,1.992,C2_fetch_on_fault,0,2486,1381,1105,1105,0.555511,506,599,90,1291,0.444489
gpu1,C,belady_pin_same_state,0.25,2,160,40,0.498,C3_pin_protected_plus_min_dynamics,0,2486,1326,1160,1040,0.533387,561,599,35,1291,0.466613
gpu1,C,belady_pin_same_state,0.5,2,160,80,0.996,C3_pin_protected_plus_min_dynamics,0,2486,1343,1143,1063,0.540225,542,601,54,1289,0.459775
gpu1,C,belady_pin_same_state,0.75,2,160,120,1.494,C3_pin_protected_plus_min_dynamics,0,2486,1340,1146,1106,0.539019,521,625,75,1265,0.460981
gpu1,C,belady_pin_same_state,0.9,2,160,144,1.793,C3_pin_protected_plus_min_dynamics,0,2486,1301,1185,1169,0.523331,506,679,90,1211,0.476669
gpu1,C,belady_pin_same_state,0.99,2,160,158,1.967,C3_pin_protected_plus_min_dynamics,0,2486,1208,1278,1276,0.485921,506,772,90,1118,0.514079
gpu1,A,lru,,3,240,0,0.0,A_online,0,2486,1000,1486,1246,0.402253,596,890,0,1000,0.597747
gpu1,A,engine_priority_lru,,3,240,0,0.0,A_online,0,2486,309,2177,1937,0.124296,596,1581,0,309,0.875704
gpu1,A,arc,,3,240,0,0.0,A_online,0,2486,778,1708,1468,0.312953,596,1112,0,778,0.687047
gpu1,A,lfu,,3,240,0,0.0,A_online,0,2486,966,1520,1280,0.388576,596,924,0,966,0.611424
gpu1,A,freq_x_recency,,3,240,0,0.0,A_online,0,2486,1036,1450,1210,0.416734,596,854,0,1036,0.583266
gpu1,A,layer_lru,,3,240,0,0.0,A_online,0,2486,163,2323,2218,0.065567,596,1727,0,163,0.934433
gpu1,A,cost_aware,,3,240,0,0.0,A_online,0,2486,1000,1486,1246,0.402253,596,890,0,1000,0.597747
gpu1,A,belady_cold,,3,240,0,0.0,A_online,0,2486,1392,1094,854,0.559936,596,498,0,1392,0.440064
gpu1,B,freq_lru_warmup,0.5,3,240,0,0.0,B_causal_warmup,120,2486,903,1703,1463,0.363234,596,1107,0,903,0.685036
gpu1,B,freq_lru_warmup_s4,0.5,3,240,0,0.0,B_causal_warmup,22,2486,965,1543,1303,0.388174,596,947,0,965,0.620676
gpu1,C,static_freq_prewarm,,3,240,240,2.988,C1_bypass_fixed_set,0,2486,1450,1036,0,0.583266,465,571,131,1319,0.416734
gpu1,C,static_layer_freq_prewarm,,3,240,105,1.307,C1_bypass_fixed_set_layer_budgeted,0,2486,950,1536,0,0.38214,529,1007,67,883,0.61786
gpu1,C,freq_lru_prewarm,0.25,3,240,60,0.747,C3_pin_protected_plus_lru_remainder,0,2486,1151,1335,1155,0.462993,549,786,47,1104,0.537007
gpu1,C,freq_lru_prewarm,0.5,3,240,120,1.494,C3_pin_protected_plus_lru_remainder,0,2486,1249,1237,1117,0.502414,521,716,75,1174,0.497586
gpu1,C,freq_lru_prewarm,0.75,3,240,180,2.241,C3_pin_protected_plus_lru_remainder,0,2486,1347,1139,1079,0.541834,493,646,103,1244,0.458166
gpu1,C,freq_lru_prewarm,0.9,3,240,216,2.689,C3_pin_protected_plus_lru_remainder,0,2486,1379,1107,1083,0.554706,465,642,131,1248,0.445294
gpu1,C,freq_lru_prewarm,0.99,3,240,237,2.951,C3_pin_protected_plus_lru_remainder,0,2486,1441,1045,1042,0.579646,465,580,131,1310,0.420354
gpu1,C,lru_prewarm_topN,,3,240,240,2.988,C2_fetch_on_fault,0,2486,1039,1447,1447,0.41794,557,890,39,1000,0.58206
gpu1,C,belady_same_state_prewarm,,3,240,240,2.988,C2_fetch_on_fault,0,2486,1567,919,919,0.63033,465,454,131,1436,0.36967
gpu1,C,belady_pin_same_state,0.25,3,240,60,0.747,C3_pin_protected_plus_min_dynamics,0,2486,1452,1034,854,0.584071,549,485,47,1405,0.415929
gpu1,C,belady_pin_same_state,0.5,3,240,120,1.494,C3_pin_protected_plus_min_dynamics,0,2486,1502,984,864,0.604183,521,463,75,1427,0.395817
gpu1,C,belady_pin_same_state,0.75,3,240,180,2.241,C3_pin_protected_plus_min_dynamics,0,2486,1522,964,904,0.612228,493,471,103,1419,0.387772
gpu1,C,belady_pin_same_state,0.9,3,240,216,2.689,C3_pin_protected_plus_min_dynamics,0,2486,1526,960,936,0.613837,465,495,131,1395,0.386163
gpu1,C,belady_pin_same_state,0.99,3,240,237,2.951,C3_pin_protected_plus_min_dynamics,0,2486,1462,1024,1021,0.588093,465,559,131,1331,0.411907
gpu1,A,lru,,3.5,281,0,0.0,A_online,0,2486,1057,1429,1148,0.425181,596,833,0,1057,0.574819
gpu1,A,engine_priority_lru,,3.5,281,0,0.0,A_online,0,2486,325,2161,1880,0.130732,596,1565,0,325,0.869268
gpu1,A,arc,,3.5,281,0,0.0,A_online,0,2486,816,1670,1389,0.328238,596,1074,0,816,0.671762
gpu1,A,lfu,,3.5,281,0,0.0,A_online,0,2486,1037,1449,1168,0.417136,596,853,0,1037,0.582864
gpu1,A,freq_x_recency,,3.5,281,0,0.0,A_online,0,2486,1111,1375,1094,0.446903,596,779,0,1111,0.553097
gpu1,A,layer_lru,,3.5,281,0,0.0,A_online,0,2486,640,1846,1720,0.257442,596,1250,0,640,0.742558
gpu1,A,cost_aware,,3.5,281,0,0.0,A_online,0,2486,1057,1429,1148,0.425181,596,833,0,1057,0.574819
gpu1,A,belady_cold,,3.5,281,0,0.0,A_online,0,2486,1419,1067,786,0.570796,596,471,0,1419,0.429204
gpu1,B,freq_lru_warmup,0.5,3.5,281,0,0.0,B_causal_warmup,140,2486,932,1694,1413,0.374899,596,1098,0,932,0.681416
gpu1,B,freq_lru_warmup_s4,0.5,3.5,281,0,0.0,B_causal_warmup,0,2486,1025,1461,1180,0.412309,596,865,0,1025,0.587691
gpu1,C,static_freq_prewarm,,3.5,281,281,3.499,C1_bypass_fixed_set,0,2486,1542,944,0,0.620274,434,510,162,1380,0.379726
gpu1,C,static_layer_freq_prewarm,,3.5,281,126,1.569,C1_bypass_fixed_set_layer_budgeted,0,2486,1057,1429,0,0.425181,517,912,79,978,0.574819
gpu1,C,freq_lru_prewarm,0.25,3.5,281,70,0.872,C3_pin_protected_plus_lru_remainder,0,2486,1202,1284,1073,0.483508,546,738,50,1152,0.516492
gpu1,C,freq_lru_prewarm,0.5,3.5,281,140,1.743,C3_pin_protected_plus_lru_remainder,0,2486,1348,1138,997,0.542237,506,632,90,1258,0.457763
gpu1,C,freq_lru_prewarm,0.75,3.5,281,210,2.615,C3_pin_protected_plus_lru_remainder,0,2486,1437,1049,978,0.578037,465,584,131,1306,0.421963
gpu1,C,freq_lru_prewarm,0.9,3.5,281,252,3.138,C3_pin_protected_plus_lru_remainder,0,2486,1495,991,962,0.601368,463,528,133,1362,0.398632
gpu1,C,freq_lru_prewarm,0.99,3.5,281,278,3.461,C3_pin_protected_plus_lru_remainder,0,2486,1536,950,947,0.61786,437,513,159,1377,0.38214
gpu1,C,lru_prewarm_topN,,3.5,281,281,3.499,C2_fetch_on_fault,0,2486,1123,1363,1363,0.45173,530,833,66,1057,0.54827
gpu1,C,belady_same_state_prewarm,,3.5,281,281,3.499,C2_fetch_on_fault,0,2486,1639,847,847,0.659292,434,413,162,1477,0.340708
gpu1,C,belady_pin_same_state,0.25,3.5,281,70,0.872,C3_pin_protected_plus_min_dynamics,0,2486,1489,997,786,0.598954,546,451,50,1439,0.401046
gpu1,C,belady_pin_same_state,0.5,3.5,281,140,1.743,C3_pin_protected_plus_min_dynamics,0,2486,1559,927,786,0.627112,506,421,90,1469,0.372888
gpu1,C,belady_pin_same_state,0.75,3.5,281,210,2.615,C3_pin_protected_plus_min_dynamics,0,2486,1607,879,808,0.64642,465,414,131,1476,0.35358
gpu1,C,belady_pin_same_state,0.9,3.5,281,252,3.138,C3_pin_protected_plus_min_dynamics,0,2486,1593,893,864,0.640788,463,430,133,1460,0.359212
gpu1,C,belady_pin_same_state,0.99,3.5,281,278,3.461,C3_pin_protected_plus_min_dynamics,0,2486,1554,932,929,0.625101,437,495,159,1395,0.374899
gpu1,A,lru,,4,321,0,0.0,A_online,0,2486,1153,1333,1012,0.463797,596,737,0,1153,0.536203
gpu1,A,engine_priority_lru,,4,321,0,0.0,A_online,0,2486,351,2135,1814,0.141191,596,1539,0,351,0.858809
gpu1,A,arc,,4,321,0,0.0,A_online,0,2486,862,1624,1303,0.346742,596,1028,0,862,0.653258
gpu1,A,lfu,,4,321,0,0.0,A_online,0,2486,1091,1395,1074,0.438858,596,799,0,1091,0.561142
gpu1,A,freq_x_recency,,4,321,0,0.0,A_online,0,2486,1145,1341,1020,0.460579,596,745,0,1145,0.539421
gpu1,A,layer_lru,,4,321,0,0.0,A_online,0,2486,792,1694,1547,0.318584,596,1098,0,792,0.681416
gpu1,A,cost_aware,,4,321,0,0.0,A_online,0,2486,1153,1333,1012,0.463797,596,737,0,1153,0.536203
gpu1,A,belady_cold,,4,321,0,0.0,A_online,0,2486,1419,1067,746,0.570796,596,471,0,1419,0.429204
gpu1,B,freq_lru_warmup,0.5,4,321,0,0.0,B_causal_warmup,160,2486,962,1684,1363,0.386967,596,1088,0,962,0.677393
gpu1,B,freq_lru_warmup_s4,0.5,4,321,0,0.0,B_causal_warmup,0,2486,1095,1391,1070,0.440467,596,795,0,1095,0.559533
gpu1,C,static_freq_prewarm,,4,321,321,3.997,C1_bypass_fixed_set,0,2486,1622,864,0,0.652454,394,470,202,1420,0.347546
gpu1,C,static_layer_freq_prewarm,,4,321,147,1.83,C1_bypass_fixed_set_layer_budgeted,0,2486,1143,1343,0,0.459775,504,839,92,1051,0.540225
gpu1,C,freq_lru_prewarm,0.25,4,321,80,0.996,C3_pin_protected_plus_lru_remainder,0,2486,1284,1202,961,0.516492,542,660,54,1230,0.483508
gpu1,C,freq_lru_prewarm,0.5,4,321,160,1.992,C3_pin_protected_plus_lru_remainder,0,2486,1405,1081,920,0.565165,506,575,90,1315,0.434835
gpu1,C,freq_lru_prewarm,0.75,4,321,240,2.988,C3_pin_protected_plus_lru_remainder,0,2486,1523,963,882,0.612631,465,498,131,1392,0.387369
gpu1,C,freq_lru_prewarm,0.9,4,321,288,3.586,C3_pin_protected_plus_lru_remainder,0,2486,1574,912,879,0.633146,427,485,169,1405,0.366854
gpu1,C,freq_lru_prewarm,0.99,4,321,317,3.947,C3_pin_protected_plus_lru_remainder,0,2486,1614,872,868,0.649236,398,474,198,1416,0.350764
gpu1,C,lru_prewarm_topN,,4,321,321,3.997,C2_fetch_on_fault,0,2486,1233,1253,1253,0.495977,516,737,80,1153,0.504023
gpu1,C,belady_same_state_prewarm,,4,321,321,3.997,C2_fetch_on_fault,0,2486,1719,767,767,0.691472,394,373,202,1517,0.308528
gpu1,C,belady_pin_same_state,0.25,4,321,80,0.996,C3_pin_protected_plus_min_dynamics,0,2486,1499,987,746,0.602977,542,445,54,1445,0.397023
gpu1,C,belady_pin_same_state,0.5,4,321,160,1.992,C3_pin_protected_plus_min_dynamics,0,2486,1579,907,746,0.635157,506,401,90,1489,0.364843
gpu1,C,belady_pin_same_state,0.75,4,321,240,2.988,C3_pin_protected_plus_min_dynamics,0,2486,1648,838,757,0.662912,465,373,131,1517,0.337088
gpu1,C,belady_pin_same_state,0.9,4,321,288,3.586,C3_pin_protected_plus_min_dynamics,0,2486,1672,814,781,0.672566,427,387,169,1503,0.327434
gpu1,C,belady_pin_same_state,0.99,4,321,317,3.947,C3_pin_protected_plus_min_dynamics,0,2486,1638,848,844,0.65889,398,450,198,1440,0.34111
gpu1,A,lru,,6,481,0,0.0,A_online,0,2486,1283,1203,722,0.51609,596,607,0,1283,0.48391
gpu1,A,engine_priority_lru,,6,481,0,0.0,A_online,0,2486,593,1893,1412,0.238536,596,1297,0,593,0.761464
gpu1,A,arc,,6,481,0,0.0,A_online,0,2486,1255,1231,750,0.504827,596,635,0,1255,0.495173
gpu1,A,lfu,,6,481,0,0.0,A_online,0,2486,1287,1199,718,0.517699,596,603,0,1287,0.482301
gpu1,A,freq_x_recency,,6,481,0,0.0,A_online,0,2486,1281,1205,724,0.515286,596,609,0,1281,0.484714
gpu1,A,layer_lru,,6,481,0,0.0,A_online,0,2486,986,1500,1269,0.396621,596,904,0,986,0.603379
gpu1,A,cost_aware,,6,481,0,0.0,A_online,0,2486,1283,1203,722,0.51609,596,607,0,1283,0.48391
gpu1,A,belady_cold,,6,481,0,0.0,A_online,0,2486,1419,1067,586,0.570796,596,471,0,1419,0.429204
gpu1,B,freq_lru_warmup,0.5,6,481,0,0.0,B_causal_warmup,115,2486,1197,1404,923,0.481496,596,808,0,1197,0.564763
gpu1,B,freq_lru_warmup_s4,0.5,6,481,0,0.0,B_causal_warmup,51,2486,1286,1251,770,0.517297,596,655,0,1286,0.503218
gpu1,C,static_freq_prewarm,,6,481,481,5.989,C1_bypass_fixed_set,0,2486,1900,586,0,0.76428,332,254,264,1636,0.23572
gpu1,C,static_layer_freq_prewarm,,6,481,231,2.876,C1_bypass_fixed_set_layer_budgeted,0,2486,1405,1081,0,0.565165,463,618,133,1272,0.434835
gpu1,C,freq_lru_prewarm,0.25,6,481,120,1.494,C3_pin_protected_plus_lru_remainder,0,2486,1428,1058,697,0.574417,521,537,75,1353,0.425583
gpu1,C,freq_lru_prewarm,0.5,6,481,240,2.988,C3_pin_protected_plus_lru_remainder,0,2486,1586,900,659,0.637973,465,435,131,1455,0.362027
gpu1,C,freq_lru_prewarm,0.75,6,481,360,4.482,C3_pin_protected_plus_lru_remainder,0,2486,1762,724,603,0.708769,374,350,222,1540,0.291231
gpu1,C,freq_lru_prewarm,0.9,6,481,432,5.379,C3_pin_protected_plus_lru_remainder,0,2486,1851,635,586,0.74457,374,261,222,1629,0.25543
gpu1,C,freq_lru_prewarm,0.99,6,481,476,5.927,C3_pin_protected_plus_lru_remainder,0,2486,1895,591,586,0.762269,337,254,259,1636,0.237731
gpu1,C,lru_prewarm_topN,,6,481,481,5.989,C2_fetch_on_fault,0,2486,1467,1019,1019,0.590105,412,607,184,1283,0.409895
gpu1,C,belady_same_state_prewarm,,6,481,481,5.989,C2_fetch_on_fault,0,2486,1900,586,586,0.76428,332,254,264,1636,0.23572
gpu1,C,belady_pin_same_state,0.25,6,481,120,1.494,C3_pin_protected_plus_min_dynamics,0,2486,1539,947,586,0.619067,521,426,75,1464,0.380933
gpu1,C,belady_pin_same_state,0.5,6,481,240,2.988,C3_pin_protected_plus_min_dynamics,0,2486,1659,827,586,0.667337,465,362,131,1528,0.332663
gpu1,C,belady_pin_same_state,0.75,6,481,360,4.482,C3_pin_protected_plus_min_dynamics,0,2486,1779,707,586,0.715607,374,333,222,1557,0.284393
gpu1,C,belady_pin_same_state,0.9,6,481,432,5.379,C3_pin_protected_plus_min_dynamics,0,2486,1851,635,586,0.74457,374,261,222,1629,0.25543
gpu1,C,belady_pin_same_state,0.99,6,481,476,5.927,C3_pin_protected_plus_min_dynamics,0,2486,1895,591,586,0.762269,337,254,259,1636,0.237731
gpu1,A,lru,,8,642,0,0.0,A_online,0,2486,1384,1102,460,0.556718,596,506,0,1384,0.443282
gpu1,A,engine_priority_lru,,8,642,0,0.0,A_online,0,2486,921,1565,923,0.370475,596,969,0,921,0.629525
gpu1,A,arc,,8,642,0,0.0,A_online,0,2486,1374,1112,470,0.552695,596,516,0,1374,0.447305
gpu1,A,lfu,,8,642,0,0.0,A_online,0,2486,1384,1102,460,0.556718,596,506,0,1384,0.443282
gpu1,A,freq_x_recency,,8,642,0,0.0,A_online,0,2486,1384,1102,460,0.556718,596,506,0,1384,0.443282
gpu1,A,layer_lru,,8,642,0,0.0,A_online,0,2486,1110,1376,1082,0.4465,596,780,0,1110,0.5535
gpu1,A,cost_aware,,8,642,0,0.0,A_online,0,2486,1384,1102,460,0.556718,596,506,0,1384,0.443282
gpu1,A,belady_cold,,8,642,0,0.0,A_online,0,2486,1419,1067,425,0.570796,596,471,0,1419,0.429204
gpu1,B,freq_lru_warmup,0.5,8,642,0,0.0,B_causal_warmup,0,2486,1342,1144,502,0.539823,596,548,0,1342,0.460177
gpu1,B,freq_lru_warmup_s4,0.5,8,642,0,0.0,B_causal_warmup,54,2486,1373,1167,525,0.552293,596,571,0,1373,0.469429
gpu1,C,static_freq_prewarm,,8,642,642,7.994,C1_bypass_fixed_set,0,2486,2061,425,0,0.829043,171,254,425,1636,0.170957
gpu1,C,static_layer_freq_prewarm,,8,642,294,3.661,C1_bypass_fixed_set_layer_budgeted,0,2486,1557,929,0,0.626307,423,506,173,1384,0.373693
gpu1,C,freq_lru_prewarm,0.25,8,642,160,1.992,C3_pin_protected_plus_lru_remainder,0,2486,1542,944,462,0.620274,506,438,90,1452,0.379726
gpu1,C,freq_lru_prewarm,0.5,8,642,321,3.997,C3_pin_protected_plus_lru_remainder,0,2486,1738,748,427,0.699115,394,354,202,1536,0.300885
gpu1,C,freq_lru_prewarm,0.75,8,642,481,5.989,C3_pin_protected_plus_lru_remainder,0,2486,1900,586,425,0.76428,332,254,264,1636,0.23572
gpu1,C,freq_lru_prewarm,0.9,8,642,577,7.184,C3_pin_protected_plus_lru_remainder,0,2486,1996,490,425,0.802896,236,254,360,1636,0.197104
gpu1,C,freq_lru_prewarm,0.99,8,642,635,7.906,C3_pin_protected_plus_lru_remainder,0,2486,2054,432,425,0.826227,178,254,418,1636,0.173773
gpu1,C,lru_prewarm_topN,,8,642,642,7.994,C2_fetch_on_fault,0,2486,1790,696,696,0.720032,197,499,399,1391,0.279968
gpu1,C,belady_same_state_prewarm,,8,642,642,7.994,C2_fetch_on_fault,0,2486,2061,425,425,0.829043,171,254,425,1636,0.170957
gpu1,C,belady_pin_same_state,0.25,8,642,160,1.992,C3_pin_protected_plus_min_dynamics,0,2486,1579,907,425,0.635157,506,401,90,1489,0.364843
gpu1,C,belady_pin_same_state,0.5,8,642,321,3.997,C3_pin_protected_plus_min_dynamics,0,2486,1740,746,425,0.69992,394,352,202,1538,0.30008
gpu1,C,belady_pin_same_state,0.75,8,642,481,5.989,C3_pin_protected_plus_min_dynamics,0,2486,1900,586,425,0.76428,332,254,264,1636,0.23572
gpu1,C,belady_pin_same_state,0.9,8,642,577,7.184,C3_pin_protected_plus_min_dynamics,0,2486,1996,490,425,0.802896,236,254,360,1636,0.197104
gpu1,C,belady_pin_same_state,0.99,8,642,635,7.906,C3_pin_protected_plus_min_dynamics,0,2486,2054,432,425,0.826227,178,254,418,1636,0.173773
