region,codec,n,mean_ratio,median_ratio,p95_ratio,worst_ratio,best_ratio,c_MB_s_med,d_MB_s_med,verified_n,independent,streaming,random_access
w1w,lz4_fast,2364,1.0,1.0,1.0,1.0,1.0,1764,821,2364,yes,yes,yes
w1w,lz4_hc,95,1.0,1.0,1.0,1.0,1.0,18,746,95,yes,yes,yes
w1w,zstd_1,2364,0.9648,0.9648,0.9663,0.9673,0.9533,297,498,2364,yes,yes,yes
w1w,zstd_3,2364,0.9665,0.9666,0.9686,0.9708,0.9542,143,468,2364,yes,yes,yes
w1w,zstd_10,95,0.9648,0.9648,0.9664,0.9669,0.9615,153,490,95,yes,yes,yes
w1w,nib_split_zstd3,2364,1.0404,1.0405,1.0408,1.041,1.038,23,135,2364,yes,yes,yes
w1w,order0,2364,0.9597,0.9596,0.9614,0.9626,0.9481,0,0,0,yes,n/a-bound,yes
w1w,order1,2364,0.9401,0.9401,0.9439,0.9476,0.9269,0,0,0,yes,n/a-bound,yes
w1w,rans,95,0.9597,0.9596,0.9615,0.962,0.9561,50,0,95,yes,n/a-bound,yes
w3w,lz4_fast,2364,1.0,1.0,1.0,1.0,1.0,1731,819,2364,yes,yes,yes
w3w,lz4_hc,95,1.0,1.0,1.0,1.0,1.0,19,754,95,yes,yes,yes
w3w,zstd_1,2364,0.965,0.9651,0.9662,0.9675,0.9568,298,493,2364,yes,yes,yes
w3w,zstd_3,2364,0.9667,0.9667,0.9687,0.9698,0.9588,143,465,2364,yes,yes,yes
w3w,zstd_10,95,0.965,0.965,0.9663,0.9672,0.9623,136,496,95,yes,yes,yes
w3w,nib_split_zstd3,2364,1.0404,1.0405,1.0408,1.041,1.0375,24,134,2364,yes,yes,yes
w3w,order0,2364,0.9599,0.96,0.9613,0.9629,0.9517,0,0,0,yes,n/a-bound,yes
w3w,order1,2364,0.9408,0.9411,0.9442,0.9468,0.9287,0,0,0,yes,n/a-bound,yes
w3w,rans,95,0.9599,0.96,0.9613,0.9627,0.9574,50,0,95,yes,n/a-bound,yes
w2w,lz4_fast,2364,1.0,1.0,1.0,1.0,1.0,1711,817,2364,yes,yes,yes
w2w,lz4_hc,95,1.0,1.0,1.0,1.0,1.0,18,753,95,yes,yes,yes
w2w,zstd_1,2364,0.9648,0.9649,0.9664,0.9676,0.927,297,496,2364,yes,yes,yes
w2w,zstd_3,2364,0.9664,0.9667,0.9688,0.9701,0.9275,143,468,2364,yes,yes,yes
w2w,zstd_10,95,0.9648,0.9649,0.9664,0.9668,0.9581,145,501,95,yes,yes,yes
w2w,nib_split_zstd3,2364,1.0405,1.0406,1.0409,1.041,1.0274,23,132,2364,yes,yes,yes
w2w,order0,2364,0.9597,0.9598,0.9615,0.9629,0.9235,0,0,0,yes,n/a-bound,yes
w2w,order1,2364,0.94,0.9403,0.9436,0.9457,0.8995,0,0,0,yes,n/a-bound,yes
w2w,rans,95,0.9597,0.9596,0.9615,0.9621,0.9536,50,0,95,yes,n/a-bound,yes
w1s,lz4_fast,2364,0.4849,0.4896,0.4966,0.4998,0.3575,445,457,2364,yes,yes,yes
w1s,lz4_hc,95,0.1853,0.1861,0.1887,0.1891,0.1604,0,1146,95,yes,yes,yes
w1s,zstd_1,2364,0.1961,0.1967,0.1972,0.1981,0.1677,114,212,2364,yes,yes,yes
w1s,zstd_3,2364,0.1883,0.1887,0.1892,0.1902,0.1638,127,269,2364,yes,yes,yes
w1s,zstd_10,95,0.1646,0.1654,0.1664,0.1667,0.1411,6,355,95,yes,yes,yes
w1s,nib_split_zstd3,2364,0.1885,0.1889,0.1894,0.1904,0.1637,120,258,2364,yes,yes,yes
w1s,order0,2364,0.1229,0.1235,0.1272,0.1797,0.0862,0,0,0,yes,n/a-bound,yes
w1s,order1,2364,0.1223,0.1232,0.1255,0.127,0.0862,0,0,0,yes,n/a-bound,yes
w1s,rans,95,0.1228,0.1228,0.1269,0.1349,0.0929,49,0,95,yes,n/a-bound,yes
w3s,lz4_fast,2364,0.4824,0.4862,0.4956,0.4999,0.2739,449,464,2364,yes,yes,yes
w3s,lz4_hc,95,0.1841,0.185,0.1884,0.1892,0.1567,0,1170,95,yes,yes,yes
w3s,zstd_1,2364,0.1958,0.1966,0.1971,0.1981,0.1287,114,212,2364,yes,yes,yes
w3s,zstd_3,2364,0.1879,0.1886,0.1891,0.1909,0.1271,127,268,2364,yes,yes,yes
w3s,zstd_10,95,0.1637,0.1649,0.1663,0.1666,0.1372,5,354,95,yes,yes,yes
w3s,nib_split_zstd3,2364,0.1881,0.1888,0.1893,0.1907,0.1269,121,259,2364,yes,yes,yes
w3s,order0,2364,0.1202,0.1211,0.1255,0.1392,0.0681,0,0,0,yes,n/a-bound,yes
w3s,order1,2364,0.12,0.121,0.1252,0.1259,0.0667,0,0,0,yes,n/a-bound,yes
w3s,rans,95,0.1202,0.121,0.126,0.1357,0.0898,50,0,95,yes,n/a-bound,yes
w2s,lz4_fast,2364,0.4888,0.4945,0.5003,0.5279,0.2785,446,467,2364,yes,yes,yes
w2s,lz4_hc,95,0.1858,0.1874,0.1895,0.1912,0.1526,0,1171,95,yes,yes,yes
w2s,zstd_1,2364,0.1961,0.1968,0.1978,0.2677,0.1286,114,212,2364,yes,yes,yes
w2s,zstd_3,2364,0.1881,0.1888,0.1898,0.2628,0.1269,127,271,2364,yes,yes,yes
w2s,zstd_10,95,0.1646,0.1659,0.168,0.172,0.1339,5,356,95,yes,yes,yes
w2s,nib_split_zstd3,2364,0.1883,0.189,0.1899,0.2626,0.127,121,261,2364,yes,yes,yes
w2s,order0,2364,0.1212,0.1229,0.1255,0.1964,0.0621,0,0,0,yes,n/a-bound,yes
w2s,order1,2364,0.1211,0.1229,0.1255,0.1916,0.0621,0,0,0,yes,n/a-bound,yes
w2s,rans,95,0.1213,0.1233,0.1256,0.1259,0.0866,50,0,95,yes,n/a-bound,yes
whole,lz4_fast,2364,0.9697,0.97,0.9704,0.9706,0.9617,604,640,2364,yes,yes,yes
whole,lz4_hc,95,0.9519,0.952,0.9521,0.9521,0.9503,2,662,95,yes,yes,yes
whole,zstd_1,2364,0.9194,0.9195,0.9208,0.9218,0.9053,272,460,2364,yes,yes,yes
whole,zstd_3,2364,0.921,0.9211,0.923,0.9238,0.9062,131,435,2364,yes,yes,yes
whole,zstd_10,95,0.9178,0.9178,0.9192,0.9196,0.9134,84,481,95,yes,yes,yes
whole,nib_split_zstd3,2364,0.9913,0.9914,0.9916,0.9917,0.9866,24,133,2364,yes,yes,yes
whole,order0,2364,0.9499,0.9499,0.9514,0.9526,0.9424,0,0,0,yes,n/a-bound,yes
whole,order1,2364,0.894,0.8943,0.8974,0.9004,0.884,0,0,0,yes,n/a-bound,yes
