layer,expert,region,codec,orig,cbytes,est_bytes,c_ms,d_ms,verified,error,region_sha256,note
0,113,w1w,lz4_fast,4194304,4194339,,3.1553999997413484,3.4426000001985813,True,,e35c360fc833b89a00b6b6eaa4415c8c10c9e3935f1639794e84380dcdba6784,
0,113,w1w,zstd_1,4194304,4045655,,12.72659999995085,10.878299999603769,True,,e35c360fc833b89a00b6b6eaa4415c8c10c9e3935f1639794e84380dcdba6784,
0,113,w1w,zstd_3,4194304,4050709,,26.57040000121924,11.276200000793324,True,,e35c360fc833b89a00b6b6eaa4415c8c10c9e3935f1639794e84380dcdba6784,
0,113,w1w,nib_split_zstd3,4194304,4364293,,190.98679999842716,33.67639999851235,True,,e35c360fc833b89a00b6b6eaa4415c8c10c9e3935f1639794e84380dcdba6784,
0,113,w1w,order0,4194304,,4023736.4927627076,,,,,e35c360fc833b89a00b6b6eaa4415c8c10c9e3935f1639794e84380dcdba6784,
0,113,w1w,order1,4194304,,3938693.395276336,,,,,e35c360fc833b89a00b6b6eaa4415c8c10c9e3935f1639794e84380dcdba6784,
0,113,w1w,zeros,4194304,,,,,,,e35c360fc833b89a00b6b6eaa4415c8c10c9e3935f1639794e84380dcdba6784,"{""zero_frac"": 0.004269838333129883, ""longest_zero_run"": 2, ""distinct_bytes"": 256}"
0,113,w1w,lz4_hc,4194304,4194327,,253.67559999904188,2.5574999999662396,True,,e35c360fc833b89a00b6b6eaa4415c8c10c9e3935f1639794e84380dcdba6784,
0,113,w1w,zstd_10,4194304,4045654,,22.346800000377698,12.226800001371885,True,,e35c360fc833b89a00b6b6eaa4415c8c10c9e3935f1639794e84380dcdba6784,
0,113,w1w,rans,4194304,4023739,,52.395099999557715,,True,,e35c360fc833b89a00b6b6eaa4415c8c10c9e3935f1639794e84380dcdba6784,model-excluded; decode ~ encode speed class
0,113,w3w,lz4_fast,4194304,4194339,,3.60250000085216,2.775500001007458,True,,14cb4e5a8bac23e70478c5f4d97b7ec6a516cde9ec33e7c2de46db5f161ec997,
0,113,w3w,zstd_1,4194304,4045959,,15.661800000088988,11.179600000104983,True,,14cb4e5a8bac23e70478c5f4d97b7ec6a516cde9ec33e7c2de46db5f161ec997,
0,113,w3w,zstd_3,4194304,4061351,,23.133599999709986,12.959800000317045,True,,14cb4e5a8bac23e70478c5f4d97b7ec6a516cde9ec33e7c2de46db5f161ec997,
0,113,w3w,nib_split_zstd3,4194304,4364172,,195.1546000000235,31.014000000141095,True,,14cb4e5a8bac23e70478c5f4d97b7ec6a516cde9ec33e7c2de46db5f161ec997,
0,113,w3w,order0,4194304,,4024092.4902639985,,,,,14cb4e5a8bac23e70478c5f4d97b7ec6a516cde9ec33e7c2de46db5f161ec997,
0,113,w3w,order1,4194304,,3941719.873986711,,,,,14cb4e5a8bac23e70478c5f4d97b7ec6a516cde9ec33e7c2de46db5f161ec997,
0,113,w3w,zeros,4194304,,,,,,,14cb4e5a8bac23e70478c5f4d97b7ec6a516cde9ec33e7c2de46db5f161ec997,"{""zero_frac"": 0.004266023635864258, ""longest_zero_run"": 3, ""distinct_bytes"": 256}"
0,113,w3w,lz4_hc,4194304,4194327,,249.43119999988994,2.430300000924035,True,,14cb4e5a8bac23e70478c5f4d97b7ec6a516cde9ec33e7c2de46db5f161ec997,
0,113,w3w,zstd_10,4194304,4045958,,21.479199998793774,11.033599999791477,True,,14cb4e5a8bac23e70478c5f4d97b7ec6a516cde9ec33e7c2de46db5f161ec997,
0,113,w3w,rans,4194304,4024095,,50.696700000116834,,True,,14cb4e5a8bac23e70478c5f4d97b7ec6a516cde9ec33e7c2de46db5f161ec997,model-excluded; decode ~ encode speed class
0,113,w2w,lz4_fast,4194304,4194339,,2.5867999993351987,2.13889999940875,True,,31780f43a8a667d056be501ae842a261ba3d93724c1efa536b2922b6eca72aee,
0,113,w2w,zstd_1,4194304,4047280,,15.11200000095414,10.877600001549581,True,,31780f43a8a667d056be501ae842a261ba3d93724c1efa536b2922b6eca72aee,
0,113,w2w,zstd_3,4194304,4052348,,26.8900000010035,10.911199999100063,True,,31780f43a8a667d056be501ae842a261ba3d93724c1efa536b2922b6eca72aee,
0,113,w2w,nib_split_zstd3,4194304,4364354,,191.2713999990956,33.827600000222446,True,,31780f43a8a667d056be501ae842a261ba3d93724c1efa536b2922b6eca72aee,
0,113,w2w,order0,4194304,,4025094.3325322554,,,,,31780f43a8a667d056be501ae842a261ba3d93724c1efa536b2922b6eca72aee,
0,113,w2w,order1,4194304,,3940050.9982977966,,,,,31780f43a8a667d056be501ae842a261ba3d93724c1efa536b2922b6eca72aee,
0,113,w2w,zeros,4194304,,,,,,,31780f43a8a667d056be501ae842a261ba3d93724c1efa536b2922b6eca72aee,"{""zero_frac"": 0.0042035579681396484, ""longest_zero_run"": 2, ""distinct_bytes"": 256}"
0,113,w2w,lz4_hc,4194304,4194327,,241.6404000014154,2.8542000000015832,True,,31780f43a8a667d056be501ae842a261ba3d93724c1efa536b2922b6eca72aee,
0,113,w2w,zstd_10,4194304,4047279,,22.797300000092946,10.341000001062639,True,,31780f43a8a667d056be501ae842a261ba3d93724c1efa536b2922b6eca72aee,
0,113,w2w,rans,4194304,4025097,,49.21040000044741,,True,,31780f43a8a667d056be501ae842a261ba3d93724c1efa536b2922b6eca72aee,model-excluded; decode ~ encode speed class
0,113,w1s,lz4_fast,262144,127464,,0.7732999984000344,0.5868000007467344,True,,99927d69e23ec611b71f698f73063f4259f06b1cd8f36f8c567d7c508ee50824,
0,113,w1s,zstd_1,262144,51611,,2.391600000919425,0.9837000015977537,True,,99927d69e23ec611b71f698f73063f4259f06b1cd8f36f8c567d7c508ee50824,
0,113,w1s,zstd_3,262144,49541,,1.9117000010737684,0.9298999993916368,True,,99927d69e23ec611b71f698f73063f4259f06b1cd8f36f8c567d7c508ee50824,
0,113,w1s,nib_split_zstd3,262144,49694,,1.6467999994347338,1.1141999984829454,True,,99927d69e23ec611b71f698f73063f4259f06b1cd8f36f8c567d7c508ee50824,
0,113,w1s,order0,262144,,31500.659047199082,,,,,99927d69e23ec611b71f698f73063f4259f06b1cd8f36f8c567d7c508ee50824,
0,113,w1s,order1,262144,,31498.96198254647,,,,,99927d69e23ec611b71f698f73063f4259f06b1cd8f36f8c567d7c508ee50824,
0,113,w1s,zeros,262144,,,,,,,99927d69e23ec611b71f698f73063f4259f06b1cd8f36f8c567d7c508ee50824,"{""zero_frac"": 0.0, ""longest_zero_run"": 0, ""distinct_bytes"": 4}"
0,113,w1s,lz4_hc,262144,48455,,2310.720499999661,0.3788999983953545,True,,99927d69e23ec611b71f698f73063f4259f06b1cd8f36f8c567d7c508ee50824,
0,113,w1s,zstd_10,262144,43205,,49.74220000076457,0.6164999995235121,True,,99927d69e23ec611b71f698f73063f4259f06b1cd8f36f8c567d7c508ee50824,
0,113,w1s,rans,262144,31505,,2.8454999992391095,,True,,99927d69e23ec611b71f698f73063f4259f06b1cd8f36f8c567d7c508ee50824,model-excluded; decode ~ encode speed class
0,113,w3s,lz4_fast,262144,126123,,0.7487999992008554,0.5669999991368968,True,,8348c9b29acf401b69ebf7db33c36227471ce0dbc25bfac219789f7b280bf0e1,
0,113,w3s,zstd_1,262144,51360,,1.6562000000703847,1.0583000002952758,True,,8348c9b29acf401b69ebf7db33c36227471ce0dbc25bfac219789f7b280bf0e1,
0,113,w3s,zstd_3,262144,49423,,1.939400000992464,1.2968999999429798,True,,8348c9b29acf401b69ebf7db33c36227471ce0dbc25bfac219789f7b280bf0e1,
0,113,w3s,nib_split_zstd3,262144,49363,,2.667900000233203,1.2824999994336395,True,,8348c9b29acf401b69ebf7db33c36227471ce0dbc25bfac219789f7b280bf0e1,
0,113,w3s,order0,262144,,30762.180864875663,,,,,8348c9b29acf401b69ebf7db33c36227471ce0dbc25bfac219789f7b280bf0e1,
0,113,w3s,order1,262144,,30760.969471205673,,,,,8348c9b29acf401b69ebf7db33c36227471ce0dbc25bfac219789f7b280bf0e1,
0,113,w3s,zeros,262144,,,,,,,8348c9b29acf401b69ebf7db33c36227471ce0dbc25bfac219789f7b280bf0e1,"{""zero_frac"": 0.0, ""longest_zero_run"": 0, ""distinct_bytes"": 4}"
0,113,w3s,lz4_hc,262144,47943,,2267.3343000005843,0.48969999988912605,True,,8348c9b29acf401b69ebf7db33c36227471ce0dbc25bfac219789f7b280bf0e1,
0,113,w3s,zstd_10,262144,42745,,46.40830000062124,0.8280000001832377,True,,8348c9b29acf401b69ebf7db33c36227471ce0dbc25bfac219789f7b280bf0e1,
0,113,w3s,rans,262144,30766,,3.0631999998149695,,True,,8348c9b29acf401b69ebf7db33c36227471ce0dbc25bfac219789f7b280bf0e1,model-excluded; decode ~ encode speed class
0,113,w2s,lz4_fast,262144,128106,,0.8345999995071907,0.5679000005329726,True,,a474d6cb106543beed76534aea1a0a7e063042f018fbf64bde90b0369d3ef5f7,
0,113,w2s,zstd_1,262144,51543,,2.1089999991090735,1.5466000004380476,True,,a474d6cb106543beed76534aea1a0a7e063042f018fbf64bde90b0369d3ef5f7,
0,113,w2s,zstd_3,262144,49452,,2.515000000130385,1.148299999840674,True,,a474d6cb106543beed76534aea1a0a7e063042f018fbf64bde90b0369d3ef5f7,
0,113,w2s,nib_split_zstd3,262144,49477,,2.622400001200731,0.9432000006199814,True,,a474d6cb106543beed76534aea1a0a7e063042f018fbf64bde90b0369d3ef5f7,
0,113,w2s,order0,262144,,31416.08545911859,,,,,a474d6cb106543beed76534aea1a0a7e063042f018fbf64bde90b0369d3ef5f7,
0,113,w2s,order1,262144,,31415.52711461511,,,,,a474d6cb106543beed76534aea1a0a7e063042f018fbf64bde90b0369d3ef5f7,
0,113,w2s,zeros,262144,,,,,,,a474d6cb106543beed76534aea1a0a7e063042f018fbf64bde90b0369d3ef5f7,"{""zero_frac"": 0.0, ""longest_zero_run"": 0, ""distinct_bytes"": 4}"
0,113,w2s,lz4_hc,262144,48331,,2369.9474000004557,0.318899999911082,True,,a474d6cb106543beed76534aea1a0a7e063042f018fbf64bde90b0369d3ef5f7,
0,113,w2s,zstd_10,262144,43194,,47.790500000701286,0.6071999996493105,True,,a474d6cb106543beed76534aea1a0a7e063042f018fbf64bde90b0369d3ef5f7,
0,113,w2s,rans,262144,31420,,3.065700000661309,,True,,a474d6cb106543beed76534aea1a0a7e063042f018fbf64bde90b0369d3ef5f7,model-excluded; decode ~ encode speed class
0,113,whole,lz4_fast,13369344,12964438,,18.150200001400663,9.896100000332808,True,,60b89ceaa047b9df6be143abef6c0dd42eb02d1e59dcecc1362d6244f91b31f4,
0,113,whole,zstd_1,13369344,12290119,,48.02669999844511,41.86159999881056,True,,60b89ceaa047b9df6be143abef6c0dd42eb02d1e59dcecc1362d6244f91b31f4,
0,113,whole,zstd_3,13369344,12302932,,95.7445000003645,36.3257999997586,True,,60b89ceaa047b9df6be143abef6c0dd42eb02d1e59dcecc1362d6244f91b31f4,
0,113,whole,nib_split_zstd3,13369344,13254014,,609.861799999635,112.09039999994275,True,,60b89ceaa047b9df6be143abef6c0dd42eb02d1e59dcecc1362d6244f91b31f4,
0,113,whole,order0,13369344,,12694300.027845386,,,,,60b89ceaa047b9df6be143abef6c0dd42eb02d1e59dcecc1362d6244f91b31f4,
0,113,whole,order1,13369344,,11937776.843299136,,,,,60b89ceaa047b9df6be143abef6c0dd42eb02d1e59dcecc1362d6244f91b31f4,
0,113,whole,zeros,13369344,,,,,,,60b89ceaa047b9df6be143abef6c0dd42eb02d1e59dcecc1362d6244f91b31f4,"{""zero_frac"": 0.003996680764590993, ""longest_zero_run"": 3, ""distinct_bytes"": 256}"
0,113,whole,lz4_hc,13369344,12725616,,8614.342299999407,9.968799999114708,True,,60b89ceaa047b9df6be143abef6c0dd42eb02d1e59dcecc1362d6244f91b31f4,
0,113,whole,zstd_10,13369344,12268051,,161.90350000033504,38.13810000065132,True,,60b89ceaa047b9df6be143abef6c0dd42eb02d1e59dcecc1362d6244f91b31f4,
5,135,w1w,lz4_fast,4194304,4194339,,3.26860000132001,3.033099999811384,True,,62509d583eaaaeab32af55c7890ff2656b672ddaf2bd51d0232cd24d9a644ede,
5,135,w1w,zstd_1,4194304,4038976,,13.18600000013248,12.633100001039566,True,,62509d583eaaaeab32af55c7890ff2656b672ddaf2bd51d0232cd24d9a644ede,
5,135,w1w,zstd_3,4194304,4048879,,28.233600000021397,10.845099999642116,True,,62509d583eaaaeab32af55c7890ff2656b672ddaf2bd51d0232cd24d9a644ede,
5,135,w1w,nib_split_zstd3,4194304,4365312,,209.4223999993119,36.45610000057786,True,,62509d583eaaaeab32af55c7890ff2656b672ddaf2bd51d0232cd24d9a644ede,
5,135,w1w,order0,4194304,,4015997.511411181,,,,,62509d583eaaaeab32af55c7890ff2656b672ddaf2bd51d0232cd24d9a644ede,
5,135,w1w,order1,4194304,,3920654.818942792,,,,,62509d583eaaaeab32af55c7890ff2656b672ddaf2bd51d0232cd24d9a644ede,
5,135,w1w,zeros,4194304,,,,,,,62509d583eaaaeab32af55c7890ff2656b672ddaf2bd51d0232cd24d9a644ede,"{""zero_frac"": 0.004487752914428711, ""longest_zero_run"": 3, ""distinct_bytes"": 256}"
5,135,w1w,lz4_hc,4194304,4194327,,272.9903999988892,2.7989999998681014,True,,62509d583eaaaeab32af55c7890ff2656b672ddaf2bd51d0232cd24d9a644ede,
5,135,w1w,zstd_10,4194304,4038975,,24.24319999954605,11.99839999935648,True,,62509d583eaaaeab32af55c7890ff2656b672ddaf2bd51d0232cd24d9a644ede,
5,135,w1w,rans,4194304,4016000,,51.67589999837219,,True,,62509d583eaaaeab32af55c7890ff2656b672ddaf2bd51d0232cd24d9a644ede,model-excluded; decode ~ encode speed class
5,135,w3w,lz4_fast,4194304,4194339,,3.2666999995853985,3.0287999998108717,True,,e0d2b69dccf139e1334da7ed97483e2230ddf5850f9378177e6db3ca0e3802bd,
5,135,w3w,zstd_1,4194304,4038868,,12.780100001691608,11.762199999793665,True,,e0d2b69dccf139e1334da7ed97483e2230ddf5850f9378177e6db3ca0e3802bd,
5,135,w3w,zstd_3,4194304,4049951,,24.90879999822937,11.49729999997362,True,,e0d2b69dccf139e1334da7ed97483e2230ddf5850f9378177e6db3ca0e3802bd,
5,135,w3w,nib_split_zstd3,4194304,4365542,,209.57050000106392,35.24629999992612,True,,e0d2b69dccf139e1334da7ed97483e2230ddf5850f9378177e6db3ca0e3802bd,
5,135,w3w,order0,4194304,,4015850.4163012933,,,,,e0d2b69dccf139e1334da7ed97483e2230ddf5850f9378177e6db3ca0e3802bd,
5,135,w3w,order1,4194304,,3920223.346153554,,,,,e0d2b69dccf139e1334da7ed97483e2230ddf5850f9378177e6db3ca0e3802bd,
5,135,w3w,zeros,4194304,,,,,,,e0d2b69dccf139e1334da7ed97483e2230ddf5850f9378177e6db3ca0e3802bd,"{""zero_frac"": 0.0044553279876708984, ""longest_zero_run"": 3, ""distinct_bytes"": 256}"
5,135,w3w,lz4_hc,4194304,4194327,,260.90469999871857,2.9328000000532484,True,,e0d2b69dccf139e1334da7ed97483e2230ddf5850f9378177e6db3ca0e3802bd,
5,135,w3w,zstd_10,4194304,4038867,,26.68950000042969,11.001900000337628,True,,e0d2b69dccf139e1334da7ed97483e2230ddf5850f9378177e6db3ca0e3802bd,
5,135,w3w,rans,4194304,4015853,,50.74530000092636,,True,,e0d2b69dccf139e1334da7ed97483e2230ddf5850f9378177e6db3ca0e3802bd,model-excluded; decode ~ encode speed class
5,135,w2w,lz4_fast,4194304,4194339,,2.8187999996589497,2.7001000016753096,True,,22ae83fdd48c15463e55976eb5ef5ed27bc9d024be45423aa3238e2d689d0c36,
5,135,w2w,zstd_1,4194304,4044310,,14.049699999304721,13.412899999821093,True,,22ae83fdd48c15463e55976eb5ef5ed27bc9d024be45423aa3238e2d689d0c36,
5,135,w2w,zstd_3,4194304,4060048,,23.276099998838617,9.804799999983516,True,,22ae83fdd48c15463e55976eb5ef5ed27bc9d024be45423aa3238e2d689d0c36,
5,135,w2w,nib_split_zstd3,4194304,4365043,,195.97930000054475,30.378399998880923,True,,22ae83fdd48c15463e55976eb5ef5ed27bc9d024be45423aa3238e2d689d0c36,
5,135,w2w,order0,4194304,,4022016.1216239,,,,,22ae83fdd48c15463e55976eb5ef5ed27bc9d024be45423aa3238e2d689d0c36,
5,135,w2w,order1,4194304,,3931528.287686746,,,,,22ae83fdd48c15463e55976eb5ef5ed27bc9d024be45423aa3238e2d689d0c36,
5,135,w2w,zeros,4194304,,,,,,,22ae83fdd48c15463e55976eb5ef5ed27bc9d024be45423aa3238e2d689d0c36,"{""zero_frac"": 0.0043714046478271484, ""longest_zero_run"": 3, ""distinct_bytes"": 256}"
5,135,w2w,lz4_hc,4194304,4194327,,249.79410000014468,2.5694999985717004,True,,22ae83fdd48c15463e55976eb5ef5ed27bc9d024be45423aa3238e2d689d0c36,
5,135,w2w,zstd_10,4194304,4044309,,24.03960000083316,12.035499999910826,True,,22ae83fdd48c15463e55976eb5ef5ed27bc9d024be45423aa3238e2d689d0c36,
5,135,w2w,rans,4194304,4022019,,48.46139999972365,,True,,22ae83fdd48c15463e55976eb5ef5ed27bc9d024be45423aa3238e2d689d0c36,model-excluded; decode ~ encode speed class
5,135,w1s,lz4_fast,262144,130751,,0.7731000005151145,0.4530000005615875,True,,4e1e20f8f718c503ad22c0bc2c89b64d06b8e6aa6f6185c5b86b7d6c62db9ee8,
5,135,w1s,zstd_1,262144,51524,,1.7029000009642914,1.069199999619741,True,,4e1e20f8f718c503ad22c0bc2c89b64d06b8e6aa6f6185c5b86b7d6c62db9ee8,
5,135,w1s,zstd_3,262144,49407,,2.1042999997007428,0.6661000006715767,True,,4e1e20f8f718c503ad22c0bc2c89b64d06b8e6aa6f6185c5b86b7d6c62db9ee8,
5,135,w1s,nib_split_zstd3,262144,49512,,1.8144999994547106,1.0573999988992,True,,4e1e20f8f718c503ad22c0bc2c89b64d06b8e6aa6f6185c5b86b7d6c62db9ee8,
5,135,w1s,order0,262144,,32908.59334114833,,,,,4e1e20f8f718c503ad22c0bc2c89b64d06b8e6aa6f6185c5b86b7d6c62db9ee8,
5,135,w1s,order1,262144,,32895.849226421626,,,,,4e1e20f8f718c503ad22c0bc2c89b64d06b8e6aa6f6185c5b86b7d6c62db9ee8,
5,135,w1s,zeros,262144,,,,,,,4e1e20f8f718c503ad22c0bc2c89b64d06b8e6aa6f6185c5b86b7d6c62db9ee8,"{""zero_frac"": 0.0, ""longest_zero_run"": 0, ""distinct_bytes"": 4}"
5,135,w1s,lz4_hc,262144,49624,,2359.5319999985804,0.35430000025371555,True,,4e1e20f8f718c503ad22c0bc2c89b64d06b8e6aa6f6185c5b86b7d6c62db9ee8,
5,135,w1s,zstd_10,262144,43531,,47.07559999951627,0.8634999994683312,True,,4e1e20f8f718c503ad22c0bc2c89b64d06b8e6aa6f6185c5b86b7d6c62db9ee8,
5,135,w1s,rans,262144,32912,,3.601999998863903,,True,,4e1e20f8f718c503ad22c0bc2c89b64d06b8e6aa6f6185c5b86b7d6c62db9ee8,model-excluded; decode ~ encode speed class
5,135,w3s,lz4_fast,262144,130423,,0.8170000000973232,0.4554999995889375,True,,d4443088da3791b3255f3e4fdef2f847eebff51aa2f70d88ded48a88aa25a8ee,
5,135,w3s,zstd_1,262144,51571,,2.2951999999349937,1.0110000002896413,True,,d4443088da3791b3255f3e4fdef2f847eebff51aa2f70d88ded48a88aa25a8ee,
5,135,w3s,zstd_3,262144,49383,,1.4585999997507315,0.7925999998406041,True,,d4443088da3791b3255f3e4fdef2f847eebff51aa2f70d88ded48a88aa25a8ee,
5,135,w3s,nib_split_zstd3,262144,49368,,2.0188000016787555,1.2115999998059124,True,,d4443088da3791b3255f3e4fdef2f847eebff51aa2f70d88ded48a88aa25a8ee,
5,135,w3s,order0,262144,,32892.55597290235,,,,,d4443088da3791b3255f3e4fdef2f847eebff51aa2f70d88ded48a88aa25a8ee,
5,135,w3s,order1,262144,,32885.762905253716,,,,,d4443088da3791b3255f3e4fdef2f847eebff51aa2f70d88ded48a88aa25a8ee,
5,135,w3s,zeros,262144,,,,,,,d4443088da3791b3255f3e4fdef2f847eebff51aa2f70d88ded48a88aa25a8ee,"{""zero_frac"": 0.0, ""longest_zero_run"": 0, ""distinct_bytes"": 4}"
5,135,w3s,lz4_hc,262144,49491,,2432.0200999991357,0.4168999985267874,True,,d4443088da3791b3255f3e4fdef2f847eebff51aa2f70d88ded48a88aa25a8ee,
5,135,w3s,zstd_10,262144,43522,,53.2472000013513,0.942399999985355,True,,d4443088da3791b3255f3e4fdef2f847eebff51aa2f70d88ded48a88aa25a8ee,
5,135,w3s,rans,262144,32896,,4.436600000190083,,True,,d4443088da3791b3255f3e4fdef2f847eebff51aa2f70d88ded48a88aa25a8ee,model-excluded; decode ~ encode speed class
5,135,w2s,lz4_fast,262144,130177,,1.263699999981327,0.7330000007641502,True,,68300e357f33314592e26231f2e49dca8603446c1e8ae92b6a9d108f8c31f185,
5,135,w2s,zstd_1,262144,51647,,2.2618999992118916,1.6888999998627696,True,,68300e357f33314592e26231f2e49dca8603446c1e8ae92b6a9d108f8c31f185,
5,135,w2s,zstd_3,262144,49537,,2.5365000001329463,1.2047000000166008,True,,68300e357f33314592e26231f2e49dca8603446c1e8ae92b6a9d108f8c31f185,
5,135,w2s,nib_split_zstd3,262144,49587,,1.5990000010788208,0.7083000018610619,True,,68300e357f33314592e26231f2e49dca8603446c1e8ae92b6a9d108f8c31f185,
5,135,w2s,order0,262144,,32376.0520987122,,,,,68300e357f33314592e26231f2e49dca8603446c1e8ae92b6a9d108f8c31f185,
5,135,w2s,order1,262144,,32375.480536133637,,,,,68300e357f33314592e26231f2e49dca8603446c1e8ae92b6a9d108f8c31f185,
5,135,w2s,zeros,262144,,,,,,,68300e357f33314592e26231f2e49dca8603446c1e8ae92b6a9d108f8c31f185,"{""zero_frac"": 0.0, ""longest_zero_run"": 0, ""distinct_bytes"": 5}"
5,135,w2s,lz4_hc,262144,49116,,2309.488599999895,0.2319999985047616,True,,68300e357f33314592e26231f2e49dca8603446c1e8ae92b6a9d108f8c31f185,
5,135,w2s,zstd_10,262144,43527,,47.21080000126676,0.9238999991794117,True,,68300e357f33314592e26231f2e49dca8603446c1e8ae92b6a9d108f8c31f185,
5,135,w2s,rans,262144,32380,,3.0279000002337852,,True,,68300e357f33314592e26231f2e49dca8603446c1e8ae92b6a9d108f8c31f185,model-excluded; decode ~ encode speed class
5,135,whole,lz4_fast,13369344,12974597,,17.403899999408168,9.008400000311667,True,,c4a0de46de3acd6306594aec36b1cacdce34783bcf0f43396350fc7a267967a3,
5,135,whole,zstd_1,13369344,12273735,,46.762699999817414,38.01740000017162,True,,c4a0de46de3acd6306594aec36b1cacdce34783bcf0f43396350fc7a267967a3,
5,135,whole,zstd_3,13369344,12313204,,82.46970000072906,35.39199999977427,True,,c4a0de46de3acd6306594aec36b1cacdce34783bcf0f43396350fc7a267967a3,
5,135,whole,nib_split_zstd3,13369344,13257192,,604.2850999983784,118.53359999804525,True,,c4a0de46de3acd6306594aec36b1cacdce34783bcf0f43396350fc7a267967a3,
5,135,whole,order0,13369344,,12679471.955658346,,,,,c4a0de46de3acd6306594aec36b1cacdce34783bcf0f43396350fc7a267967a3,
5,135,whole,order1,13369344,,11896960.07321593,,,,,c4a0de46de3acd6306594aec36b1cacdce34783bcf0f43396350fc7a267967a3,
5,135,whole,zeros,13369344,,,,,,,c4a0de46de3acd6306594aec36b1cacdce34783bcf0f43396350fc7a267967a3,"{""zero_frac"": 0.004177093505859375, ""longest_zero_run"": 3, ""distinct_bytes"": 256}"
5,135,whole,lz4_hc,13369344,12728869,,8593.920200000866,8.684200000061537,True,,c4a0de46de3acd6306594aec36b1cacdce34783bcf0f43396350fc7a267967a3,
5,135,whole,zstd_10,13369344,12252953,,155.790299999353,32.54159999960393,True,,c4a0de46de3acd6306594aec36b1cacdce34783bcf0f43396350fc7a267967a3,
13,125,w1w,lz4_fast,4194304,4194339,,2.6022000001830747,2.818200000547222,True,,fdaa69c675b1946a082b332cace92dc6314e3d0e7730fa341e499a0e1a4b3018,
13,125,w1w,zstd_1,4194304,4040327,,13.798999998471118,10.752700000011828,True,,fdaa69c675b1946a082b332cace92dc6314e3d0e7730fa341e499a0e1a4b3018,
13,125,w1w,zstd_3,4194304,4055777,,25.48709999973653,10.784500000227126,True,,fdaa69c675b1946a082b332cace92dc6314e3d0e7730fa341e499a0e1a4b3018,
13,125,w1w,nib_split_zstd3,4194304,4364879,,198.4790000005887,34.06639999957406,True,,fdaa69c675b1946a082b332cace92dc6314e3d0e7730fa341e499a0e1a4b3018,
13,125,w1w,order0,4194304,,4017531.3651015973,,,,,fdaa69c675b1946a082b332cace92dc6314e3d0e7730fa341e499a0e1a4b3018,
13,125,w1w,order1,4194304,,3926617.7116310475,,,,,fdaa69c675b1946a082b332cace92dc6314e3d0e7730fa341e499a0e1a4b3018,
13,125,w1w,zeros,4194304,,,,,,,fdaa69c675b1946a082b332cace92dc6314e3d0e7730fa341e499a0e1a4b3018,"{""zero_frac"": 0.004492998123168945, ""longest_zero_run"": 2, ""distinct_bytes"": 256}"
13,125,w1w,lz4_hc,4194304,4194327,,278.599999999642,2.867600000172388,True,,fdaa69c675b1946a082b332cace92dc6314e3d0e7730fa341e499a0e1a4b3018,
13,125,w1w,zstd_10,4194304,4040374,,20.754999999553547,10.700900000301772,True,,fdaa69c675b1946a082b332cace92dc6314e3d0e7730fa341e499a0e1a4b3018,
13,125,w1w,rans,4194304,4017534,,47.83739999948011,,True,,fdaa69c675b1946a082b332cace92dc6314e3d0e7730fa341e499a0e1a4b3018,model-excluded; decode ~ encode speed class
13,125,w3w,lz4_fast,4194304,4194339,,2.8395999997883337,2.696200001082616,True,,b7860eda6121e111a682ea7a97ed0269b2b0b1d78bc63b79162f27f52399485e,
13,125,w3w,zstd_1,4194304,4042544,,13.743299999987357,9.180899998682435,True,,b7860eda6121e111a682ea7a97ed0269b2b0b1d78bc63b79162f27f52399485e,
13,125,w3w,zstd_3,4194304,4058412,,20.472799998970004,11.56000000082713,True,,b7860eda6121e111a682ea7a97ed0269b2b0b1d78bc63b79162f27f52399485e,
13,125,w3w,nib_split_zstd3,4194304,4365191,,200.7608000003529,36.69839999929536,True,,b7860eda6121e111a682ea7a97ed0269b2b0b1d78bc63b79162f27f52399485e,
13,125,w3w,order0,4194304,,4020139.269594739,,,,,b7860eda6121e111a682ea7a97ed0269b2b0b1d78bc63b79162f27f52399485e,
13,125,w3w,order1,4194304,,3929406.872671799,,,,,b7860eda6121e111a682ea7a97ed0269b2b0b1d78bc63b79162f27f52399485e,
13,125,w3w,zeros,4194304,,,,,,,b7860eda6121e111a682ea7a97ed0269b2b0b1d78bc63b79162f27f52399485e,"{""zero_frac"": 0.004382610321044922, ""longest_zero_run"": 2, ""distinct_bytes"": 256}"
13,125,w3w,lz4_hc,4194304,4194327,,254.25220000033733,2.706900000703172,True,,b7860eda6121e111a682ea7a97ed0269b2b0b1d78bc63b79162f27f52399485e,
13,125,w3w,zstd_10,4194304,4042543,,24.10319999944477,10.912300000200048,True,,b7860eda6121e111a682ea7a97ed0269b2b0b1d78bc63b79162f27f52399485e,
13,125,w3w,rans,4194304,4020141,,51.36470000070403,,True,,b7860eda6121e111a682ea7a97ed0269b2b0b1d78bc63b79162f27f52399485e,model-excluded; decode ~ encode speed class
13,125,w2w,lz4_fast,4194304,4194339,,3.662099999928614,2.499099999113241,True,,43aa9a2dc70e205640d786c96a05a0ebdae12bb41011d41d6355290ece1e83a8,
13,125,w2w,zstd_1,4194304,4041485,,14.270600000600098,11.759200000597048,True,,43aa9a2dc70e205640d786c96a05a0ebdae12bb41011d41d6355290ece1e83a8,
13,125,w2w,zstd_3,4194304,4058594,,24.084900000161724,11.610300000029383,True,,43aa9a2dc70e205640d786c96a05a0ebdae12bb41011d41d6355290ece1e83a8,
13,125,w2w,nib_split_zstd3,4194304,4365448,,186.16640000072948,32.1724000004906,True,,43aa9a2dc70e205640d786c96a05a0ebdae12bb41011d41d6355290ece1e83a8,
13,125,w2w,order0,4194304,,4019121.0813421346,,,,,43aa9a2dc70e205640d786c96a05a0ebdae12bb41011d41d6355290ece1e83a8,
13,125,w2w,order1,4194304,,3924828.6803716193,,,,,43aa9a2dc70e205640d786c96a05a0ebdae12bb41011d41d6355290ece1e83a8,
13,125,w2w,zeros,4194304,,,,,,,43aa9a2dc70e205640d786c96a05a0ebdae12bb41011d41d6355290ece1e83a8,"{""zero_frac"": 0.004442453384399414, ""longest_zero_run"": 2, ""distinct_bytes"": 256}"
13,125,w2w,lz4_hc,4194304,4194327,,265.93959999991057,2.8398000013112323,True,,43aa9a2dc70e205640d786c96a05a0ebdae12bb41011d41d6355290ece1e83a8,
13,125,w2w,zstd_10,4194304,4041484,,25.416000000404892,10.589400000753812,True,,43aa9a2dc70e205640d786c96a05a0ebdae12bb41011d41d6355290ece1e83a8,
13,125,w2w,rans,4194304,4019124,,49.85649999980524,,True,,43aa9a2dc70e205640d786c96a05a0ebdae12bb41011d41d6355290ece1e83a8,model-excluded; decode ~ encode speed class
13,125,w1s,lz4_fast,262144,128793,,0.8175000002665911,0.6290000001172302,True,,c7aa38a8744bc4b17838baed2e5b5858472b4dc4dac7bd3c4d9eedac94b3a0c9,
13,125,w1s,zstd_1,262144,51633,,2.8827000005549053,1.638400000956608,True,,c7aa38a8744bc4b17838baed2e5b5858472b4dc4dac7bd3c4d9eedac94b3a0c9,
13,125,w1s,zstd_3,262144,49463,,1.6917000011744676,0.8015999992494471,True,,c7aa38a8744bc4b17838baed2e5b5858472b4dc4dac7bd3c4d9eedac94b3a0c9,
13,125,w1s,nib_split_zstd3,262144,49463,,1.6830999993544538,0.7362999986071372,True,,c7aa38a8744bc4b17838baed2e5b5858472b4dc4dac7bd3c4d9eedac94b3a0c9,
13,125,w1s,order0,262144,,32935.523314883496,,,,,c7aa38a8744bc4b17838baed2e5b5858472b4dc4dac7bd3c4d9eedac94b3a0c9,
13,125,w1s,order1,262144,,32836.786946929235,,,,,c7aa38a8744bc4b17838baed2e5b5858472b4dc4dac7bd3c4d9eedac94b3a0c9,
13,125,w1s,zeros,262144,,,,,,,c7aa38a8744bc4b17838baed2e5b5858472b4dc4dac7bd3c4d9eedac94b3a0c9,"{""zero_frac"": 0.0, ""longest_zero_run"": 0, ""distinct_bytes"": 4}"
13,125,w1s,lz4_hc,262144,49262,,2405.842099999063,0.225499999942258,True,,c7aa38a8744bc4b17838baed2e5b5858472b4dc4dac7bd3c4d9eedac94b3a0c9,
13,125,w1s,zstd_10,262144,43542,,50.96650000086811,0.6654000007983996,True,,c7aa38a8744bc4b17838baed2e5b5858472b4dc4dac7bd3c4d9eedac94b3a0c9,
13,125,w1s,rans,262144,32939,,2.619599999889033,,True,,c7aa38a8744bc4b17838baed2e5b5858472b4dc4dac7bd3c4d9eedac94b3a0c9,model-excluded; decode ~ encode speed class
13,125,w3s,lz4_fast,262144,129662,,0.7544999989477219,0.473000000056345,True,,56e99c401413803bbbdedd27a4e8150c5c82e5b1c7b89ef42457458475301559,
13,125,w3s,zstd_1,262144,51626,,1.7255000002478482,1.1383000000932952,True,,56e99c401413803bbbdedd27a4e8150c5c82e5b1c7b89ef42457458475301559,
13,125,w3s,zstd_3,262144,49535,,1.64039999981469,0.8536000004824018,True,,56e99c401413803bbbdedd27a4e8150c5c82e5b1c7b89ef42457458475301559,
13,125,w3s,nib_split_zstd3,262144,49564,,1.9840000004478497,0.8118999994621845,True,,56e99c401413803bbbdedd27a4e8150c5c82e5b1c7b89ef42457458475301559,
13,125,w3s,order0,262144,,32756.377889884614,,,,,56e99c401413803bbbdedd27a4e8150c5c82e5b1c7b89ef42457458475301559,
13,125,w3s,order1,262144,,32723.79372351301,,,,,56e99c401413803bbbdedd27a4e8150c5c82e5b1c7b89ef42457458475301559,
13,125,w3s,zeros,262144,,,,,,,56e99c401413803bbbdedd27a4e8150c5c82e5b1c7b89ef42457458475301559,"{""zero_frac"": 0.0, ""longest_zero_run"": 0, ""distinct_bytes"": 4}"
13,125,w3s,lz4_hc,262144,49385,,2384.6479000003455,0.2522000013414072,True,,56e99c401413803bbbdedd27a4e8150c5c82e5b1c7b89ef42457458475301559,
13,125,w3s,zstd_10,262144,43546,,47.18549999961397,1.0392999993200647,True,,56e99c401413803bbbdedd27a4e8150c5c82e5b1c7b89ef42457458475301559,
13,125,w3s,rans,262144,32760,,3.0406000005314127,,True,,56e99c401413803bbbdedd27a4e8150c5c82e5b1c7b89ef42457458475301559,model-excluded; decode ~ encode speed class
13,125,w2s,lz4_fast,262144,131047,,0.8558000008633826,0.6399000012606848,True,,bd1b250b311851a79ade276e36a7b733274fb4d6f87b87fa353e94c358dae806,
13,125,w2s,zstd_1,262144,51564,,2.664800000275136,1.520299998446717,True,,bd1b250b311851a79ade276e36a7b733274fb4d6f87b87fa353e94c358dae806,
13,125,w2s,zstd_3,262144,49443,,2.4795000008452917,1.2004000000160886,True,,bd1b250b311851a79ade276e36a7b733274fb4d6f87b87fa353e94c358dae806,
13,125,w2s,nib_split_zstd3,262144,49507,,2.5270999994972954,1.1632000023382716,True,,bd1b250b311851a79ade276e36a7b733274fb4d6f87b87fa353e94c358dae806,
13,125,w2s,order0,262144,,32907.380717150816,,,,,bd1b250b311851a79ade276e36a7b733274fb4d6f87b87fa353e94c358dae806,
13,125,w2s,order1,262144,,32907.01478725296,,,,,bd1b250b311851a79ade276e36a7b733274fb4d6f87b87fa353e94c358dae806,
13,125,w2s,zeros,262144,,,,,,,bd1b250b311851a79ade276e36a7b733274fb4d6f87b87fa353e94c358dae806,"{""zero_frac"": 0.0, ""longest_zero_run"": 0, ""distinct_bytes"": 4}"
13,125,w2s,lz4_hc,262144,49634,,2378.1673000012233,0.37039999915577937,True,,bd1b250b311851a79ade276e36a7b733274fb4d6f87b87fa353e94c358dae806,
13,125,w2s,zstd_10,262144,43613,,52.12599999867962,1.031500001772656,True,,bd1b250b311851a79ade276e36a7b733274fb4d6f87b87fa353e94c358dae806,
13,125,w2s,rans,262144,32911,,3.0267000001913402,,True,,bd1b250b311851a79ade276e36a7b733274fb4d6f87b87fa353e94c358dae806,model-excluded; decode ~ encode speed class
13,125,whole,lz4_fast,13369344,12972602,,19.056900000578025,10.798799999975017,True,,6528c989a41fadabe4b3faf1b5959481cd61cff940a884f0d4a2f56aec895479,
13,125,whole,zstd_1,13369344,12275576,,47.580200000084005,39.632400001210044,True,,6528c989a41fadabe4b3faf1b5959481cd61cff940a884f0d4a2f56aec895479,
13,125,whole,zstd_3,13369344,12323480,,95.89379999852099,40.17089999979362,True,,6528c989a41fadabe4b3faf1b5959481cd61cff940a884f0d4a2f56aec895479,
13,125,whole,nib_split_zstd3,13369344,13256822,,605.3515000003244,118.80190000010771,True,,6528c989a41fadabe4b3faf1b5959481cd61cff940a884f0d4a2f56aec895479,
13,125,whole,order0,13369344,,12681429.926011918,,,,,6528c989a41fadabe4b3faf1b5959481cd61cff940a884f0d4a2f56aec895479,
13,125,whole,order1,13369344,,11904855.211590998,,,,,6528c989a41fadabe4b3faf1b5959481cd61cff940a884f0d4a2f56aec895479,
13,125,whole,zeros,13369344,,,,,,,6528c989a41fadabe4b3faf1b5959481cd61cff940a884f0d4a2f56aec895479,"{""zero_frac"": 0.004178215475643382, ""longest_zero_run"": 2, ""distinct_bytes"": 256}"
13,125,whole,lz4_hc,13369344,12728838,,8658.375800001522,7.556999998996616,True,,6528c989a41fadabe4b3faf1b5959481cd61cff940a884f0d4a2f56aec895479,
13,125,whole,zstd_10,13369344,12254192,,161.3474000005226,37.490999999135965,True,,6528c989a41fadabe4b3faf1b5959481cd61cff940a884f0d4a2f56aec895479,
21,153,w1w,lz4_fast,4194304,4194339,,3.3772000006138114,2.7675000001181616,True,,6c9bef953ec0ad7e3a34169de6a65113b1b66fc91104f30eadcc8ada7de51010,
21,153,w1w,zstd_1,4194304,4041890,,13.164899999537738,11.40309999937017,True,,6c9bef953ec0ad7e3a34169de6a65113b1b66fc91104f30eadcc8ada7de51010,
21,153,w1w,zstd_3,4194304,4051177,,26.0987000001478,11.149599999043858,True,,6c9bef953ec0ad7e3a34169de6a65113b1b66fc91104f30eadcc8ada7de51010,
21,153,w1w,nib_split_zstd3,4194304,4363592,,219.4523999987723,36.94600000198989,True,,6c9bef953ec0ad7e3a34169de6a65113b1b66fc91104f30eadcc8ada7de51010,
21,153,w1w,order0,4194304,,4020491.036890644,,,,,6c9bef953ec0ad7e3a34169de6a65113b1b66fc91104f30eadcc8ada7de51010,
21,153,w1w,order1,4194304,,3939429.5811015517,,,,,6c9bef953ec0ad7e3a34169de6a65113b1b66fc91104f30eadcc8ada7de51010,
21,153,w1w,zeros,4194304,,,,,,,6c9bef953ec0ad7e3a34169de6a65113b1b66fc91104f30eadcc8ada7de51010,"{""zero_frac"": 0.0044100284576416016, ""longest_zero_run"": 2, ""distinct_bytes"": 256}"
21,153,w1w,lz4_hc,4194304,4194327,,254.58500000058848,2.1307999995769933,True,,6c9bef953ec0ad7e3a34169de6a65113b1b66fc91104f30eadcc8ada7de51010,
21,153,w1w,zstd_10,4194304,4041889,,20.685600000433624,11.278299998593866,True,,6c9bef953ec0ad7e3a34169de6a65113b1b66fc91104f30eadcc8ada7de51010,
21,153,w1w,rans,4194304,4020493,,49.42980000123498,,True,,6c9bef953ec0ad7e3a34169de6a65113b1b66fc91104f30eadcc8ada7de51010,model-excluded; decode ~ encode speed class
21,153,w3w,lz4_fast,4194304,4194339,,2.73889999880339,2.28169999900274,True,,c76803b3acc7697e3a148ed604a4c7e7f0367bcd8e997ef0d04d88545e08ad4d,
21,153,w3w,zstd_1,4194304,4046973,,12.400199999319739,12.413600001309533,True,,c76803b3acc7697e3a148ed604a4c7e7f0367bcd8e997ef0d04d88545e08ad4d,
21,153,w3w,zstd_3,4194304,4051645,,23.713800001132768,9.799500001463457,True,,c76803b3acc7697e3a148ed604a4c7e7f0367bcd8e997ef0d04d88545e08ad4d,
21,153,w3w,nib_split_zstd3,4194304,4362028,,191.92169999951147,38.415299999542185,True,,c76803b3acc7697e3a148ed604a4c7e7f0367bcd8e997ef0d04d88545e08ad4d,
21,153,w3w,order0,4194304,,4025967.407541038,,,,,c76803b3acc7697e3a148ed604a4c7e7f0367bcd8e997ef0d04d88545e08ad4d,
21,153,w3w,order1,4194304,,3945865.173914439,,,,,c76803b3acc7697e3a148ed604a4c7e7f0367bcd8e997ef0d04d88545e08ad4d,
21,153,w3w,zeros,4194304,,,,,,,c76803b3acc7697e3a148ed604a4c7e7f0367bcd8e997ef0d04d88545e08ad4d,"{""zero_frac"": 0.00426030158996582, ""longest_zero_run"": 3, ""distinct_bytes"": 256}"
21,153,w3w,lz4_hc,4194304,4194327,,250.24320000011357,2.729799998633098,True,,c76803b3acc7697e3a148ed604a4c7e7f0367bcd8e997ef0d04d88545e08ad4d,
21,153,w3w,zstd_10,4194304,4046972,,24.301800000102958,10.704000000259839,True,,c76803b3acc7697e3a148ed604a4c7e7f0367bcd8e997ef0d04d88545e08ad4d,
21,153,w3w,rans,4194304,4025969,,51.07680000037362,,True,,c76803b3acc7697e3a148ed604a4c7e7f0367bcd8e997ef0d04d88545e08ad4d,model-excluded; decode ~ encode speed class
21,153,w2w,lz4_fast,4194304,4194339,,2.9201000015746104,2.3171000011643628,True,,be39d9618e0f55310a399797cce23f49190e79d380682df0cfd9e320eb13d2d3,
21,153,w2w,zstd_1,4194304,4047954,,12.28359999913664,10.298699999111705,True,,be39d9618e0f55310a399797cce23f49190e79d380682df0cfd9e320eb13d2d3,
21,153,w2w,zstd_3,4194304,4052820,,25.869600000078208,9.69509999958973,True,,be39d9618e0f55310a399797cce23f49190e79d380682df0cfd9e320eb13d2d3,
21,153,w2w,nib_split_zstd3,4194304,4364142,,195.23240000125952,32.54489999744692,True,,be39d9618e0f55310a399797cce23f49190e79d380682df0cfd9e320eb13d2d3,
21,153,w2w,order0,4194304,,4026676.042635317,,,,,be39d9618e0f55310a399797cce23f49190e79d380682df0cfd9e320eb13d2d3,
21,153,w2w,order1,4194304,,3943258.7025641846,,,,,be39d9618e0f55310a399797cce23f49190e79d380682df0cfd9e320eb13d2d3,
21,153,w2w,zeros,4194304,,,,,,,be39d9618e0f55310a399797cce23f49190e79d380682df0cfd9e320eb13d2d3,"{""zero_frac"": 0.004354238510131836, ""longest_zero_run"": 3, ""distinct_bytes"": 256}"
21,153,w2w,lz4_hc,4194304,4194327,,283.393799998521,3.246199999921373,True,,be39d9618e0f55310a399797cce23f49190e79d380682df0cfd9e320eb13d2d3,
21,153,w2w,zstd_10,4194304,4047953,,30.943899999329005,11.779699998442084,True,,be39d9618e0f55310a399797cce23f49190e79d380682df0cfd9e320eb13d2d3,
21,153,w2w,rans,4194304,4026679,,58.21229999855859,,True,,be39d9618e0f55310a399797cce23f49190e79d380682df0cfd9e320eb13d2d3,model-excluded; decode ~ encode speed class
21,153,w1s,lz4_fast,262144,124492,,0.809000001027016,0.5565000010392396,True,,2edbf51fe294b0e47a1b4933af19a4c5d66e3f91fd426975b2fe7ac8378b821b,
21,153,w1s,zstd_1,262144,51238,,1.7482000002928544,1.5471000006073155,True,,2edbf51fe294b0e47a1b4933af19a4c5d66e3f91fd426975b2fe7ac8378b821b,
21,153,w1s,zstd_3,262144,49427,,2.522000000681146,1.2079999996785773,True,,2edbf51fe294b0e47a1b4933af19a4c5d66e3f91fd426975b2fe7ac8378b821b,
21,153,w1s,nib_split_zstd3,262144,49427,,2.1047999998700107,1.1658000003080815,True,,2edbf51fe294b0e47a1b4933af19a4c5d66e3f91fd426975b2fe7ac8378b821b,
21,153,w1s,order0,262144,,33179.67464515951,,,,,2edbf51fe294b0e47a1b4933af19a4c5d66e3f91fd426975b2fe7ac8378b821b,
21,153,w1s,order1,262144,,32674.072278455555,,,,,2edbf51fe294b0e47a1b4933af19a4c5d66e3f91fd426975b2fe7ac8378b821b,
21,153,w1s,zeros,262144,,,,,,,2edbf51fe294b0e47a1b4933af19a4c5d66e3f91fd426975b2fe7ac8378b821b,"{""zero_frac"": 0.0, ""longest_zero_run"": 0, ""distinct_bytes"": 4}"
21,153,w1s,lz4_hc,262144,48383,,2445.5574000003253,0.27290000070934184,True,,2edbf51fe294b0e47a1b4933af19a4c5d66e3f91fd426975b2fe7ac8378b821b,
21,153,w1s,zstd_10,262144,43052,,44.54970000006142,0.5907000013394281,True,,2edbf51fe294b0e47a1b4933af19a4c5d66e3f91fd426975b2fe7ac8378b821b,
21,153,w1s,rans,262144,33183,,3.0256000009103445,,True,,2edbf51fe294b0e47a1b4933af19a4c5d66e3f91fd426975b2fe7ac8378b821b,model-excluded; decode ~ encode speed class
21,153,w3s,lz4_fast,262144,125799,,0.8043999987421557,0.488499999846681,True,,786cd6a3750c95665586ea50fd28af0a46fd2f8014be6d6cdea49b6073e9805c,
21,153,w3s,zstd_1,262144,51425,,1.6507999989698874,1.0596000010991702,True,,786cd6a3750c95665586ea50fd28af0a46fd2f8014be6d6cdea49b6073e9805c,
21,153,w3s,zstd_3,262144,49478,,1.432099999874481,0.7236000001284992,True,,786cd6a3750c95665586ea50fd28af0a46fd2f8014be6d6cdea49b6073e9805c,
21,153,w3s,nib_split_zstd3,262144,49497,,2.066400000330759,1.1384999997972045,True,,786cd6a3750c95665586ea50fd28af0a46fd2f8014be6d6cdea49b6073e9805c,
21,153,w3s,order0,262144,,32193.83583049845,,,,,786cd6a3750c95665586ea50fd28af0a46fd2f8014be6d6cdea49b6073e9805c,
21,153,w3s,order1,262144,,32066.221970053535,,,,,786cd6a3750c95665586ea50fd28af0a46fd2f8014be6d6cdea49b6073e9805c,
21,153,w3s,zeros,262144,,,,,,,786cd6a3750c95665586ea50fd28af0a46fd2f8014be6d6cdea49b6073e9805c,"{""zero_frac"": 0.0, ""longest_zero_run"": 0, ""distinct_bytes"": 4}"
21,153,w3s,lz4_hc,262144,48598,,2523.690300000453,0.2972999991470715,True,,786cd6a3750c95665586ea50fd28af0a46fd2f8014be6d6cdea49b6073e9805c,
21,153,w3s,zstd_10,262144,43213,,48.63939999995637,1.0610999997879844,True,,786cd6a3750c95665586ea50fd28af0a46fd2f8014be6d6cdea49b6073e9805c,
21,153,w3s,rans,262144,32198,,3.2025000000430737,,True,,786cd6a3750c95665586ea50fd28af0a46fd2f8014be6d6cdea49b6073e9805c,model-excluded; decode ~ encode speed class
21,153,w2s,lz4_fast,262144,129139,,0.8354000001418171,0.597800000832649,True,,c6a4a71a60d9ddf360ee1f130d93bf5bdf2c11d218da68d22ce95a26e617987a,
21,153,w2s,zstd_1,262144,51747,,2.779000000373344,1.4723999993293546,True,,c6a4a71a60d9ddf360ee1f130d93bf5bdf2c11d218da68d22ce95a26e617987a,
21,153,w2s,zstd_3,262144,49512,,2.1266000003379304,1.2112000003980938,True,,c6a4a71a60d9ddf360ee1f130d93bf5bdf2c11d218da68d22ce95a26e617987a,
21,153,w2s,nib_split_zstd3,262144,49637,,2.728900000875001,1.2308999994274927,True,,c6a4a71a60d9ddf360ee1f130d93bf5bdf2c11d218da68d22ce95a26e617987a,
21,153,w2s,order0,262144,,32125.534070005382,,,,,c6a4a71a60d9ddf360ee1f130d93bf5bdf2c11d218da68d22ce95a26e617987a,
21,153,w2s,order1,262144,,32090.64579011243,,,,,c6a4a71a60d9ddf360ee1f130d93bf5bdf2c11d218da68d22ce95a26e617987a,
21,153,w2s,zeros,262144,,,,,,,c6a4a71a60d9ddf360ee1f130d93bf5bdf2c11d218da68d22ce95a26e617987a,"{""zero_frac"": 0.0, ""longest_zero_run"": 0, ""distinct_bytes"": 4}"
21,153,w2s,lz4_hc,262144,48926,,2333.1634999995003,0.18599999930302147,True,,c6a4a71a60d9ddf360ee1f130d93bf5bdf2c11d218da68d22ce95a26e617987a,
21,153,w2s,zstd_10,262144,43448,,45.60239999955229,1.0171000012633158,True,,c6a4a71a60d9ddf360ee1f130d93bf5bdf2c11d218da68d22ce95a26e617987a,
21,153,w2s,rans,262144,32129,,3.1494000013481127,,True,,c6a4a71a60d9ddf360ee1f130d93bf5bdf2c11d218da68d22ce95a26e617987a,model-excluded; decode ~ encode speed class
21,153,whole,lz4_fast,13369344,12962558,,18.12210000025516,9.470700000747456,True,,2a0c2b80f4930904349859a33b22ad116e41371eb79eccc3dd4f0899204f538d,
21,153,whole,zstd_1,13369344,12288068,,46.73899999943387,38.89580000031856,True,,2a0c2b80f4930904349859a33b22ad116e41371eb79eccc3dd4f0899204f538d,
21,153,whole,zstd_3,13369344,12308326,,84.5179999996617,30.867199999192962,True,,2a0c2b80f4930904349859a33b22ad116e41371eb79eccc3dd4f0899204f538d,
21,153,whole,nib_split_zstd3,13369344,13253299,,616.0566999988077,114.23109999850567,True,,2a0c2b80f4930904349859a33b22ad116e41371eb79eccc3dd4f0899204f538d,
21,153,whole,order0,13369344,,12698047.98757566,,,,,2a0c2b80f4930904349859a33b22ad116e41371eb79eccc3dd4f0899204f538d,
21,153,whole,order1,13369344,,11951932.401419982,,,,,2a0c2b80f4930904349859a33b22ad116e41371eb79eccc3dd4f0899204f538d,
21,153,whole,zeros,13369344,,,,,,,2a0c2b80f4930904349859a33b22ad116e41371eb79eccc3dd4f0899204f538d,"{""zero_frac"": 0.004086139155369179, ""longest_zero_run"": 3, ""distinct_bytes"": 256}"
21,153,whole,lz4_hc,13369344,12726671,,8745.444700000007,8.777699998972821,True,,2a0c2b80f4930904349859a33b22ad116e41371eb79eccc3dd4f0899204f538d,
21,153,whole,zstd_10,13369344,12266481,,160.8328000002075,40.42420000041602,True,,2a0c2b80f4930904349859a33b22ad116e41371eb79eccc3dd4f0899204f538d,
29,129,w1w,lz4_fast,4194304,4194339,,3.708399999595713,3.174100000251201,True,,f30a2ae8a82581774cf1958edb0783f85e7babc02bb128bf410c314a4eca2ca3,
29,129,w1w,zstd_1,4194304,4051992,,13.928399999713292,12.217200001032325,True,,f30a2ae8a82581774cf1958edb0783f85e7babc02bb128bf410c314a4eca2ca3,
29,129,w1w,zstd_3,4194304,4056714,,28.17750000031083,11.293100000330014,True,,f30a2ae8a82581774cf1958edb0783f85e7babc02bb128bf410c314a4eca2ca3,
29,129,w1w,nib_split_zstd3,4194304,4364732,,216.50310000040918,30.312000000776607,True,,f30a2ae8a82581774cf1958edb0783f85e7babc02bb128bf410c314a4eca2ca3,
29,129,w1w,order0,4194304,,4030888.022088829,,,,,f30a2ae8a82581774cf1958edb0783f85e7babc02bb128bf410c314a4eca2ca3,
29,129,w1w,order1,4194304,,3952500.332185268,,,,,f30a2ae8a82581774cf1958edb0783f85e7babc02bb128bf410c314a4eca2ca3,
29,129,w1w,zeros,4194304,,,,,,,f30a2ae8a82581774cf1958edb0783f85e7babc02bb128bf410c314a4eca2ca3,"{""zero_frac"": 0.004180431365966797, ""longest_zero_run"": 3, ""distinct_bytes"": 256}"
29,129,w1w,lz4_hc,4194304,4194327,,254.60689999999886,2.3277999989659293,True,,f30a2ae8a82581774cf1958edb0783f85e7babc02bb128bf410c314a4eca2ca3,
29,129,w1w,zstd_10,4194304,4051991,,25.623999999879743,11.821000000054482,True,,f30a2ae8a82581774cf1958edb0783f85e7babc02bb128bf410c314a4eca2ca3,
29,129,w1w,rans,4194304,4030890,,58.53510000088136,,True,,f30a2ae8a82581774cf1958edb0783f85e7babc02bb128bf410c314a4eca2ca3,model-excluded; decode ~ encode speed class
29,129,w3w,lz4_fast,4194304,4194339,,3.7759000006190035,3.4396999999444233,True,,cca9cac56d13a2ab796395f47b40855902465cce980b118b1210191f7e5d03d2,
29,129,w3w,zstd_1,4194304,4051869,,16.076500000053784,12.97540000086883,True,,cca9cac56d13a2ab796395f47b40855902465cce980b118b1210191f7e5d03d2,
29,129,w3w,zstd_3,4194304,4056282,,25.9102999989409,11.014100000465987,True,,cca9cac56d13a2ab796395f47b40855902465cce980b118b1210191f7e5d03d2,
29,129,w3w,nib_split_zstd3,4194304,4360804,,213.62000000044645,39.99910000129603,True,,cca9cac56d13a2ab796395f47b40855902465cce980b118b1210191f7e5d03d2,
29,129,w3w,order0,4194304,,4030766.5514670573,,,,,cca9cac56d13a2ab796395f47b40855902465cce980b118b1210191f7e5d03d2,
29,129,w3w,order1,4194304,,3953328.9562265063,,,,,cca9cac56d13a2ab796395f47b40855902465cce980b118b1210191f7e5d03d2,
29,129,w3w,zeros,4194304,,,,,,,cca9cac56d13a2ab796395f47b40855902465cce980b118b1210191f7e5d03d2,"{""zero_frac"": 0.004158496856689453, ""longest_zero_run"": 2, ""distinct_bytes"": 256}"
29,129,w3w,lz4_hc,4194304,4194327,,269.047199999477,2.714899999773479,True,,cca9cac56d13a2ab796395f47b40855902465cce980b118b1210191f7e5d03d2,
29,129,w3w,zstd_10,4194304,4051868,,22.093399998993846,13.064400000075693,True,,cca9cac56d13a2ab796395f47b40855902465cce980b118b1210191f7e5d03d2,
29,129,w3w,rans,4194304,4030769,,52.57929999970656,,True,,cca9cac56d13a2ab796395f47b40855902465cce980b118b1210191f7e5d03d2,model-excluded; decode ~ encode speed class
29,129,w2w,lz4_fast,4194304,4194339,,3.2828000003064517,2.453099999911501,True,,7146e67218015d6ec3c1c2f59f2af90e36e3074c2d658f222292786e5c0942b4,
29,129,w2w,zstd_1,4194304,4052264,,12.312400000155321,12.37550000041665,True,,7146e67218015d6ec3c1c2f59f2af90e36e3074c2d658f222292786e5c0942b4,
29,129,w2w,zstd_3,4194304,4056963,,26.361399999586865,11.512600000060047,True,,7146e67218015d6ec3c1c2f59f2af90e36e3074c2d658f222292786e5c0942b4,
29,129,w2w,nib_split_zstd3,4194304,4365135,,198.85149999936402,30.122199998004362,True,,7146e67218015d6ec3c1c2f59f2af90e36e3074c2d658f222292786e5c0942b4,
29,129,w2w,order0,4194304,,4031644.0813379018,,,,,7146e67218015d6ec3c1c2f59f2af90e36e3074c2d658f222292786e5c0942b4,
29,129,w2w,order1,4194304,,3951555.9303032276,,,,,7146e67218015d6ec3c1c2f59f2af90e36e3074c2d658f222292786e5c0942b4,
29,129,w2w,zeros,4194304,,,,,,,7146e67218015d6ec3c1c2f59f2af90e36e3074c2d658f222292786e5c0942b4,"{""zero_frac"": 0.00419926643371582, ""longest_zero_run"": 2, ""distinct_bytes"": 256}"
29,129,w2w,lz4_hc,4194304,4194327,,260.30010000067705,3.4164000007876894,True,,7146e67218015d6ec3c1c2f59f2af90e36e3074c2d658f222292786e5c0942b4,
29,129,w2w,zstd_10,4194304,4052263,,26.70840000064345,11.328500000672648,True,,7146e67218015d6ec3c1c2f59f2af90e36e3074c2d658f222292786e5c0942b4,
29,129,w2w,rans,4194304,4031647,,51.88380000072357,,True,,7146e67218015d6ec3c1c2f59f2af90e36e3074c2d658f222292786e5c0942b4,model-excluded; decode ~ encode speed class
29,129,w1s,lz4_fast,262144,128382,,0.7330999997066101,0.44019999950251076,True,,bdff7d74b1031a9526565ec5e130b27f454efe8496f1582f7c001fa000cc2305,
29,129,w1s,zstd_1,262144,51575,,1.8120999993698206,1.5917000000627013,True,,bdff7d74b1031a9526565ec5e130b27f454efe8496f1582f7c001fa000cc2305,
29,129,w1s,zstd_3,262144,49418,,2.529899998990004,1.15640000149142,True,,bdff7d74b1031a9526565ec5e130b27f454efe8496f1582f7c001fa000cc2305,
29,129,w1s,nib_split_zstd3,262144,49449,,2.1634000004269183,1.0734000006777933,True,,bdff7d74b1031a9526565ec5e130b27f454efe8496f1582f7c001fa000cc2305,
29,129,w1s,order0,262144,,31565.549545349706,,,,,bdff7d74b1031a9526565ec5e130b27f454efe8496f1582f7c001fa000cc2305,
29,129,w1s,order1,262144,,31565.156472258128,,,,,bdff7d74b1031a9526565ec5e130b27f454efe8496f1582f7c001fa000cc2305,
29,129,w1s,zeros,262144,,,,,,,bdff7d74b1031a9526565ec5e130b27f454efe8496f1582f7c001fa000cc2305,"{""zero_frac"": 0.0, ""longest_zero_run"": 0, ""distinct_bytes"": 4}"
29,129,w1s,lz4_hc,262144,48432,,2318.8733999995748,0.23920000057842117,True,,bdff7d74b1031a9526565ec5e130b27f454efe8496f1582f7c001fa000cc2305,
29,129,w1s,zstd_10,262144,43101,,44.61730000002717,0.6200000007083872,True,,bdff7d74b1031a9526565ec5e130b27f454efe8496f1582f7c001fa000cc2305,
29,129,w1s,rans,262144,31569,,2.510000000256696,,True,,bdff7d74b1031a9526565ec5e130b27f454efe8496f1582f7c001fa000cc2305,model-excluded; decode ~ encode speed class
29,129,w3s,lz4_fast,262144,127832,,0.7292999998753658,0.430199999755132,True,,d55deb85d1e81e7260a920c373628a03529d7bac32efdef0afe94eb85de68a2f,
29,129,w3s,zstd_1,262144,51446,,1.790199999959441,1.6104999995150138,True,,d55deb85d1e81e7260a920c373628a03529d7bac32efdef0afe94eb85de68a2f,
29,129,w3s,zstd_3,262144,49417,,2.5935000012395903,1.1873000003106426,True,,d55deb85d1e81e7260a920c373628a03529d7bac32efdef0afe94eb85de68a2f,
29,129,w3s,nib_split_zstd3,262144,49397,,2.3939000002428656,1.2462999984563794,True,,d55deb85d1e81e7260a920c373628a03529d7bac32efdef0afe94eb85de68a2f,
29,129,w3s,order0,262144,,31410.075130996218,,,,,d55deb85d1e81e7260a920c373628a03529d7bac32efdef0afe94eb85de68a2f,
29,129,w3s,order1,262144,,31409.475249423293,,,,,d55deb85d1e81e7260a920c373628a03529d7bac32efdef0afe94eb85de68a2f,
29,129,w3s,zeros,262144,,,,,,,d55deb85d1e81e7260a920c373628a03529d7bac32efdef0afe94eb85de68a2f,"{""zero_frac"": 0.0, ""longest_zero_run"": 0, ""distinct_bytes"": 4}"
29,129,w3s,lz4_hc,262144,48311,,2305.350200000248,0.2542000001994893,True,,d55deb85d1e81e7260a920c373628a03529d7bac32efdef0afe94eb85de68a2f,
29,129,w3s,zstd_10,262144,43023,,46.48349999843049,0.5861999998160172,True,,d55deb85d1e81e7260a920c373628a03529d7bac32efdef0afe94eb85de68a2f,
29,129,w3s,rans,262144,31414,,2.50429999869084,,True,,d55deb85d1e81e7260a920c373628a03529d7bac32efdef0afe94eb85de68a2f,model-excluded; decode ~ encode speed class
29,129,w2s,lz4_fast,262144,129660,,0.8535999986634124,0.5143999987922143,True,,57fdbf75ad216956ccbe298a5f4e0ca84486a92ac717bf14fd819f012b95d812,
29,129,w2s,zstd_1,262144,51519,,2.577400000518537,1.677299998846138,True,,57fdbf75ad216956ccbe298a5f4e0ca84486a92ac717bf14fd819f012b95d812,
29,129,w2s,zstd_3,262144,49467,,2.6001999995060032,1.0718000012275297,True,,57fdbf75ad216956ccbe298a5f4e0ca84486a92ac717bf14fd819f012b95d812,
29,129,w2s,nib_split_zstd3,262144,49510,,2.7098999998997897,0.811500000054366,True,,57fdbf75ad216956ccbe298a5f4e0ca84486a92ac717bf14fd819f012b95d812,
29,129,w2s,order0,262144,,32175.304568461426,,,,,57fdbf75ad216956ccbe298a5f4e0ca84486a92ac717bf14fd819f012b95d812,
29,129,w2s,order1,262144,,32174.06489830064,,,,,57fdbf75ad216956ccbe298a5f4e0ca84486a92ac717bf14fd819f012b95d812,
29,129,w2s,zeros,262144,,,,,,,57fdbf75ad216956ccbe298a5f4e0ca84486a92ac717bf14fd819f012b95d812,"{""zero_frac"": 0.0, ""longest_zero_run"": 0, ""distinct_bytes"": 4}"
29,129,w2s,lz4_hc,262144,48940,,2402.9098999999405,0.20930000027874485,True,,57fdbf75ad216956ccbe298a5f4e0ca84486a92ac717bf14fd819f012b95d812,
29,129,w2s,zstd_10,262144,43457,,50.05969999911031,0.9630000004108297,True,,57fdbf75ad216956ccbe298a5f4e0ca84486a92ac717bf14fd819f012b95d812,
29,129,w2s,rans,262144,32179,,3.0166000015015015,,True,,57fdbf75ad216956ccbe298a5f4e0ca84486a92ac717bf14fd819f012b95d812,model-excluded; decode ~ encode speed class
29,129,whole,lz4_fast,13369344,12968696,,16.88319999993837,10.31429999966349,True,,3014843c88f1f79d4fa450d5a0ff5d8ce82d2ab5b1f229e4e74b3d865a71a242,
29,129,whole,zstd_1,13369344,12307734,,52.600900000470574,41.674599999169004,True,,3014843c88f1f79d4fa450d5a0ff5d8ce82d2ab5b1f229e4e74b3d865a71a242,
29,129,whole,zstd_3,13369344,12319612,,86.29800000016985,37.11680000014894,True,,3014843c88f1f79d4fa450d5a0ff5d8ce82d2ab5b1f229e4e74b3d865a71a242,
29,129,whole,nib_split_zstd3,13369344,13255030,,618.4434999977384,116.50530000042636,True,,3014843c88f1f79d4fa450d5a0ff5d8ce82d2ab5b1f229e4e74b3d865a71a242,
29,129,whole,order0,13369344,,12715411.932482142,,,,,3014843c88f1f79d4fa450d5a0ff5d8ce82d2ab5b1f229e4e74b3d865a71a242,
29,129,whole,order1,13369344,,11977470.184636021,,,,,3014843c88f1f79d4fa450d5a0ff5d8ce82d2ab5b1f229e4e74b3d865a71a242,
29,129,whole,zeros,13369344,,,,,,,3014843c88f1f79d4fa450d5a0ff5d8ce82d2ab5b1f229e4e74b3d865a71a242,"{""zero_frac"": 0.003933551264744179, ""longest_zero_run"": 3, ""distinct_bytes"": 256}"
29,129,whole,lz4_hc,13369344,12726462,,8620.875599999636,8.80200000028708,True,,3014843c88f1f79d4fa450d5a0ff5d8ce82d2ab5b1f229e4e74b3d865a71a242,
29,129,whole,zstd_10,13369344,12286033,,165.91239999979734,39.532900000267546,True,,3014843c88f1f79d4fa450d5a0ff5d8ce82d2ab5b1f229e4e74b3d865a71a242,
35,118,w1w,lz4_fast,4194304,4194339,,2.976600000692997,2.561799999966752,True,,b11cd0ee121eb36d1975bb63b36b3b032f1788d7be079481f11b39c0c8ad7829,
35,118,w1w,zstd_1,4194304,4052900,,12.001299999610637,11.258500000622007,True,,b11cd0ee121eb36d1975bb63b36b3b032f1788d7be079481f11b39c0c8ad7829,
35,118,w1w,zstd_3,4194304,4057917,,27.82419999857666,10.234699999273289,True,,b11cd0ee121eb36d1975bb63b36b3b032f1788d7be079481f11b39c0c8ad7829,
35,118,w1w,nib_split_zstd3,4194304,4361330,,214.60929999739164,35.947400001532515,True,,b11cd0ee121eb36d1975bb63b36b3b032f1788d7be079481f11b39c0c8ad7829,
35,118,w1w,order0,4194304,,4032038.781740836,,,,,b11cd0ee121eb36d1975bb63b36b3b032f1788d7be079481f11b39c0c8ad7829,
35,118,w1w,order1,4194304,,3954358.298794385,,,,,b11cd0ee121eb36d1975bb63b36b3b032f1788d7be079481f11b39c0c8ad7829,
35,118,w1w,zeros,4194304,,,,,,,b11cd0ee121eb36d1975bb63b36b3b032f1788d7be079481f11b39c0c8ad7829,"{""zero_frac"": 0.004194974899291992, ""longest_zero_run"": 3, ""distinct_bytes"": 256}"
35,118,w1w,lz4_hc,4194304,4194327,,271.9538000001194,2.934399999503512,True,,b11cd0ee121eb36d1975bb63b36b3b032f1788d7be079481f11b39c0c8ad7829,
35,118,w1w,zstd_10,4194304,4052899,,26.771000000735512,12.074000000211527,True,,b11cd0ee121eb36d1975bb63b36b3b032f1788d7be079481f11b39c0c8ad7829,
35,118,w1w,rans,4194304,4032040,,50.69960000037099,,True,,b11cd0ee121eb36d1975bb63b36b3b032f1788d7be079481f11b39c0c8ad7829,model-excluded; decode ~ encode speed class
35,118,w3w,lz4_fast,4194304,4194339,,3.297499999462161,2.5748999996721977,True,,c1837a56ea04f775e2097f7b3237c215a05f7482cdb0d11f354d24a4c5855b6f,
35,118,w3w,zstd_1,4194304,4051449,,12.743900000714348,11.981899999227608,True,,c1837a56ea04f775e2097f7b3237c215a05f7482cdb0d11f354d24a4c5855b6f,
35,118,w3w,zstd_3,4194304,4056620,,31.652100000428618,10.185099999944214,True,,c1837a56ea04f775e2097f7b3237c215a05f7482cdb0d11f354d24a4c5855b6f,
35,118,w3w,nib_split_zstd3,4194304,4363788,,207.01350000126695,36.356199998408556,True,,c1837a56ea04f775e2097f7b3237c215a05f7482cdb0d11f354d24a4c5855b6f,
35,118,w3w,order0,4194304,,4030437.091819443,,,,,c1837a56ea04f775e2097f7b3237c215a05f7482cdb0d11f354d24a4c5855b6f,
35,118,w3w,order1,4194304,,3957205.0931890793,,,,,c1837a56ea04f775e2097f7b3237c215a05f7482cdb0d11f354d24a4c5855b6f,
35,118,w3w,zeros,4194304,,,,,,,c1837a56ea04f775e2097f7b3237c215a05f7482cdb0d11f354d24a4c5855b6f,"{""zero_frac"": 0.004103660583496094, ""longest_zero_run"": 2, ""distinct_bytes"": 256}"
35,118,w3w,lz4_hc,4194304,4194327,,270.0479999984964,2.769599999737693,True,,c1837a56ea04f775e2097f7b3237c215a05f7482cdb0d11f354d24a4c5855b6f,
35,118,w3w,zstd_10,4194304,4051448,,25.011100000483566,12.375999998766929,True,,c1837a56ea04f775e2097f7b3237c215a05f7482cdb0d11f354d24a4c5855b6f,
35,118,w3w,rans,4194304,4030439,,49.46360000030836,,True,,c1837a56ea04f775e2097f7b3237c215a05f7482cdb0d11f354d24a4c5855b6f,model-excluded; decode ~ encode speed class
35,118,w2w,lz4_fast,4194304,4194339,,2.932100000180071,2.9477999996743165,True,,f8334605d4307896b6b331cf0464141b0a70ca5b57c7faa14b951309e066c0a8,
35,118,w2w,zstd_1,4194304,4051215,,15.149400000154856,11.434000000008382,True,,f8334605d4307896b6b331cf0464141b0a70ca5b57c7faa14b951309e066c0a8,
35,118,w2w,zstd_3,4194304,4056109,,26.808799999344046,10.692300000300747,True,,f8334605d4307896b6b331cf0464141b0a70ca5b57c7faa14b951309e066c0a8,
35,118,w2w,nib_split_zstd3,4194304,4365089,,196.51609999891662,35.26330000204325,True,,f8334605d4307896b6b331cf0464141b0a70ca5b57c7faa14b951309e066c0a8,
35,118,w2w,order0,4194304,,4030496.684295854,,,,,f8334605d4307896b6b331cf0464141b0a70ca5b57c7faa14b951309e066c0a8,
35,118,w2w,order1,4194304,,3949374.2153693037,,,,,f8334605d4307896b6b331cf0464141b0a70ca5b57c7faa14b951309e066c0a8,
35,118,w2w,zeros,4194304,,,,,,,f8334605d4307896b6b331cf0464141b0a70ca5b57c7faa14b951309e066c0a8,"{""zero_frac"": 0.004224300384521484, ""longest_zero_run"": 3, ""distinct_bytes"": 256}"
35,118,w2w,lz4_hc,4194304,4194327,,255.87889999951585,2.5650000006862683,True,,f8334605d4307896b6b331cf0464141b0a70ca5b57c7faa14b951309e066c0a8,
35,118,w2w,zstd_10,4194304,4051214,,24.106999999276013,12.21849999819824,True,,f8334605d4307896b6b331cf0464141b0a70ca5b57c7faa14b951309e066c0a8,
35,118,w2w,rans,4194304,4030499,,50.14929999924789,,True,,f8334605d4307896b6b331cf0464141b0a70ca5b57c7faa14b951309e066c0a8,model-excluded; decode ~ encode speed class
35,118,w1s,lz4_fast,262144,128842,,0.7581000008940464,0.6076999998185784,True,,fe00fc35bc3e0707430d0f7d0ec8a5d0342c94ade65b5a156ffc0b70541f9bb6,
35,118,w1s,zstd_1,262144,51646,,2.9388000002654735,1.5650000004825415,True,,fe00fc35bc3e0707430d0f7d0ec8a5d0342c94ade65b5a156ffc0b70541f9bb6,
35,118,w1s,zstd_3,262144,49601,,2.5195999987772666,1.1670000003505265,True,,fe00fc35bc3e0707430d0f7d0ec8a5d0342c94ade65b5a156ffc0b70541f9bb6,
35,118,w1s,nib_split_zstd3,262144,49540,,2.301200000147219,0.7460000015271362,True,,fe00fc35bc3e0707430d0f7d0ec8a5d0342c94ade65b5a156ffc0b70541f9bb6,
35,118,w1s,order0,262144,,31923.12833294395,,,,,fe00fc35bc3e0707430d0f7d0ec8a5d0342c94ade65b5a156ffc0b70541f9bb6,
35,118,w1s,order1,262144,,31922.005467388786,,,,,fe00fc35bc3e0707430d0f7d0ec8a5d0342c94ade65b5a156ffc0b70541f9bb6,
35,118,w1s,zeros,262144,,,,,,,fe00fc35bc3e0707430d0f7d0ec8a5d0342c94ade65b5a156ffc0b70541f9bb6,"{""zero_frac"": 0.0, ""longest_zero_run"": 0, ""distinct_bytes"": 4}"
35,118,w1s,lz4_hc,262144,48815,,2336.8429000001925,0.45060000047669746,True,,fe00fc35bc3e0707430d0f7d0ec8a5d0342c94ade65b5a156ffc0b70541f9bb6,
35,118,w1s,zstd_10,262144,43448,,45.21279999971739,0.9074999998119893,True,,fe00fc35bc3e0707430d0f7d0ec8a5d0342c94ade65b5a156ffc0b70541f9bb6,
35,118,w1s,rans,262144,31927,,3.1261999993148493,,True,,fe00fc35bc3e0707430d0f7d0ec8a5d0342c94ade65b5a156ffc0b70541f9bb6,model-excluded; decode ~ encode speed class
35,118,w3s,lz4_fast,262144,125567,,0.8003000002645422,0.588400000196998,True,,90e7af65ccf1236bfc4192ca7270988b121779f6832f2c2c18ca5f095633eecb,
35,118,w3s,zstd_1,262144,51241,,2.781699999104603,1.5473000003112247,True,,90e7af65ccf1236bfc4192ca7270988b121779f6832f2c2c18ca5f095633eecb,
35,118,w3s,zstd_3,262144,49144,,2.3350999999820488,0.8001999995030928,True,,90e7af65ccf1236bfc4192ca7270988b121779f6832f2c2c18ca5f095633eecb,
35,118,w3s,nib_split_zstd3,262144,49212,,2.40019999910146,1.0182999994867714,True,,90e7af65ccf1236bfc4192ca7270988b121779f6832f2c2c18ca5f095633eecb,
35,118,w3s,order0,262144,,30392.552523871975,,,,,90e7af65ccf1236bfc4192ca7270988b121779f6832f2c2c18ca5f095633eecb,
35,118,w3s,order1,262144,,30392.05363242042,,,,,90e7af65ccf1236bfc4192ca7270988b121779f6832f2c2c18ca5f095633eecb,
35,118,w3s,zeros,262144,,,,,,,90e7af65ccf1236bfc4192ca7270988b121779f6832f2c2c18ca5f095633eecb,"{""zero_frac"": 0.0, ""longest_zero_run"": 0, ""distinct_bytes"": 4}"
35,118,w3s,lz4_hc,262144,47597,,2290.6106999998883,0.4208999998809304,True,,90e7af65ccf1236bfc4192ca7270988b121779f6832f2c2c18ca5f095633eecb,
35,118,w3s,zstd_10,262144,42617,,49.62060000070778,0.5142999998497544,True,,90e7af65ccf1236bfc4192ca7270988b121779f6832f2c2c18ca5f095633eecb,
35,118,w3s,rans,262144,30396,,3.0351000004884554,,True,,90e7af65ccf1236bfc4192ca7270988b121779f6832f2c2c18ca5f095633eecb,model-excluded; decode ~ encode speed class
35,118,w2s,lz4_fast,262144,130208,,0.8171000008587725,0.6024999984219903,True,,52df8139b9b761671d983b9ab54d76593b5f48e36badc63c95ade8b58cf477f8,
35,118,w2s,zstd_1,262144,51749,,2.515599999242113,1.542199999676086,True,,52df8139b9b761671d983b9ab54d76593b5f48e36badc63c95ade8b58cf477f8,
35,118,w2s,zstd_3,262144,49535,,2.584400001069298,1.2896000007458497,True,,52df8139b9b761671d983b9ab54d76593b5f48e36badc63c95ade8b58cf477f8,
35,118,w2s,nib_split_zstd3,262144,49684,,2.6894000002357643,1.2356999995972728,True,,52df8139b9b761671d983b9ab54d76593b5f48e36badc63c95ade8b58cf477f8,
35,118,w2s,order0,262144,,32549.223679795963,,,,,52df8139b9b761671d983b9ab54d76593b5f48e36badc63c95ade8b58cf477f8,
35,118,w2s,order1,262144,,32546.763850234776,,,,,52df8139b9b761671d983b9ab54d76593b5f48e36badc63c95ade8b58cf477f8,
35,118,w2s,zeros,262144,,,,,,,52df8139b9b761671d983b9ab54d76593b5f48e36badc63c95ade8b58cf477f8,"{""zero_frac"": 0.0, ""longest_zero_run"": 0, ""distinct_bytes"": 4}"
35,118,w2s,lz4_hc,262144,49340,,2384.973099999115,0.17660000048635993,True,,52df8139b9b761671d983b9ab54d76593b5f48e36badc63c95ade8b58cf477f8,
35,118,w2s,zstd_10,262144,43673,,48.33700000017416,0.8403000010730466,True,,52df8139b9b761671d983b9ab54d76593b5f48e36badc63c95ade8b58cf477f8,
35,118,w2s,rans,262144,32553,,3.092899998591747,,True,,52df8139b9b761671d983b9ab54d76593b5f48e36badc63c95ade8b58cf477f8,model-excluded; decode ~ encode speed class
35,118,whole,lz4_fast,13369344,12967255,,20.13509999960661,11.194400000022142,True,,39b814452ab4e9b887ffcb7aa819273f8b927636e3632e1766d93f265ed933ea,
35,118,whole,zstd_1,13369344,12307093,,43.578499999057385,41.01819999959844,True,,39b814452ab4e9b887ffcb7aa819273f8b927636e3632e1766d93f265ed933ea,
35,118,whole,zstd_3,13369344,12321302,,90.26909999920463,34.609600001203944,True,,39b814452ab4e9b887ffcb7aa819273f8b927636e3632e1766d93f265ed933ea,
35,118,whole,nib_split_zstd3,13369344,13250931,,632.4428000007174,101.73489999942831,True,,39b814452ab4e9b887ffcb7aa819273f8b927636e3632e1766d93f265ed933ea,
35,118,whole,order0,13369344,,12715893.149288455,,,,,39b814452ab4e9b887ffcb7aa819273f8b927636e3632e1766d93f265ed933ea,
35,118,whole,order1,13369344,,11982290.444750573,,,,,39b814452ab4e9b887ffcb7aa819273f8b927636e3632e1766d93f265ed933ea,
35,118,whole,zeros,13369344,,,,,,,39b814452ab4e9b887ffcb7aa819273f8b927636e3632e1766d93f265ed933ea,"{""zero_frac"": 0.003928764193665748, ""longest_zero_run"": 3, ""distinct_bytes"": 256}"
35,118,whole,lz4_hc,13369344,12726645,,8429.07919999925,7.903400000941474,True,,39b814452ab4e9b887ffcb7aa819273f8b927636e3632e1766d93f265ed933ea,
35,118,whole,zstd_10,13369344,12285414,,168.22080000019923,37.696700001106365,True,,39b814452ab4e9b887ffcb7aa819273f8b927636e3632e1766d93f265ed933ea,
42,124,w1w,lz4_fast,4194304,4194339,,2.7900000004592584,2.601199999844539,True,,c83e5b771bb954d34e43144816b003c507d753dfd5b4690f2d55f05ff5d113b1,
42,124,w1w,zstd_1,4194304,4037496,,12.610099998710211,12.71690000066883,True,,c83e5b771bb954d34e43144816b003c507d753dfd5b4690f2d55f05ff5d113b1,
42,124,w1w,zstd_3,4194304,4041813,,24.11289999872679,12.017999999443418,True,,c83e5b771bb954d34e43144816b003c507d753dfd5b4690f2d55f05ff5d113b1,
42,124,w1w,nib_split_zstd3,4194304,4358470,,204.71189999989292,38.139400001455215,True,,c83e5b771bb954d34e43144816b003c507d753dfd5b4690f2d55f05ff5d113b1,
42,124,w1w,order0,4194304,,4016488.7346157655,,,,,c83e5b771bb954d34e43144816b003c507d753dfd5b4690f2d55f05ff5d113b1,
42,124,w1w,order1,4194304,,3956030.991193741,,,,,c83e5b771bb954d34e43144816b003c507d753dfd5b4690f2d55f05ff5d113b1,
42,124,w1w,zeros,4194304,,,,,,,c83e5b771bb954d34e43144816b003c507d753dfd5b4690f2d55f05ff5d113b1,"{""zero_frac"": 0.00423884391784668, ""longest_zero_run"": 2, ""distinct_bytes"": 256}"
42,124,w1w,lz4_hc,4194304,4194327,,269.44670000011683,3.7623000007442897,True,,c83e5b771bb954d34e43144816b003c507d753dfd5b4690f2d55f05ff5d113b1,
42,124,w1w,zstd_10,4194304,4037495,,22.768200000427896,11.80449999992561,True,,c83e5b771bb954d34e43144816b003c507d753dfd5b4690f2d55f05ff5d113b1,
42,124,w1w,rans,4194304,4016491,,76.9639999998617,,True,,c83e5b771bb954d34e43144816b003c507d753dfd5b4690f2d55f05ff5d113b1,model-excluded; decode ~ encode speed class
42,124,w3w,lz4_fast,4194304,4194339,,4.18329999956768,3.028999999514781,True,,8213948c86d6be3a23d394c8f7f1377b90a2a8cb163761fd9fde516f16e8d540,
42,124,w3w,zstd_1,4194304,4029750,,13.707600000998355,11.452099999587517,True,,8213948c86d6be3a23d394c8f7f1377b90a2a8cb163761fd9fde516f16e8d540,
42,124,w3w,zstd_3,4194304,4033989,,24.058300001343014,10.574700001598103,True,,8213948c86d6be3a23d394c8f7f1377b90a2a8cb163761fd9fde516f16e8d540,
42,124,w3w,nib_split_zstd3,4194304,4355800,,200.77300000048126,29.770700000881334,True,,8213948c86d6be3a23d394c8f7f1377b90a2a8cb163761fd9fde516f16e8d540,
42,124,w3w,order0,4194304,,4009787.424547782,,,,,8213948c86d6be3a23d394c8f7f1377b90a2a8cb163761fd9fde516f16e8d540,
42,124,w3w,order1,4194304,,3953661.9205536917,,,,,8213948c86d6be3a23d394c8f7f1377b90a2a8cb163761fd9fde516f16e8d540,
42,124,w3w,zeros,4194304,,,,,,,8213948c86d6be3a23d394c8f7f1377b90a2a8cb163761fd9fde516f16e8d540,"{""zero_frac"": 0.004307270050048828, ""longest_zero_run"": 3, ""distinct_bytes"": 256}"
42,124,w3w,lz4_hc,4194304,4194327,,251.74309999965772,2.868900000976282,True,,8213948c86d6be3a23d394c8f7f1377b90a2a8cb163761fd9fde516f16e8d540,
42,124,w3w,zstd_10,4194304,4029749,,23.985800000446034,10.211900000285823,True,,8213948c86d6be3a23d394c8f7f1377b90a2a8cb163761fd9fde516f16e8d540,
42,124,w3w,rans,4194304,4009789,,54.00120000012976,,True,,8213948c86d6be3a23d394c8f7f1377b90a2a8cb163761fd9fde516f16e8d540,model-excluded; decode ~ encode speed class
42,124,w2w,lz4_fast,4194304,4194339,,3.1428000002051704,2.7537999994819984,True,,80cde1f35a258ccc3ebd70a02af56d18203b16bffd15f12a868352d77dd2ba75,
42,124,w2w,zstd_1,4194304,4022453,,14.437300000281539,10.855400001673843,True,,80cde1f35a258ccc3ebd70a02af56d18203b16bffd15f12a868352d77dd2ba75,
42,124,w2w,zstd_3,4194304,4026578,,24.157500000001164,10.250100000121165,True,,80cde1f35a258ccc3ebd70a02af56d18203b16bffd15f12a868352d77dd2ba75,
42,124,w2w,nib_split_zstd3,4194304,4356377,,190.99239999923157,34.63190000002214,True,,80cde1f35a258ccc3ebd70a02af56d18203b16bffd15f12a868352d77dd2ba75,
42,124,w2w,order0,4194304,,4003128.5818164544,,,,,80cde1f35a258ccc3ebd70a02af56d18203b16bffd15f12a868352d77dd2ba75,
42,124,w2w,order1,4194304,,3939599.881582304,,,,,80cde1f35a258ccc3ebd70a02af56d18203b16bffd15f12a868352d77dd2ba75,
42,124,w2w,zeros,4194304,,,,,,,80cde1f35a258ccc3ebd70a02af56d18203b16bffd15f12a868352d77dd2ba75,"{""zero_frac"": 0.005131959915161133, ""longest_zero_run"": 4, ""distinct_bytes"": 256}"
42,124,w2w,lz4_hc,4194304,4194327,,251.32459999986168,2.706699999180273,True,,80cde1f35a258ccc3ebd70a02af56d18203b16bffd15f12a868352d77dd2ba75,
42,124,w2w,zstd_10,4194304,4022452,,25.382100000570063,12.625100000150269,True,,80cde1f35a258ccc3ebd70a02af56d18203b16bffd15f12a868352d77dd2ba75,
42,124,w2w,rans,4194304,4003131,,48.56919999838283,,True,,80cde1f35a258ccc3ebd70a02af56d18203b16bffd15f12a868352d77dd2ba75,model-excluded; decode ~ encode speed class
42,124,w1s,lz4_fast,262144,104383,,0.7917000002635177,0.6548000001203036,True,,911ceecc9775fcaf899216a57f8f8d9fb8b1c86c3e7d675062c0253abbd22fa8,
42,124,w1s,zstd_1,262144,46739,,2.5224000000889646,1.4596000000892673,True,,911ceecc9775fcaf899216a57f8f8d9fb8b1c86c3e7d675062c0253abbd22fa8,
42,124,w1s,zstd_3,262144,45285,,2.0982000005460577,1.3337000000319676,True,,911ceecc9775fcaf899216a57f8f8d9fb8b1c86c3e7d675062c0253abbd22fa8,
42,124,w1s,nib_split_zstd3,262144,45403,,1.6603000003669877,1.1389000010240125,True,,911ceecc9775fcaf899216a57f8f8d9fb8b1c86c3e7d675062c0253abbd22fa8,
42,124,w1s,order0,262144,,25547.9725375864,,,,,911ceecc9775fcaf899216a57f8f8d9fb8b1c86c3e7d675062c0253abbd22fa8,
42,124,w1s,order1,262144,,25354.62735148463,,,,,911ceecc9775fcaf899216a57f8f8d9fb8b1c86c3e7d675062c0253abbd22fa8,
42,124,w1s,zeros,262144,,,,,,,911ceecc9775fcaf899216a57f8f8d9fb8b1c86c3e7d675062c0253abbd22fa8,"{""zero_frac"": 0.0, ""longest_zero_run"": 0, ""distinct_bytes"": 5}"
42,124,w1s,lz4_hc,262144,42065,,1855.9587999989162,0.3635000011854572,True,,911ceecc9775fcaf899216a57f8f8d9fb8b1c86c3e7d675062c0253abbd22fa8,
42,124,w1s,zstd_10,262144,37507,,40.11199999877135,0.9604999995644903,True,,911ceecc9775fcaf899216a57f8f8d9fb8b1c86c3e7d675062c0253abbd22fa8,
42,124,w1s,rans,262144,25552,,3.0382999993889825,,True,,911ceecc9775fcaf899216a57f8f8d9fb8b1c86c3e7d675062c0253abbd22fa8,model-excluded; decode ~ encode speed class
42,124,w3s,lz4_fast,262144,91547,,0.7485000005544862,0.588400000196998,True,,5c6e8ccfe94b09c9b1ea24bdcae12eeaf0ddc5e4b084487ba92ed5eb5f38a6d2,
42,124,w3s,zstd_1,262144,42262,,1.573199999256758,0.925199999983306,True,,5c6e8ccfe94b09c9b1ea24bdcae12eeaf0ddc5e4b084487ba92ed5eb5f38a6d2,
42,124,w3s,zstd_3,262144,41191,,1.461000001654611,0.9193999994749902,True,,5c6e8ccfe94b09c9b1ea24bdcae12eeaf0ddc5e4b084487ba92ed5eb5f38a6d2,
42,124,w3s,nib_split_zstd3,262144,41251,,1.540900000691181,0.8101000021270011,True,,5c6e8ccfe94b09c9b1ea24bdcae12eeaf0ddc5e4b084487ba92ed5eb5f38a6d2,
42,124,w3s,order0,262144,,22214.93153046769,,,,,5c6e8ccfe94b09c9b1ea24bdcae12eeaf0ddc5e4b084487ba92ed5eb5f38a6d2,
42,124,w3s,order1,262144,,21956.5498714538,,,,,5c6e8ccfe94b09c9b1ea24bdcae12eeaf0ddc5e4b084487ba92ed5eb5f38a6d2,
42,124,w3s,zeros,262144,,,,,,,5c6e8ccfe94b09c9b1ea24bdcae12eeaf0ddc5e4b084487ba92ed5eb5f38a6d2,"{""zero_frac"": 0.0, ""longest_zero_run"": 0, ""distinct_bytes"": 5}"
42,124,w3s,lz4_hc,262144,37746,,1522.5141000009899,0.4031999997096136,True,,5c6e8ccfe94b09c9b1ea24bdcae12eeaf0ddc5e4b084487ba92ed5eb5f38a6d2,
42,124,w3s,zstd_10,262144,33538,,38.410199998907046,1.1844999989989446,True,,5c6e8ccfe94b09c9b1ea24bdcae12eeaf0ddc5e4b084487ba92ed5eb5f38a6d2,
42,124,w3s,rans,262144,22219,,3.4393999994790647,,True,,5c6e8ccfe94b09c9b1ea24bdcae12eeaf0ddc5e4b084487ba92ed5eb5f38a6d2,model-excluded; decode ~ encode speed class
42,124,w2s,lz4_fast,262144,111552,,0.8541999995941296,0.7375999994110316,True,,cef59c376c32f5cfa1ad217156d2e2d1fe79db6f972822e196475df6c3615ac3,
42,124,w2s,zstd_1,262144,53076,,2.977600001031533,1.3342000002012355,True,,cef59c376c32f5cfa1ad217156d2e2d1fe79db6f972822e196475df6c3615ac3,
42,124,w2s,zstd_3,262144,51084,,2.497500001481967,1.3775999996141763,True,,cef59c376c32f5cfa1ad217156d2e2d1fe79db6f972822e196475df6c3615ac3,
42,124,w2s,nib_split_zstd3,262144,51027,,2.5849999983620364,1.2923999984195689,True,,cef59c376c32f5cfa1ad217156d2e2d1fe79db6f972822e196475df6c3615ac3,
42,124,w2s,order0,262144,,29571.847836397166,,,,,cef59c376c32f5cfa1ad217156d2e2d1fe79db6f972822e196475df6c3615ac3,
42,124,w2s,order1,262144,,29491.819951453832,,,,,cef59c376c32f5cfa1ad217156d2e2d1fe79db6f972822e196475df6c3615ac3,
42,124,w2s,zeros,262144,,,,,,,cef59c376c32f5cfa1ad217156d2e2d1fe79db6f972822e196475df6c3615ac3,"{""zero_frac"": 0.0, ""longest_zero_run"": 0, ""distinct_bytes"": 6}"
42,124,w2s,lz4_hc,262144,48215,,1372.7667999992264,0.36389999877428636,True,,cef59c376c32f5cfa1ad217156d2e2d1fe79db6f972822e196475df6c3615ac3,
42,124,w2s,zstd_10,262144,43209,,42.80479999943054,0.5844999996043043,True,,cef59c376c32f5cfa1ad217156d2e2d1fe79db6f972822e196475df6c3615ac3,
42,124,w2s,rans,262144,29575,,3.11860000147135,,True,,cef59c376c32f5cfa1ad217156d2e2d1fe79db6f972822e196475df6c3615ac3,model-excluded; decode ~ encode speed class
42,124,whole,lz4_fast,13369344,12889703,,16.144600000188802,9.366600001158076,True,,f36b5f6faec5c24f7b1cb7987f61ac0465e926d638cfeca545ba7cddfea5677a,
42,124,whole,zstd_1,13369344,12229798,,48.131600000488106,40.41670000151498,True,,f36b5f6faec5c24f7b1cb7987f61ac0465e926d638cfeca545ba7cddfea5677a,
42,124,whole,zstd_3,13369344,12243961,,82.5129000004381,36.428900000828435,True,,f36b5f6faec5c24f7b1cb7987f61ac0465e926d638cfeca545ba7cddfea5677a,
42,124,whole,nib_split_zstd3,13369344,13221845,,667.5040000009176,116.10939999809489,True,,f36b5f6faec5c24f7b1cb7987f61ac0465e926d638cfeca545ba7cddfea5677a,
42,124,whole,order0,13369344,,12635768.594225306,,,,,f36b5f6faec5c24f7b1cb7987f61ac0465e926d638cfeca545ba7cddfea5677a,
42,124,whole,order1,13369344,,11954481.995365812,,,,,f36b5f6faec5c24f7b1cb7987f61ac0465e926d638cfeca545ba7cddfea5677a,
42,124,whole,zeros,13369344,,,,,,,f36b5f6faec5c24f7b1cb7987f61ac0465e926d638cfeca545ba7cddfea5677a,"{""zero_frac"": 0.004291160433900123, ""longest_zero_run"": 4, ""distinct_bytes"": 256}"
42,124,whole,lz4_hc,13369344,12709367,,6016.898099998798,9.92480000059004,True,,f36b5f6faec5c24f7b1cb7987f61ac0465e926d638cfeca545ba7cddfea5677a,
42,124,whole,zstd_10,13369344,12204689,,145.63920000000508,38.04310000123223,True,,f36b5f6faec5c24f7b1cb7987f61ac0465e926d638cfeca545ba7cddfea5677a,
0,0,w1w,lz4_fast,4194304,4194339,,3.231299999242765,2.2267999993346166,True,,8b8124ab561c2954c4f8d590c60c5478efb7b6726035d1328d89e806988ccceb,
0,0,w1w,zstd_1,4194304,4042574,,11.67399999940244,11.603200000536162,True,,8b8124ab561c2954c4f8d590c60c5478efb7b6726035d1328d89e806988ccceb,
0,0,w1w,zstd_3,4194304,4046876,,25.505399999019573,10.997299999871757,True,,8b8124ab561c2954c4f8d590c60c5478efb7b6726035d1328d89e806988ccceb,
0,0,w1w,nib_split_zstd3,4194304,4364432,,196.92230000146083,37.90520000075048,True,,8b8124ab561c2954c4f8d590c60c5478efb7b6726035d1328d89e806988ccceb,
0,0,w1w,order0,4194304,,4020314.8403921626,,,,,8b8124ab561c2954c4f8d590c60c5478efb7b6726035d1328d89e806988ccceb,
0,0,w1w,order1,4194304,,3929840.529486749,,,,,8b8124ab561c2954c4f8d590c60c5478efb7b6726035d1328d89e806988ccceb,
0,0,w1w,zeros,4194304,,,,,,,8b8124ab561c2954c4f8d590c60c5478efb7b6726035d1328d89e806988ccceb,"{""zero_frac"": 0.0044667720794677734, ""longest_zero_run"": 2, ""distinct_bytes"": 256}"
0,0,w1w,lz4_hc,4194304,4194327,,274.9008999999205,2.717299999858369,True,,8b8124ab561c2954c4f8d590c60c5478efb7b6726035d1328d89e806988ccceb,
0,0,w1w,zstd_10,4194304,4042573,,24.377200001254096,10.396800000307849,True,,8b8124ab561c2954c4f8d590c60c5478efb7b6726035d1328d89e806988ccceb,
0,0,w1w,rans,4194304,4020317,,51.45449999872653,,True,,8b8124ab561c2954c4f8d590c60c5478efb7b6726035d1328d89e806988ccceb,model-excluded; decode ~ encode speed class
0,0,w3w,lz4_fast,4194304,4194339,,2.904699998907745,2.811199999996461,True,,9b074300e23226efb9632565279943358bb15d522275d8bd077c768c563133b9,
0,0,w3w,zstd_1,4194304,4043531,,14.099100000748876,11.97870000032708,True,,9b074300e23226efb9632565279943358bb15d522275d8bd077c768c563133b9,
0,0,w3w,zstd_3,4194304,4059958,,26.14969999922323,12.948100000357954,True,,9b074300e23226efb9632565279943358bb15d522275d8bd077c768c563133b9,
0,0,w3w,nib_split_zstd3,4194304,4363216,,206.32429999932356,39.03180000088469,True,,9b074300e23226efb9632565279943358bb15d522275d8bd077c768c563133b9,
0,0,w3w,order0,4194304,,4021273.714669764,,,,,9b074300e23226efb9632565279943358bb15d522275d8bd077c768c563133b9,
0,0,w3w,order1,4194304,,3932589.0601593344,,,,,9b074300e23226efb9632565279943358bb15d522275d8bd077c768c563133b9,
0,0,w3w,zeros,4194304,,,,,,,9b074300e23226efb9632565279943358bb15d522275d8bd077c768c563133b9,"{""zero_frac"": 0.004404783248901367, ""longest_zero_run"": 3, ""distinct_bytes"": 256}"
0,0,w3w,lz4_hc,4194304,4194327,,263.17050000034214,2.814100000250619,True,,9b074300e23226efb9632565279943358bb15d522275d8bd077c768c563133b9,
0,0,w3w,zstd_10,4194304,4043530,,23.86079999996582,13.342300000658724,True,,9b074300e23226efb9632565279943358bb15d522275d8bd077c768c563133b9,
0,0,w3w,rans,4194304,4021276,,49.12270000022545,,True,,9b074300e23226efb9632565279943358bb15d522275d8bd077c768c563133b9,model-excluded; decode ~ encode speed class
0,0,w2w,lz4_fast,4194304,4194339,,3.0024000006960705,2.4735000006330665,True,,c013d9e37391314d6b8d9e7cadb4d0863aa39e249863c0694cd35e0c17a5e871,
0,0,w2w,zstd_1,4194304,4045421,,13.872600000468083,11.907800000699353,True,,c013d9e37391314d6b8d9e7cadb4d0863aa39e249863c0694cd35e0c17a5e871,
0,0,w2w,zstd_3,4194304,4062326,,26.678299998820876,13.04119999986142,True,,c013d9e37391314d6b8d9e7cadb4d0863aa39e249863c0694cd35e0c17a5e871,
0,0,w2w,nib_split_zstd3,4194304,4363531,,208.56110000022454,40.3504999994766,True,,c013d9e37391314d6b8d9e7cadb4d0863aa39e249863c0694cd35e0c17a5e871,
0,0,w2w,order0,4194304,,4023186.496010005,,,,,c013d9e37391314d6b8d9e7cadb4d0863aa39e249863c0694cd35e0c17a5e871,
0,0,w2w,order1,4194304,,3933239.2503337553,,,,,c013d9e37391314d6b8d9e7cadb4d0863aa39e249863c0694cd35e0c17a5e871,
0,0,w2w,zeros,4194304,,,,,,,c013d9e37391314d6b8d9e7cadb4d0863aa39e249863c0694cd35e0c17a5e871,"{""zero_frac"": 0.004328012466430664, ""longest_zero_run"": 2, ""distinct_bytes"": 256}"
0,0,w2w,lz4_hc,4194304,4194327,,285.602400001153,2.1067000016046222,True,,c013d9e37391314d6b8d9e7cadb4d0863aa39e249863c0694cd35e0c17a5e871,
0,0,w2w,zstd_10,4194304,4045420,,24.089500000627595,13.003800000660704,True,,c013d9e37391314d6b8d9e7cadb4d0863aa39e249863c0694cd35e0c17a5e871,
0,0,w2w,rans,4194304,4023189,,52.745999999388005,,True,,c013d9e37391314d6b8d9e7cadb4d0863aa39e249863c0694cd35e0c17a5e871,model-excluded; decode ~ encode speed class
0,0,w1s,lz4_fast,262144,129354,,0.8407000004808651,0.716900000043097,True,,e2e52dd1cf8e590514eec022f7115e5c1cf7c2305bbe8372f03b1af517b5871a,
0,0,w1s,zstd_1,262144,51656,,2.642899999045767,0.9339999996882398,True,,e2e52dd1cf8e590514eec022f7115e5c1cf7c2305bbe8372f03b1af517b5871a,
0,0,w1s,zstd_3,262144,49622,,1.4742999992449768,0.7277000004251022,True,,e2e52dd1cf8e590514eec022f7115e5c1cf7c2305bbe8372f03b1af517b5871a,
0,0,w1s,nib_split_zstd3,262144,49650,,1.5721999989182223,0.7043000005069189,True,,e2e52dd1cf8e590514eec022f7115e5c1cf7c2305bbe8372f03b1af517b5871a,
0,0,w1s,order0,262144,,32630.990535079603,,,,,e2e52dd1cf8e590514eec022f7115e5c1cf7c2305bbe8372f03b1af517b5871a,
0,0,w1s,order1,262144,,32608.501643357125,,,,,e2e52dd1cf8e590514eec022f7115e5c1cf7c2305bbe8372f03b1af517b5871a,
0,0,w1s,zeros,262144,,,,,,,e2e52dd1cf8e590514eec022f7115e5c1cf7c2305bbe8372f03b1af517b5871a,"{""zero_frac"": 0.0, ""longest_zero_run"": 0, ""distinct_bytes"": 4}"
0,0,w1s,lz4_hc,262144,49319,,2419.8316000001796,0.3586999991966877,True,,e2e52dd1cf8e590514eec022f7115e5c1cf7c2305bbe8372f03b1af517b5871a,
0,0,w1s,zstd_10,262144,43564,,51.991000000271015,0.9375999998155748,True,,e2e52dd1cf8e590514eec022f7115e5c1cf7c2305bbe8372f03b1af517b5871a,
0,0,w1s,rans,262144,32634,,2.8597999989870004,,True,,e2e52dd1cf8e590514eec022f7115e5c1cf7c2305bbe8372f03b1af517b5871a,model-excluded; decode ~ encode speed class
0,0,w3s,lz4_fast,262144,129268,,0.7586000010633143,0.4332999997131992,True,,0bb0ec2d1eeaab088ba595dadc674a2646326e156d51e8837b58e739cd0b972d,
0,0,w3s,zstd_1,262144,51734,,2.4023999994824408,1.4353000005939975,True,,0bb0ec2d1eeaab088ba595dadc674a2646326e156d51e8837b58e739cd0b972d,
0,0,w3s,zstd_3,262144,49573,,2.5200000000040745,1.1826999998447718,True,,0bb0ec2d1eeaab088ba595dadc674a2646326e156d51e8837b58e739cd0b972d,
0,0,w3s,nib_split_zstd3,262144,49728,,2.298900000823778,1.2075999984517694,True,,0bb0ec2d1eeaab088ba595dadc674a2646326e156d51e8837b58e739cd0b972d,
0,0,w3s,order0,262144,,32374.34568913005,,,,,0bb0ec2d1eeaab088ba595dadc674a2646326e156d51e8837b58e739cd0b972d,
0,0,w3s,order1,262144,,32357.27594630991,,,,,0bb0ec2d1eeaab088ba595dadc674a2646326e156d51e8837b58e739cd0b972d,
0,0,w3s,zeros,262144,,,,,,,0bb0ec2d1eeaab088ba595dadc674a2646326e156d51e8837b58e739cd0b972d,"{""zero_frac"": 0.0, ""longest_zero_run"": 0, ""distinct_bytes"": 4}"
0,0,w3s,lz4_hc,262144,49134,,2449.5575000000827,0.3312999997433508,True,,0bb0ec2d1eeaab088ba595dadc674a2646326e156d51e8837b58e739cd0b972d,
0,0,w3s,zstd_10,262144,43481,,45.45780000080413,0.97740000092017,True,,0bb0ec2d1eeaab088ba595dadc674a2646326e156d51e8837b58e739cd0b972d,
0,0,w3s,rans,262144,32378,,3.0917000003682915,,True,,0bb0ec2d1eeaab088ba595dadc674a2646326e156d51e8837b58e739cd0b972d,model-excluded; decode ~ encode speed class
0,0,w2s,lz4_fast,262144,130009,,0.8182999990822282,0.4275999999663327,True,,7c60715f1e31b4c2e64dfa01713c6293e7fa3af437e1d988be0a1b06cc01d579,
0,0,w2s,zstd_1,262144,51474,,1.7721000003803056,0.9127000012085773,True,,7c60715f1e31b4c2e64dfa01713c6293e7fa3af437e1d988be0a1b06cc01d579,
0,0,w2s,zstd_3,262144,49539,,1.4854999990348006,0.6585999999515479,True,,7c60715f1e31b4c2e64dfa01713c6293e7fa3af437e1d988be0a1b06cc01d579,
0,0,w2s,nib_split_zstd3,262144,49527,,1.800399999410729,0.678899999911664,True,,7c60715f1e31b4c2e64dfa01713c6293e7fa3af437e1d988be0a1b06cc01d579,
0,0,w2s,order0,262144,,32255.06685639761,,,,,7c60715f1e31b4c2e64dfa01713c6293e7fa3af437e1d988be0a1b06cc01d579,
0,0,w2s,order1,262144,,32254.967395100175,,,,,7c60715f1e31b4c2e64dfa01713c6293e7fa3af437e1d988be0a1b06cc01d579,
0,0,w2s,zeros,262144,,,,,,,7c60715f1e31b4c2e64dfa01713c6293e7fa3af437e1d988be0a1b06cc01d579,"{""zero_frac"": 0.0, ""longest_zero_run"": 0, ""distinct_bytes"": 4}"
0,0,w2s,lz4_hc,262144,49047,,2397.5809999992634,0.3536000003805384,True,,7c60715f1e31b4c2e64dfa01713c6293e7fa3af437e1d988be0a1b06cc01d579,
0,0,w2s,zstd_10,262144,43613,,46.44699999880686,0.8992999992187833,True,,7c60715f1e31b4c2e64dfa01713c6293e7fa3af437e1d988be0a1b06cc01d579,
0,0,w2s,rans,262144,32259,,2.627300000312971,,True,,7c60715f1e31b4c2e64dfa01713c6293e7fa3af437e1d988be0a1b06cc01d579,model-excluded; decode ~ encode speed class
0,0,whole,lz4_fast,13369344,12970753,,15.320300000894349,10.390000001279986,True,,01a20140af983deb07fc2f8884abd61ec8d0201f022208f31d4c32b9d18a8828,
0,0,whole,zstd_1,13369344,12283326,,48.41420000047947,36.549899999954505,True,,01a20140af983deb07fc2f8884abd61ec8d0201f022208f31d4c32b9d18a8828,
0,0,whole,zstd_3,13369344,12294739,,84.28459999959159,37.58899999957066,True,,01a20140af983deb07fc2f8884abd61ec8d0201f022208f31d4c32b9d18a8828,
0,0,whole,nib_split_zstd3,13369344,13255208,,610.8583000004728,105.80380000101286,True,,01a20140af983deb07fc2f8884abd61ec8d0201f022208f31d4c32b9d18a8828,
0,0,whole,order0,13369344,,12688732.753325015,,,,,01a20140af983deb07fc2f8884abd61ec8d0201f022208f31d4c32b9d18a8828,
0,0,whole,order1,13369344,,11917410.321051382,,,,,01a20140af983deb07fc2f8884abd61ec8d0201f022208f31d4c32b9d18a8828,
0,0,whole,zeros,13369344,,,,,,,01a20140af983deb07fc2f8884abd61ec8d0201f022208f31d4c32b9d18a8828,"{""zero_frac"": 0.0041410408767999386, ""longest_zero_run"": 3, ""distinct_bytes"": 256}"
0,0,whole,lz4_hc,13369344,12728114,,8659.511900001235,8.853799999997136,True,,01a20140af983deb07fc2f8884abd61ec8d0201f022208f31d4c32b9d18a8828,
0,0,whole,zstd_10,13369344,12262174,,155.29959999912535,36.25850000025821,True,,01a20140af983deb07fc2f8884abd61ec8d0201f022208f31d4c32b9d18a8828,
